surv_v2,junk_v2,surv_r2,junk_r2,surv_v6,junk_v6
0.9800348302027615,0.0,0.9800348302027615,0.0,0.9800348302027615,0.0
0.9699813780260708,0.0014842655877811426,0.9699813780260708,0.0014842655877811426,0.9699813780260708,0.0014842655877811426
0.970291146761735,0.00041160732661041366,0.970291146761735,0.00041160732661041366,0.970291146761735,0.00041160732661041366
0.8780920819031838,0.0025723824640140115,0.8780920819031838,0.0025723824640140115,0.8780920819031838,0.0025723824640140115
0.7844794467921629,0.0,0.7844794467921629,0.0,0.7844794467921629,0.0
0.9682800454947554,0.0017609250726381591,0.9682800454947554,0.0017609250726381591,0.9682800454947554,0.0017609250726381591
0.9808230123851378,0.0,0.9808230123851378,0.0,0.9808230123851378,0.0
0.9539045553145337,0.00011918951132300358,0.9539045553145337,0.00011918951132300358,0.9539045553145337,0.00011918951132300358
0.9601602023608768,0.0004409619755096503,0.9601602023608768,0.0004409619755096503,0.9601602023608768,0.0004409619755096503
0.96203132415757,9.587268107952639e-05,0.96203132415757,9.587268107952639e-05,0.96203132415757,9.587268107952639e-05
0.755056179775281,0.0,0.755056179775281,0.0,0.755056179775281,0.0
0.9685195178989027,0.0004246413297339925,0.9685195178989027,0.0004246413297339925,0.9685195178989027,0.0004246413297339925
0.9617762208942922,0.0,0.9617762208942922,0.0,0.9617762208942922,0.0
0.9455081001472754,0.00438382854359474,0.9455081001472754,0.00438382854359474,0.9455081001472754,0.00438382854359474
0.8772087067861716,0.005009087282237688,0.8772087067861716,0.005009087282237688,0.8772087067861716,0.005009087282237688
0.9660223048327138,3.244646333549643e-05,0.9660223048327138,3.244646333549643e-05,0.9660223048327138,3.244646333549643e-05
0.7733333333333333,0.004216073781291172,0.7733333333333333,0.004216073781291172,0.7733333333333333,0.004216073781291172
0.9633658614621661,5.3332385202040855e-05,0.9633658614621661,5.3332385202040855e-05,0.9633658614621661,5.3332385202040855e-05
0.964504738896116,0.0013313046785850132,0.964504738896116,0.0013313046785850132,0.964504738896116,0.0013313046785850132
0.9593938502280418,0.0001987500828125345,0.9593938502280418,0.0001987500828125345,0.9593938502280418,0.0001987500828125345
0.8119861531804413,0.00023344227306076168,0.8119861531804413,0.00023344227306076168,0.8119861531804413,0.00023344227306076168
0.9567809239940388,0.001309090909090909,0.9567809239940388,0.001309090909090909,0.9567809239940388,0.001309090909090909
0.7358490566037735,0.0,0.7358490566037735,0.0,0.7358490566037735,0.0
0.9505368098159509,0.0013403368954899475,0.9505368098159509,0.0013403368954899475,0.9505368098159509,0.0013403368954899475
0.8371936891574354,0.0008883848407522919,0.8371936891574354,0.0008883848407522919,0.8371936891574354,0.0008883848407522919
0.8623152709359606,0.0,0.8623152709359606,0.0,0.8623152709359606,0.0
0.9680974477958236,0.002410586904117676,0.9680974477958236,0.002410586904117676,0.9680974477958236,0.002410586904117676
0.8848605577689242,0.0018523456027841317,0.8848605577689242,0.0018523456027841317,0.8848605577689242,0.0018523456027841317
0.9574651118333015,0.00010252804874476375,0.9574651118333015,0.00010252804874476375,0.9574651118333015,0.00010252804874476375
0.9799420548250501,0.0,0.9799420548250501,0.0,0.9799420548250501,0.0
0.9716268120431173,0.00011269129347066645,0.9716268120431173,0.00011269129347066645,0.9716268120431173,0.00011269129347066645
0.9623407790289829,0.0005991868178900064,0.9623407790289829,0.0005991868178900064,0.9623407790289829,0.0005991868178900064
0.9679910578193273,0.001958245670820521,0.9679910578193273,0.001958245670820521,0.9679910578193273,0.001958245670820521
0.8643993321029968,0.0028247118967160557,0.8643993321029968,0.0028247118967160557,0.8643993321029968,0.0028247118967160557
0.9688677374578624,0.0,0.9688677374578624,0.0,0.9688677374578624,0.0
0.9721434528773978,0.00024824794240647734,0.9721434528773978,0.00024824794240647734,0.9721434528773978,0.00024824794240647734
0.9740008297607523,0.00047012565176510814,0.9740008297607523,0.00047012565176510814,0.9740008297607523,0.00047012565176510814
0.0,1.0,0.0,1.0,0.0,1.0
0.8323920568409546,0.0006728552738147156,0.8323920568409546,0.0006728552738147156,0.8323920568409546,0.0006728552738147156
0.9719781524578485,0.002008284172210368,0.9719781524578485,0.002008284172210368,0.9719781524578485,0.002008284172210368
0.9527642448633764,0.0,0.9527642448633764,0.0,0.9527642448633764,0.0
0.9709685932963843,0.0,0.9709685932963843,0.0,0.9709685932963843,0.0
0.7612612612612613,0.0008613264427217916,0.7612612612612613,0.0008613264427217916,0.7612612612612613,0.0008613264427217916
0.6946058091286307,0.0004795013186286262,0.6946058091286307,0.0004795013186286262,0.6946058091286307,0.0004795013186286262
0.5131378406389075,0.0,0.5131378406389075,0.0,0.5131378406389075,0.0
0.9733111990805772,0.0006324689590892447,0.9733111990805772,0.0006324689590892447,0.9733111990805772,0.0006324689590892447
0.9565792149684768,0.0010110055172015367,0.9565792149684768,0.0010110055172015367,0.9565792149684768,0.0010110055172015367
0.9610461880912632,0.003785133285012483,0.9610461880912632,0.003785133285012483,0.9610461880912632,0.003785133285012483
0.9640344018764659,0.0019496344435418359,0.9640344018764659,0.0019496344435418359,0.9640344018764659,0.0019496344435418359
0.9568397074691284,0.0018010175749298353,0.9568397074691284,0.0018010175749298353,0.9568397074691284,0.0018010175749298353
0.9664486778504408,0.0012510198531411477,0.9664486778504408,0.0012510198531411477,0.9664486778504408,0.0012510198531411477
0.975854383358098,0.0006122948812147931,0.975854383358098,0.0006122948812147931,0.975854383358098,0.0006122948812147931
0.983321017629051,0.0,0.983321017629051,0.0,0.983321017629051,0.0
0.855707870479792,0.007136727042775193,0.855707870479792,0.007136727042775193,0.855707870479792,0.007136727042775193
0.9656488549618321,0.00020707149143241705,0.9656488549618321,0.00020707149143241705,0.9656488549618321,0.00020707149143241705
0.8718680913780398,0.0,0.8718680913780398,0.0,0.8718680913780398,0.0
0.0,1.0,0.0,1.0,0.0,1.0
0.9583092902481246,0.0015565374573207472,0.9583092902481246,0.0015565374573207472,0.9583092902481246,0.0015565374573207472
0.9692423105776444,0.003111299674727761,0.9692423105776444,0.003111299674727761,0.9692423105776444,0.003111299674727761
0.9685714285714285,0.0,0.9685714285714285,0.0,0.9685714285714285,0.0
0.9751671442215855,0.0009699321047526673,0.9751671442215855,0.0009699321047526673,0.9751671442215855,0.0009699321047526673
0.9692982456140351,0.000970638194612958,0.9692982456140351,0.000970638194612958,0.9692982456140351,0.000970638194612958
0.9660198437088419,0.0004689539791378851,0.9660198437088419,0.0004689539791378851,0.9660198437088419,0.0004689539791378851
0.9786371433026665,0.0,0.9786371433026665,0.0,0.9786371433026665,0.0
0.9688022284122563,0.0,0.9688022284122563,0.0,0.9688022284122563,0.0
0.9774543564420766,0.0,0.9774543564420766,0.0,0.9774543564420766,0.0
0.9694501018329938,0.00018278194114421494,0.9694501018329938,0.00018278194114421494,0.9694501018329938,0.00018278194114421494
0.9724763817600238,0.0014546610273085104,0.9724763817600238,0.0014546610273085104,0.9724763817600238,0.0014546610273085104
0.960955710955711,0.0,0.960955710955711,0.0,0.960955710955711,0.0
0.9525159461374911,0.006596649596389202,0.9525159461374911,0.006596649596389202,0.9525159461374911,0.006596649596389202
0.9438502673796791,0.007667379747103552,0.9438502673796791,0.007667379747103552,0.9438502673796791,0.007667379747103552
0.968842105263158,0.00039648212226066896,0.968842105263158,0.00039648212226066896,0.968842105263158,0.00039648212226066896
0.969718817591925,0.0008613264427217916,0.969718817591925,0.0008613264427217916,0.969718817591925,0.0008613264427217916
0.9684684684684685,0.0,0.9684684684684685,0.0,0.9684684684684685,0.0
0.9762972453555413,0.00016215339711366953,0.9762972453555413,0.00016215339711366953,0.9762972453555413,0.00016215339711366953
0.8352769679300291,0.001278118609406953,0.8352769679300291,0.001278118609406953,0.8352769679300291,0.001278118609406953
0.9545631067961166,0.00035588595832179997,0.9545631067961166,0.00035588595832179997,0.9545631067961166,0.00035588595832179997
0.9651554147693526,0.0010383879027809327,0.9651554147693526,0.0010383879027809327,0.9651554147693526,0.0010383879027809327
0.6874089490114464,0.0,0.6874089490114464,0.0,0.6874089490114464,0.0
0.9509803921568627,0.003525179856115108,0.9509803921568627,0.003525179856115108,0.9509803921568627,0.003525179856115108
0.9664573032206334,0.0022683005005054366,0.9664573032206334,0.0022683005005054366,0.9664573032206334,0.0022683005005054366
0.8366512135260431,0.0005357262438893725,0.8366512135260431,0.0005357262438893725,0.8366512135260431,0.0005357262438893725
0.9798756435113993,0.0,0.9798756435113993,0.0,0.9798756435113993,0.0
0.8870825658685032,0.0019026231246686005,0.8870825658685032,0.0019026231246686005,0.8870825658685032,0.0019026231246686005
0.9582180409518539,0.001931220624505561,0.9582180409518539,0.001931220624505561,0.9582180409518539,0.001931220624505561
0.9641626464507237,0.0016816412818911257,0.9641626464507237,0.0016816412818911257,0.9641626464507237,0.0016816412818911257
0.9625212947189097,0.0013599568267674042,0.9625212947189097,0.0013599568267674042,0.9625212947189097,0.0013599568267674042
0.9052964163964413,0.00663680409543834,0.9052964163964413,0.00663680409543834,0.9052964163964413,0.00663680409543834
0.9717851329354313,0.0016324848638539322,0.9717851329354313,0.0016324848638539322,0.9717851329354313,0.0016324848638539322
0.805019305019305,0.002313624678663239,0.805019305019305,0.002313624678663239,0.805019305019305,0.002313624678663239
0.8197831978319783,0.0,0.8197831978319783,0.0,0.8197831978319783,0.0
0.9689419795221843,0.001694915254237288,0.9689419795221843,0.001694915254237288,0.9689419795221843,0.001694915254237288
0.933134328358209,0.0008185911137386875,0.933134328358209,0.0008185911137386875,0.933134328358209,0.0008185911137386875
0.9697592483852026,0.0024439207471414854,0.9697592483852026,0.0024439207471414854,0.9697592483852026,0.0024439207471414854
0.9015323496027242,0.050675878642234905,0.9015323496027242,0.050675878642234905,0.9015323496027242,0.050675878642234905
0.963819095477387,0.0,0.963819095477387,0.0,0.963819095477387,0.0
0.8204709274387314,0.0,0.8204709274387314,0.0,0.8204709274387314,0.0
0.9640262884814943,8.467759007578644e-05,0.9640262884814943,8.467759007578644e-05,0.9640262884814943,8.467759007578644e-05
0.911717693348088,0.016118086189345095,0.911717693348088,0.016118086189345095,0.911717693348088,0.016118086189345095
0.9659567602452404,4.1142104830083104e-05,0.9659567602452404,4.1142104830083104e-05,0.9659567602452404,4.1142104830083104e-05
0.9548286604361371,0.0016485328058028356,0.9548286604361371,0.0016485328058028356,0.9548286604361371,0.0016485328058028356
0.9749283140945518,0.007466401194624191,0.9749283140945518,0.007466401194624191,0.9749283140945518,0.007466401194624191
0.9674591131343787,0.0005691860639285821,0.9674591131343787,0.0005691860639285821,0.9674591131343787,0.0005691860639285821
0.6457050718264439,0.0,0.6457050718264439,0.0,0.6457050718264439,0.0
0.9326315789473684,0.0022955523672883787,0.9326315789473684,0.0022955523672883787,0.9326315789473684,0.0022955523672883787
0.9598796389167502,0.0047375299499019825,0.9598796389167502,0.0047375299499019825,0.9598796389167502,0.0047375299499019825
0.9293702770780856,0.002492019359489239,0.9293702770780856,0.002492019359489239,0.9293702770780856,0.002492019359489239
0.9477160154100165,0.0010290114850959305,0.9477160154100165,0.0010290114850959305,0.9477160154100165,0.0010290114850959305
0.9575415168635507,3.6423238025860496e-05,0.9575415168635507,3.6423238025860496e-05,0.9575415168635507,3.6423238025860496e-05
0.963623395149786,0.0009354536950420954,0.963623395149786,0.0009354536950420954,0.963623395149786,0.0009354536950420954
0.8006872852233677,0.0028200789622109417,0.8006872852233677,0.0028200789622109417,0.8006872852233677,0.0028200789622109417
0.9581070597362297,0.0,0.9581070597362297,0.0,0.9581070597362297,0.0
0.8416747809152872,0.0009060448577680525,0.8416747809152872,0.0009060448577680525,0.8416747809152872,0.0009060448577680525
0.9725201072386059,9.545628102329134e-05,0.9725201072386059,9.545628102329134e-05,0.9725201072386059,9.545628102329134e-05
0.9661485319516407,0.00306771417882529,0.9661485319516407,0.00306771417882529,0.9661485319516407,0.00306771417882529
0.9650720304430552,0.0006411430664956952,0.9650720304430552,0.0006411430664956952,0.9650720304430552,0.0006411430664956952
0.6982315443142093,0.0,0.6982315443142093,0.0,0.6982315443142093,0.0
0.7027027027027027,0.00029533372711163615,0.7027027027027027,0.00029533372711163615,0.7027027027027027,0.00029533372711163615
0.945064761054042,0.0033952654908988023,0.945064761054042,0.0033952654908988023,0.945064761054042,0.0033952654908988023
0.9611438183347351,0.0007425500732779678,0.9611438183347351,0.0007425500732779678,0.9611438183347351,0.0007425500732779678
0.9610927152317881,0.0006538389688025406,0.9610927152317881,0.0006538389688025406,0.9610927152317881,0.0006538389688025406
0.9651283830673144,0.00039230044983784915,0.9651283830673144,0.00039230044983784915,0.9651283830673144,0.00039230044983784915
0.969178609955309,0.0002838741727729184,0.969178609955309,0.0002838741727729184,0.969178609955309,0.0002838741727729184
0.940923076923077,0.0017922752934850794,0.940923076923077,0.0017922752934850794,0.940923076923077,0.0017922752934850794
0.7186400937866354,0.0015787811809283233,0.7186400937866354,0.0015787811809283233,0.7186400937866354,0.0015787811809283233
0.7814220732583194,0.0,0.7814220732583194,0.0,0.7814220732583194,0.0
0.7774205515024113,0.0,0.7774205515024113,0.0,0.7774205515024113,0.0
0.9579929988331388,0.0017675302062997943,0.9579929988331388,0.0017675302062997943,0.9579929988331388,0.0017675302062997943
0.9616342800199302,0.0005927682276229994,0.9616342800199302,0.0005927682276229994,0.9616342800199302,0.0005927682276229994
0.969147005444646,0.002184598580010923,0.969147005444646,0.002184598580010923,0.969147005444646,0.002184598580010923
0.7659203980099503,0.0,0.7659203980099503,0.0,0.7659203980099503,0.0
0.9595307917888563,0.0007023293924850755,0.9595307917888563,0.0007023293924850755,0.9595307917888563,0.0007023293924850755
0.9775621588841722,0.0010250402694391566,0.9775621588841722,0.0010250402694391566,0.9775621588841722,0.0010250402694391566
0.8420214882610426,0.0005652010086664154,0.8420214882610426,0.0005652010086664154,0.8420214882610426,0.0005652010086664154
0.9625382262996942,0.0,0.9625382262996942,0.0,0.9625382262996942,0.0
0.9590656799259945,0.00024500196001568013,0.9590656799259945,0.00024500196001568013,0.9590656799259945,0.00024500196001568013
0.9664922946415948,0.0012621263116214612,0.9664922946415948,0.0012621263116214612,0.9664922946415948,0.0012621263116214612
0.9610143631293734,0.012081508425506643,0.9349713263534487,0.0002041422314601737,0.9349713263534487,0.0002041422314601737
0.9749687108886108,0.03447650154236981,0.9224030037546934,0.017782616585011794,0.9224030037546934,0.017782616585011794
0.970353982300885,0.0064018384766907415,0.970353982300885,0.0064018384766907415,0.970353982300885,0.0064018384766907415
0.9635620003718163,8.627879554801415e-05,0.9635620003718163,8.627879554801415e-05,0.9635620003718163,8.627879554801415e-05
0.9647672119360058,0.0015102532033886306,0.9647672119360058,0.0015102532033886306,0.9647672119360058,0.0015102532033886306
0.9712426035502959,0.0009765625,0.9712426035502959,0.0009765625,0.9712426035502959,0.0009765625
0.965142598460842,0.0019758083947761552,0.965142598460842,0.0019758083947761552,0.965142598460842,0.0019758083947761552
0.9774625995725665,0.000278473962684489,0.9774625995725665,0.000278473962684489,0.9774625995725665,0.000278473962684489
0.9725822532402791,0.0,0.9725822532402791,0.0,0.9725822532402791,0.0
0.6953807740324595,0.0,0.6953807740324595,0.0,0.6953807740324595,0.0
0.8365506043658668,0.0010458083802796058,0.8365506043658668,0.0010458083802796058,0.8365506043658668,0.0010458083802796058
0.9687316787179988,0.006297754109747627,0.9687316787179988,0.006297754109747627,0.9687316787179988,0.006297754109747627
0.9750785810507409,0.006565072453908429,0.9750785810507409,0.006565072453908429,0.9750785810507409,0.006565072453908429
0.9625818521983162,0.0,0.9625818521983162,0.0,0.9625818521983162,0.0
0.779896013864818,0.0,0.779896013864818,0.0,0.779896013864818,0.0
0.7799511002444988,0.0,0.7799511002444988,0.0,0.7799511002444988,0.0
0.9588414634146342,0.0,0.9588414634146342,0.0,0.9588414634146342,0.0
0.893565467109396,0.0003782420749279539,0.893565467109396,0.0003782420749279539,0.893565467109396,0.0003782420749279539
0.9700689423238608,0.0,0.9700689423238608,0.0,0.9700689423238608,0.0
0.9564032697547684,0.0019924728802302415,0.9564032697547684,0.0019924728802302415,0.9564032697547684,0.0019924728802302415
0.856605222734255,0.0,0.856605222734255,0.0,0.856605222734255,0.0
0.4208765315739868,0.0,0.4208765315739868,0.0,0.4208765315739868,0.0
0.95436741088915,0.003697976198480468,0.95436741088915,0.003697976198480468,0.95436741088915,0.003697976198480468
0.90762803651555,0.001367503152361163,0.90762803651555,0.001367503152361163,0.90762803651555,0.001367503152361163
0.976497346474602,0.0,0.976497346474602,0.0,0.976497346474602,0.0
0.9617918313570487,0.0013895321908290875,0.9617918313570487,0.0013895321908290875,0.9617918313570487,0.0013895321908290875
0.9503948667324777,0.0,0.9503948667324777,0.0,0.9503948667324777,0.0
0.23359273670557718,0.0006012253545320939,0.23359273670557718,0.0006012253545320939,0.2191958495460441,0.0005153360181703663
0.9630872483221476,0.0014534883720930232,0.9630872483221476,0.0014534883720930232,0.9630872483221476,0.0014534883720930232
0.9769381107491857,0.00103799890094234,0.9769381107491857,0.00103799890094234,0.9769381107491857,0.00103799890094234
0.9580142593081595,0.0020280627284518333,0.9580142593081595,0.0020280627284518333,0.9580142593081595,0.0020280627284518333
0.9617834394904459,4.5080073480519773e-05,0.9617834394904459,4.5080073480519773e-05,0.9617834394904459,4.5080073480519773e-05
0.9756975697569757,0.0,0.9756975697569757,0.0,0.9756975697569757,0.0
0.9672096013716245,0.0018190262404210852,0.9672096013716245,0.0018190262404210852,0.9672096013716245,0.0018190262404210852
0.9651686280704526,0.0015574847298779745,0.9651686280704526,0.0015574847298779745,0.9651686280704526,0.0015574847298779745
0.6597785977859778,0.0,0.6597785977859778,0.0,0.6597785977859778,0.0
0.9637799330529568,2.520066025729874e-05,0.9637799330529568,2.520066025729874e-05,0.9637799330529568,2.520066025729874e-05
0.967170626349892,0.0011364854722847647,0.967170626349892,0.0011364854722847647,0.967170626349892,0.0011364854722847647
0.946923076923077,0.0008328128253175099,0.946923076923077,0.0008328128253175099,0.946923076923077,0.0008328128253175099
0.9743950039032007,0.00035874439461883406,0.9743950039032007,0.00035874439461883406,0.9743950039032007,0.00035874439461883406
0.9531645569620253,0.0004989190088142358,0.9531645569620253,0.0004989190088142358,0.9531645569620253,0.0004989190088142358
0.8461538461538461,0.0,0.8461538461538461,0.0,0.8461538461538461,0.0
0.9669934640522876,0.0014099616858237547,0.9669934640522876,0.0014099616858237547,0.9669934640522876,0.0014099616858237547
0.9678312458800263,0.0009764072753695589,0.9678312458800263,0.0009764072753695589,0.9678312458800263,0.0009764072753695589
0.9717868338557993,0.0027839643652561247,0.9717868338557993,0.0027839643652561247,0.9717868338557993,0.0027839643652561247
0.9674324665488513,0.00010834823121512542,0.9674324665488513,0.00010834823121512542,0.9674324665488513,0.00010834823121512542
0.968639638367001,0.0007377943157759672,0.968639638367001,0.0007377943157759672,0.968639638367001,0.0007377943157759672
0.9775564241583659,0.0004020850984390482,0.9775564241583659,0.0004020850984390482,0.9775564241583659,0.0004020850984390482
0.9738500315059861,0.0017381738173817382,0.9738500315059861,0.0017381738173817382,0.9738500315059861,0.0017381738173817382
0.9685681024447031,0.0006116207951070336,0.9685681024447031,0.0006116207951070336,0.9685681024447031,0.0006116207951070336
0.9665236051502146,0.00018793459875963165,0.9665236051502146,0.00018793459875963165,0.9665236051502146,0.00018793459875963165
0.9644870349492672,0.002824717528247175,0.9644870349492672,0.002824717528247175,0.9644870349492672,0.002824717528247175
0.9639591178052717,0.00011821728336682824,0.9639591178052717,0.00011821728336682824,0.9639591178052717,0.00011821728336682824
0.9664943519050354,3.1266610386767973e-05,0.9664943519050354,3.1266610386767973e-05,0.9664943519050354,3.1266610386767973e-05
0.9793228678537957,0.0,0.9793228678537957,0.0,0.9793228678537957,0.0
0.980604921394395,0.0,0.980604921394395,0.0,0.980604921394395,0.0
0.8705590502347834,4.100629446620056e-05,0.8705590502347834,4.100629446620056e-05,0.8705590502347834,4.100629446620056e-05
0.7649865791828213,0.0,0.7649865791828213,0.0,0.7649865791828213,0.0
0.9685589519650655,0.0024479804161566705,0.9685589519650655,0.0024479804161566705,0.9685589519650655,0.0024479804161566705
0.9567459657294959,0.0,0.9567459657294959,0.0,0.9567459657294959,0.0
0.8368292369064471,0.002563354451483828,0.8368292369064471,0.002563354451483828,0.8368292369064471,0.002563354451483828
0.9553928095872171,0.0014056789429294349,0.9553928095872171,0.0014056789429294349,0.9553928095872171,0.0014056789429294349
0.7166123778501629,0.0023645743766122097,0.7166123778501629,0.0023645743766122097,0.7166123778501629,0.0023645743766122097
0.9584741670690488,5.5561729081009004e-05,0.9584741670690488,5.5561729081009004e-05,0.9584741670690488,5.5561729081009004e-05
0.9642512077294686,3.797228023542814e-05,0.9642512077294686,3.797228023542814e-05,0.9642512077294686,3.797228023542814e-05
0.9616208202931972,0.0026494643474254116,0.9616208202931972,0.0026494643474254116,0.9616208202931972,0.0026494643474254116
0.9519890260631001,0.005487305487305487,0.9519890260631001,0.005487305487305487,0.9519890260631001,0.005487305487305487
0.947249434815373,0.001218439044202261,0.947249434815373,0.001218439044202261,0.947249434815373,0.001218439044202261
0.9795062603354595,0.001128707369590887,0.9795062603354595,0.001128707369590887,0.9795062603354595,0.001128707369590887
0.9808128973660308,0.0,0.9808128973660308,0.0,0.9808128973660308,0.0
0.9611439842209073,0.000582495995340032,0.9611439842209073,0.000582495995340032,0.9611439842209073,0.000582495995340032
0.9617414248021108,0.0022939641383954877,0.9617414248021108,0.0022939641383954877,0.9617414248021108,0.0022939641383954877
0.6545437993582012,0.0,0.6545437993582012,0.0,0.6545437993582012,0.0
0.9643828167482328,0.0006028163580246913,0.9643828167482328,0.0006028163580246913,0.9643828167482328,0.0006028163580246913
0.8386382507611403,0.001692513037854499,0.8386382507611403,0.001692513037854499,0.8386382507611403,0.001692513037854499
0.9679178697465511,0.0,0.9679178697465511,0.0,0.9679178697465511,0.0
0.7238961813842482,0.0,0.7238961813842482,0.0,0.7238961813842482,0.0
0.957847295864263,0.0016246718017900402,0.957847295864263,0.0016246718017900402,0.957847295864263,0.0016246718017900402
0.9649046793760832,0.0015858332232060262,0.9649046793760832,0.0015858332232060262,0.9649046793760832,0.0015858332232060262
0.9575649228453142,0.0,0.9575649228453142,0.0,0.9575649228453142,0.0
0.9566982408660352,0.0023418036870951667,0.9566982408660352,0.0023418036870951667,0.9566982408660352,0.0023418036870951667
0.8400844930417495,0.0015326248084218989,0.8400844930417495,0.0015326248084218989,0.8400844930417495,0.0015326248084218989
0.8622530699412707,7.331915829606276e-05,0.8622530699412707,7.331915829606276e-05,0.8622530699412707,7.331915829606276e-05
0.9712741149035404,0.0,0.9712741149035404,0.0,0.9712741149035404,0.0
0.9607935758148323,0.0005994604855629933,0.9607935758148323,0.0005994604855629933,0.9607935758148323,0.0005994604855629933
0.7413554633471646,0.0,0.7413554633471646,0.0,0.7413554633471646,0.0
0.9662807862636936,0.0005861470233684653,0.9662807862636936,0.0005861470233684653,0.9662807862636936,0.0005861470233684653
0.9779749158764148,0.0,0.9779749158764148,0.0,0.9779749158764148,0.0
0.842415664071715,0.0,0.842415664071715,0.0,0.842415664071715,0.0
0.781160252728317,0.0,0.781160252728317,0.0,0.781160252728317,0.0
0.9642518939393939,0.00078870900788709,0.9642518939393939,0.00078870900788709,0.9642518939393939,0.00078870900788709
0.9695930839171263,0.0017624752986416478,0.9695930839171263,0.0017624752986416478,0.9695930839171263,0.0017624752986416478
0.6944243010232858,0.0,0.6944243010232858,0.0,0.6944243010232858,0.0
0.9635907093534212,0.00023859230539815092,0.9635907093534212,0.00023859230539815092,0.9635907093534212,0.00023859230539815092
0.9568207871608713,0.0027236879547949105,0.9568207871608713,0.0027236879547949105,0.9568207871608713,0.0027236879547949105
0.8621704803960926,0.004877816641682728,0.8621704803960926,0.004877816641682728,0.8621704803960926,0.004877816641682728
0.9682912507339988,0.0017528645496983227,0.9682912507339988,0.0017528645496983227,0.9682912507339988,0.0017528645496983227
0.7962888799893205,0.0,0.7962888799893205,0.0,0.7962888799893205,0.0
0.8771364076104482,0.01431736833134481,0.8771364076104482,0.01431736833134481,0.8771364076104482,0.01431736833134481
0.836329233680227,0.0,0.836329233680227,0.0,0.836329233680227,0.0
0.9627452477288343,0.0007255495470983687,0.9627452477288343,0.0007255495470983687,0.9627452477288343,0.0007255495470983687
0.9648516277729761,0.0020369039060627848,0.9648516277729761,0.0020369039060627848,0.9648516277729761,0.0020369039060627848
0.9724454649827784,0.0018923465096719932,0.9724454649827784,0.0018923465096719932,0.9724454649827784,0.0018923465096719932
0.8167569108007979,0.0003429208281538,0.8167569108007979,0.0003429208281538,0.8167569108007979,0.0003429208281538
0.7955217574989438,0.0,0.7955217574989438,0.0,0.7955217574989438,0.0
0.47607679804957337,0.0,0.47607679804957337,0.0,0.47607679804957337,0.0
0.7397540983606558,0.0,0.7397540983606558,0.0,0.7397540983606558,0.0
0.7872340425531915,0.0,0.7872340425531915,0.0,0.7872340425531915,0.0
0.7349537037037037,0.002346958732642284,0.7349537037037037,0.002346958732642284,0.7349537037037037,0.002346958732642284
0.8019047619047619,0.0,0.8019047619047619,0.0,0.8019047619047619,0.0
0.9579494216820231,0.0,0.9579494216820231,0.0,0.9579494216820231,0.0
0.9832770788585455,0.0006736640806658409,0.9832770788585455,0.0006736640806658409,0.9832770788585455,0.0006736640806658409
0.9626375305623472,0.0,0.9626375305623472,0.0,0.9626375305623472,0.0
0.9663961270112488,0.0009308549320766791,0.9663961270112488,0.0009308549320766791,0.9663961270112488,0.0009308549320766791
0.9707602339181286,0.001255380200860832,0.9707602339181286,0.001255380200860832,0.9707602339181286,0.001255380200860832
0.9556106354213609,0.001552259399793032,0.9556106354213609,0.001552259399793032,0.9556106354213609,0.001552259399793032
0.9677929547088425,0.0008090178523272747,0.9677929547088425,0.0008090178523272747,0.9677929547088425,0.0008090178523272747
0.8054245283018868,0.00048661800486618007,0.8054245283018868,0.00048661800486618007,0.8054245283018868,0.00048661800486618007
0.8685647425897036,0.0,0.8685647425897036,0.0,0.8685647425897036,0.0
0.9681592039800995,0.0036158391392539023,0.9681592039800995,0.0036158391392539023,0.9681592039800995,0.0036158391392539023
0.8338281448808211,0.0003686706245788892,0.8338281448808211,0.0003686706245788892,0.8338281448808211,0.0003686706245788892
0.7237827715355806,0.029356060606060608,0.7237827715355806,0.029356060606060608,0.7237827715355806,0.029356060606060608
0.9681857265692175,0.00032273680813296756,0.9681857265692175,0.00032273680813296756,0.9681857265692175,0.00032273680813296756
0.891976692066338,0.0,0.891976692066338,0.0,0.891976692066338,0.0
0.9732353349050062,0.0022280235855426027,0.9732353349050062,0.0022280235855426027,0.9732353349050062,0.0022280235855426027
0.8947041466066159,0.0009830425165888424,0.8947041466066159,0.0009830425165888424,0.8947041466066159,0.0009830425165888424
0.9661235914734803,0.0007313411770743786,0.9661235914734803,0.0007313411770743786,0.9661235914734803,0.0007313411770743786
0.6988694758478932,0.0,0.6988694758478932,0.0,0.6988694758478932,0.0
0.9653273809523809,0.002598051461403947,0.9653273809523809,0.002598051461403947,0.9653273809523809,0.002598051461403947
0.9606170003281916,0.0,0.9606170003281916,0.0,0.9606170003281916,0.0
0.7891143561539921,0.0,0.7891143561539921,0.0,0.7891143561539921,0.0
0.9633734939759037,0.002165982672138623,0.9633734939759037,0.002165982672138623,0.9633734939759037,0.002165982672138623
0.7504638218923934,0.0,0.7504638218923934,0.0,0.7504638218923934,0.0
0.0,1.0,0.0,1.0,0.0,1.0
0.9656862745098039,0.0024391993686778105,0.9656862745098039,0.0024391993686778105,0.9656862745098039,0.0024391993686778105
0.9782608695652174,0.0,0.9782608695652174,0.0,0.9782608695652174,0.0
0.9640517654577409,0.0009615384615384616,0.9640517654577409,0.0009615384615384616,0.9640517654577409,0.0009615384615384616
0.9658613445378151,0.0014369454644983235,0.9658613445378151,0.0014369454644983235,0.9658613445378151,0.0014369454644983235
0.8829047949965254,0.004800742419645566,0.8829047949965254,0.004800742419645566,0.8829047949965254,0.004800742419645566
0.9759219750076197,0.0011233086545825888,0.9759219750076197,0.0011233086545825888,0.9759219750076197,0.0011233086545825888
0.962946277733979,0.0,0.962946277733979,0.0,0.962946277733979,0.0
0.9627127452254125,0.0019653824678950308,0.9627127452254125,0.0019653824678950308,0.9627127452254125,0.0019653824678950308
0.9663564781675018,0.0008664009703690869,0.9663564781675018,0.0008664009703690869,0.9663564781675018,0.0008664009703690869
0.8671480144404332,0.0027799760556806883,0.8671480144404332,0.0027799760556806883,0.8671480144404332,0.0027799760556806883
0.9563624250499667,0.0006576639775517362,0.9563624250499667,0.0006576639775517362,0.9563624250499667,0.0006576639775517362
0.9582401193139448,0.00034053317766102355,0.9582401193139448,0.00034053317766102355,0.9582401193139448,0.00034053317766102355
0.6878228782287823,0.0,0.6878228782287823,0.0,0.6878228782287823,0.0
0.9562043795620438,0.010497066995986416,0.9562043795620438,0.010497066995986416,0.9562043795620438,0.010497066995986416
0.8678758703687784,0.0007452377490184673,0.8678758703687784,0.0007452377490184673,0.8678758703687784,0.0007452377490184673
0.9669476783085775,0.0017259930063660003,0.9669476783085775,0.0017259930063660003,0.9669476783085775,0.0017259930063660003
0.9661137863385054,0.0004072621267656957,0.9661137863385054,0.0004072621267656957,0.9661137863385054,0.0004072621267656957
0.6607387140902873,0.053402239448751075,0.6607387140902873,0.0,0.6607387140902873,0.0
0.9653555613441,0.003006012024048096,0.9653555613441,0.003006012024048096,0.9653555613441,0.003006012024048096
0.9573880162885399,0.010858694099157023,0.9573880162885399,0.0023753393341905986,0.9573880162885399,0.0023753393341905986
0.9608985024958403,5.180810278727593e-05,0.9608985024958403,5.180810278727593e-05,0.9608985024958403,5.180810278727593e-05
0.7664307381193124,0.0010986998718183483,0.7664307381193124,0.0010986998718183483,0.7664307381193124,0.0010986998718183483
0.8773874250662206,0.0,0.8773874250662206,0.0,0.8773874250662206,0.0
0.9788892119802268,0.0,0.9788892119802268,0.0,0.9788892119802268,0.0
0.9730941704035875,0.0021380574221136223,0.9730941704035875,0.0021380574221136223,0.9730941704035875,0.0021380574221136223
0.8819881794399768,0.00938805391671332,0.8819881794399768,0.00938805391671332,0.8819881794399768,0.00938805391671332
0.9587197128327849,0.0009275800467225505,0.9587197128327849,0.0009275800467225505,0.9587197128327849,0.0009275800467225505
0.7371565113500598,0.0008328128253175099,0.7371565113500598,0.0008328128253175099,0.7371565113500598,0.0008328128253175099
0.8689162881245944,0.0019797993355927654,0.8689162881245944,0.0019797993355927654,0.8689162881245944,0.0019797993355927654
0.7706514439220954,0.0,0.7706514439220954,0.0,0.7706514439220954,0.0
0.7608627939573275,0.0,0.7608627939573275,0.0,0.7608627939573275,0.0
0.9624900239425379,0.001070090957731407,0.9624900239425379,0.001070090957731407,0.9624900239425379,0.001070090957731407
0.9588135853696019,0.0,0.9588135853696019,0.0,0.9588135853696019,0.0
0.9758484609313338,0.0002668421895291125,0.9758484609313338,0.0002668421895291125,0.9758484609313338,0.0002668421895291125
0.8,0.0,0.8,0.0,0.8,0.0
0.958041958041958,0.0012724550898203593,0.958041958041958,0.0012724550898203593,0.958041958041958,0.0012724550898203593
0.8516193247071434,0.0,0.8516193247071434,0.0,0.8516193247071434,0.0
0.9547169811320755,0.0,0.9547169811320755,0.0,0.9547169811320755,0.0
0.9750434226163269,0.0,0.9750434226163269,0.0,0.9750434226163269,0.0
0.9814879497031086,0.00019664233217805963,0.9814879497031086,0.00019664233217805963,0.9814879497031086,0.00019664233217805963
0.9686780285582681,0.0013010053222945004,0.9686780285582681,0.0013010053222945004,0.9686780285582681,0.0013010053222945004
0.9621848739495799,0.0006229235880398671,0.9621848739495799,0.0006229235880398671,0.9621848739495799,0.0006229235880398671
0.0,1.0,0.0,1.0,0.0,1.0
0.9790123456790123,0.0007664513303405234,0.9790123456790123,0.0007664513303405234,0.9790123456790123,0.0007664513303405234
0.7534983853606028,0.0,0.7534983853606028,0.0,0.7534983853606028,0.0
0.9756915339480302,0.0016082341588935349,0.9756915339480302,0.0016082341588935349,0.9756915339480302,0.0016082341588935349
0.9690402476780186,0.0006298449612403101,0.9690402476780186,0.0006298449612403101,0.9690402476780186,0.0006298449612403101
0.9549092328713644,0.0,0.9549092328713644,0.0,0.9549092328713644,0.0
0.8142329020332717,0.0,0.8142329020332717,0.0,0.8142329020332717,0.0
0.9721601905612625,0.0005300870073846604,0.9721601905612625,0.0005300870073846604,0.9721601905612625,0.0005300870073846604
0.9608523290386521,0.00041841004184100416,0.9608523290386521,0.00041841004184100416,0.9608523290386521,0.00041841004184100416
0.9650524213679481,0.0011617400283980895,0.9650524213679481,0.0011617400283980895,0.9650524213679481,0.0011617400283980895
0.9536961819658814,0.0030714516650501133,0.9536961819658814,0.0030714516650501133,0.9536961819658814,0.0030714516650501133
0.6771947527749748,0.0,0.6771947527749748,0.0,0.6771947527749748,0.0
0.9706063214856722,0.00012883830792355595,0.9706063214856722,0.00012883830792355595,0.9706063214856722,0.00012883830792355595
0.9603913523749408,0.0,0.9603913523749408,0.0,0.9603913523749408,0.0
0.9648258881463243,0.002163174927610288,0.9648258881463243,0.002163174927610288,0.9648258881463243,0.002163174927610288
0.9778786820351613,0.0034481836892892464,0.9778786820351613,0.0034481836892892464,0.9778786820351613,0.0034481836892892464
0.9629522848493585,0.0008710402053821116,0.9629522848493585,0.0008710402053821116,0.9629522848493585,0.0008710402053821116
0.9683413626978665,0.0005463485703879075,0.9683413626978665,0.0005463485703879075,0.9683413626978665,0.0005463485703879075
0.8497282608695652,0.0007420232500618352,0.8497282608695652,0.0007420232500618352,0.8497282608695652,0.0007420232500618352
0.9791514470356841,0.0005428428261232671,0.9791514470356841,0.0005428428261232671,0.9791514470356841,0.0005428428261232671
0.976900525677315,0.0,0.976900525677315,0.0,0.976900525677315,0.0
0.8746831878344128,0.0019279282974752343,0.8746831878344128,0.0019279282974752343,0.8746831878344128,0.0019279282974752343
0.9580524344569289,0.0004289544235924933,0.9580524344569289,0.0004289544235924933,0.9580524344569289,0.0004289544235924933
0.9671717171717171,0.00039154267815191856,0.9671717171717171,0.00039154267815191856,0.9671717171717171,0.00039154267815191856
0.9623797704002482,0.0,0.9623797704002482,0.0,0.9623797704002482,0.0
0.6900726392251816,0.0,0.6900726392251816,0.0,0.6900726392251816,0.0
0.0,1.0,0.0,1.0,0.0,1.0
0.9800870446551004,0.0,0.9800870446551004,0.0,0.9800870446551004,0.0
0.9616390584132519,0.0,0.9616390584132519,0.0,0.9616390584132519,0.0
0.9717314487632509,0.0019074627369558244,0.9717314487632509,0.0019074627369558244,0.9717314487632509,0.0019074627369558244
0.974561403508772,0.0,0.974561403508772,0.0,0.974561403508772,0.0
0.9624309392265193,0.0011355511628885057,0.9624309392265193,0.0011355511628885057,0.9624309392265193,0.0011355511628885057
0.780786188908899,0.0,0.780786188908899,0.0,0.780786188908899,0.0
0.7039290384943424,0.0,0.7039290384943424,0.0,0.7039290384943424,0.0
0.9744847890088322,0.0002980435569369638,0.9744847890088322,0.0002980435569369638,0.9744847890088322,0.0002980435569369638
0.9523331660812845,0.0,0.9523331660812845,0.0,0.9523331660812845,0.0
0.97853468156821,0.0009658643214803141,0.97853468156821,0.0009658643214803141,0.97853468156821,0.0009658643214803141
0.9752053771471247,0.003399476709764901,0.9752053771471247,0.0,0.9752053771471247,0.0
0.9592443218000425,0.0003640538799742362,0.9592443218000425,0.0003640538799742362,0.9592443218000425,0.0003640538799742362
0.9625468164794008,0.0016165772650451908,0.9625468164794008,0.0016165772650451908,0.9625468164794008,0.0016165772650451908
0.9661330049261084,0.0024250715085188407,0.9661330049261084,0.0024250715085188407,0.9661330049261084,0.0024250715085188407
0.9748582696573823,0.0010529935101216315,0.9748582696573823,0.0010529935101216315,0.9748582696573823,0.0010529935101216315
0.7268464243845252,0.0,0.7268464243845252,0.0,0.7268464243845252,0.0
0.7706259297402449,0.0,0.7706259297402449,0.0,0.7706259297402449,0.0
0.8779490106544902,0.005405298770984988,0.8779490106544902,0.005405298770984988,0.8779490106544902,0.005405298770984988
0.9105546580506193,0.0,0.9105546580506193,0.0,0.9105546580506193,0.0
0.9606833415072749,0.0,0.9606833415072749,0.0,0.9606833415072749,0.0
0.9608027327070879,0.0,0.9608027327070879,0.0,0.9608027327070879,0.0
0.959044908285895,0.00123073767339299,0.959044908285895,0.00123073767339299,0.959044908285895,0.00123073767339299
0.9599061216506943,0.0030071775085818036,0.9599061216506943,0.0030071775085818036,0.9599061216506943,0.0030071775085818036
0.9803828601908374,0.0,0.9803828601908374,0.0,0.9803828601908374,0.0
0.9794145748284548,0.0,0.9794145748284548,0.0,0.9794145748284548,0.0
0.8789969236506013,0.0,0.8789969236506013,0.0,0.8789969236506013,0.0
0.9580524344569289,0.0017597028057483625,0.9580524344569289,0.0017597028057483625,0.9580524344569289,0.0017597028057483625
0.7640449438202247,0.0,0.7640449438202247,0.0,0.7640449438202247,0.0
0.960677038810053,0.00019113880500019114,0.960677038810053,0.00019113880500019114,0.960677038810053,0.00019113880500019114
0.9654759870107674,0.006645578032377256,0.9654759870107674,0.006645578032377256,0.9654759870107674,0.006645578032377256
0.9759914906549156,0.0007982438635002994,0.9759914906549156,0.0007982438635002994,0.9759914906549156,0.0007982438635002994
0.9555869428750785,0.0013231513685165583,0.9555869428750785,0.0013231513685165583,0.9555869428750785,0.0013231513685165583
0.9567936327458784,0.0011678522136107867,0.9567936327458784,0.0011678522136107867,0.9567936327458784,0.0011678522136107867
0.7838913282107574,0.0,0.7838913282107574,0.0,0.7838913282107574,0.0
0.9679987511707774,0.0009019116126619592,0.9679987511707774,0.0009019116126619592,0.9679987511707774,0.0009019116126619592
0.920190422850742,0.0008482963381874735,0.920190422850742,0.0008482963381874735,0.920190422850742,0.0008482963381874735
0.9692307692307692,0.0,0.9692307692307692,0.0,0.9692307692307692,0.0
0.9524142757172848,0.0005224114512590116,0.9524142757172848,0.0005224114512590116,0.9524142757172848,0.0005224114512590116
1.0,0.0,1.0,0.0,1.0,0.0
0.9778030734206034,0.000931098696461825,0.9778030734206034,0.000931098696461825,0.9778030734206034,0.000931098696461825
0.7784869976359338,0.0,0.7784869976359338,0.0,0.7784869976359338,0.0
0.9655913978494624,0.0009185713513805587,0.9655913978494624,0.0009185713513805587,0.9655913978494624,0.0009185713513805587
0.9553763944876723,0.0011103196882725102,0.9553763944876723,0.0011103196882725102,0.9553763944876723,0.0011103196882725102
0.9699584531799297,0.0006083566075823356,0.9699584531799297,0.0006083566075823356,0.9699584531799297,0.0006083566075823356
0.8265222386344986,0.0017768301350390902,0.8265222386344986,0.0017768301350390902,0.8265222386344986,0.0017768301350390902
0.9546183818473527,0.0007383045842002819,0.9546183818473527,0.0007383045842002819,0.9546183818473527,0.0007383045842002819
0.9686361363149246,0.0,0.9686361363149246,0.0,0.9686361363149246,0.0
0.9690310827735398,0.0006792876340116365,0.9690310827735398,0.0006792876340116365,0.9690310827735398,0.0006792876340116365
0.9642708766098879,0.0009808128486483174,0.9642708766098879,0.0009808128486483174,0.9642708766098879,0.0009808128486483174
0.885635289682041,0.0061580500168306835,0.885635289682041,0.0061580500168306835,0.885635289682041,0.0061580500168306835
0.8533201189296333,0.0011645749986299119,0.8533201189296333,0.0011645749986299119,0.8533201189296333,0.0011645749986299119
0.9557679484329851,2.079650618696059e-05,0.9557679484329851,2.079650618696059e-05,0.9557679484329851,2.079650618696059e-05
0.9759777753567926,0.0,0.9759777753567926,0.0,0.9759777753567926,0.0
0.9715511760966307,0.0033104970343464067,0.9715511760966307,0.0033104970343464067,0.9715511760966307,0.0033104970343464067
0.949814126394052,0.00032989062856852845,0.949814126394052,0.00032989062856852845,0.949814126394052,0.00032989062856852845
0.9724860792662955,0.0023401429384605653,0.9724860792662955,0.0023401429384605653,0.9724860792662955,0.0023401429384605653
0.9069905755329857,0.0,0.9069905755329857,0.0,0.9069905755329857,0.0
0.9618508026440038,0.0,0.9618508026440038,0.0,0.9618508026440038,0.0
0.9606817741623087,0.00026822595354326483,0.9606817741623087,0.00026822595354326483,0.9606817741623087,0.00026822595354326483
0.9714591509097396,0.0004191449443136003,0.9714591509097396,0.0004191449443136003,0.9714591509097396,0.0004191449443136003
0.9634024303073624,0.0007549587060465329,0.9634024303073624,0.0007549587060465329,0.9634024303073624,0.0007549587060465329
0.8226779252110977,0.0012594458438287153,0.8226779252110977,0.0012594458438287153,0.8226779252110977,0.0012594458438287153
0.8782827793390833,0.0005909001378766989,0.8782827793390833,0.0005909001378766989,0.8782827793390833,0.0005909001378766989
0.7317004662659401,0.0,0.7317004662659401,0.0,0.7317004662659401,0.0
0.9631708172571027,0.001415275748019383,0.9631708172571027,0.001415275748019383,0.9631708172571027,0.001415275748019383
0.7609841827768014,0.0017148456638902498,0.7609841827768014,0.0017148456638902498,0.7609841827768014,0.0017148456638902498
0.9642416769420469,0.0013924050632911392,0.9642416769420469,0.0013924050632911392,0.9642416769420469,0.0013924050632911392
0.6827040967319156,0.0,0.6827040967319156,0.0,0.6827040967319156,0.0
0.9653639846743295,0.0,0.9653639846743295,0.0,0.9653639846743295,0.0
0.969622641509434,0.0010471582292193255,0.969622641509434,0.0010471582292193255,0.969622641509434,0.0010471582292193255
0.9780180395436354,0.0,0.9780180395436354,0.0,0.9780180395436354,0.0
0.9637309847878303,0.0,0.9637309847878303,0.0,0.9637309847878303,0.0
0.9594511821634203,0.0033538424417903245,0.9594511821634203,0.0033538424417903245,0.9594511821634203,0.0033538424417903245
0.9630110317975341,0.0003290435799941503,0.9630110317975341,0.0003290435799941503,0.9630110317975341,0.0003290435799941503
0.9787806518681588,0.0,0.9787806518681588,0.0,0.9787806518681588,0.0
0.9666949255177425,0.00023198011599005798,0.9666949255177425,0.00023198011599005798,0.9666949255177425,0.00023198011599005798
0.9667123287671233,0.001742521677799444,0.9667123287671233,0.001742521677799444,0.9667123287671233,0.001742521677799444
0.9643250571985424,8.607439286812173e-05,0.9643250571985424,8.607439286812173e-05,0.9643250571985424,8.607439286812173e-05
0.9682271680736761,0.001820722361011136,0.9682271680736761,0.001820722361011136,0.9682271680736761,0.001820722361011136
0.9752130131680867,0.0010001276758735158,0.9752130131680867,0.0010001276758735158,0.9752130131680867,0.0010001276758735158
0.7673913043478261,0.0,0.7673913043478261,0.0,0.7673913043478261,0.0
0.978839428605299,0.001034928848641656,0.978839428605299,0.001034928848641656,0.978839428605299,0.001034928848641656
0.962420261479189,0.0,0.962420261479189,0.0,0.962420261479189,0.0
0.9638293264024258,0.0,0.9638293264024258,0.0,0.9638293264024258,0.0
0.9001080886326788,0.00157552137319126,0.9001080886326788,0.00157552137319126,0.9001080886326788,0.00157552137319126
0.9646491697911087,0.0002749707843541624,0.9646491697911087,0.0002749707843541624,0.9646491697911087,0.0002749707843541624
0.9603976270642938,0.0002244345052020712,0.9603976270642938,0.0002244345052020712,0.9603976270642938,0.0002244345052020712
0.672093023255814,0.0,0.672093023255814,0.0,0.672093023255814,0.0
0.9679570290794591,8.418748553027592e-05,0.9679570290794591,8.418748553027592e-05,0.9679570290794591,8.418748553027592e-05
0.9025405168637758,0.003175850440362767,0.9025405168637758,0.003175850440362767,0.9025405168637758,0.003175850440362767
0.9693654266958425,0.0,0.9693654266958425,0.0,0.9693654266958425,0.0
0.6341069877125481,0.0,0.6341069877125481,0.0,0.6341069877125481,0.0
0.9622431097658117,0.0004992433343214191,0.9622431097658117,0.0004992433343214191,0.9622431097658117,0.0004992433343214191
0.9517839922854388,0.00024744819053510673,0.9517839922854388,0.00024744819053510673,0.9517839922854388,0.00024744819053510673
0.9708056171470806,0.0017661354131343959,0.9708056171470806,0.0017661354131343959,0.9708056171470806,0.0017661354131343959
0.9664877601780337,0.0013966132129585754,0.9664877601780337,0.0013966132129585754,0.9664877601780337,0.0013966132129585754
0.9593940669051125,0.0012917955958782709,0.9593940669051125,0.0012917955958782709,0.9593940669051125,0.0012917955958782709
0.9608929170862706,0.0009645096183042492,0.9608929170862706,0.0009645096183042492,0.9608929170862706,0.0009645096183042492
0.9624530663329162,0.0008650777078423768,0.9624530663329162,0.0008650777078423768,0.9624530663329162,0.0008650777078423768
0.9795615731785945,0.0016925765798914544,0.9795615731785945,0.0016925765798914544,0.9795615731785945,0.0016925765798914544
0.945376137997125,0.0007174287354122824,0.945376137997125,0.0007174287354122824,0.945376137997125,0.0007174287354122824
0.9784743991640543,0.0,0.9784743991640543,0.0,0.9784743991640543,0.0
0.9767864090260666,3.851041706781684e-05,0.9767864090260666,3.851041706781684e-05,0.9767864090260666,3.851041706781684e-05
0.9605769230769231,2.2264276967605476e-05,0.9605769230769231,2.2264276967605476e-05,0.9605769230769231,2.2264276967605476e-05
0.6778063410454156,0.0,0.6778063410454156,0.0,0.6778063410454156,0.0
0.975282038281151,0.0016291306166479537,0.975282038281151,0.0016291306166479537,0.975282038281151,0.0016291306166479537
0.8550985509855099,0.000731633326790271,0.8550985509855099,0.000731633326790271,0.8550985509855099,0.000731633326790271
0.7432432432432432,0.002379333786539769,0.7432432432432432,0.002379333786539769,0.7432432432432432,0.002379333786539769
0.9727822580645161,0.0,0.9727822580645161,0.0,0.9727822580645161,0.0
0.7765830346475507,0.0,0.7765830346475507,0.0,0.7765830346475507,0.0
0.7486229688790966,0.0,0.7486229688790966,0.0,0.7486229688790966,0.0
0.952410967538607,0.0011576044397534984,0.952410967538607,0.0011576044397534984,0.952410967538607,0.0011576044397534984
0.9580896686159844,0.0018960940462646946,0.9580896686159844,0.0018960940462646946,0.9580896686159844,0.0018960940462646946
0.952054794520548,0.00043081164914699296,0.952054794520548,0.00043081164914699296,0.952054794520548,0.00043081164914699296
0.9696862883327458,0.001942847891200518,0.9696862883327458,0.001942847891200518,0.9696862883327458,0.001942847891200518
0.6646812782332274,0.0,0.6646812782332274,0.0,0.6646812782332274,0.0
0.9727435210008937,0.003406832592031797,0.9727435210008937,0.003406832592031797,0.9727435210008937,0.003406832592031797
0.8577494692144374,0.014705882352941176,0.8577494692144374,0.0014705882352941176,0.8577494692144374,0.0014705882352941176
0.9614277489925158,0.0015467334462694261,0.9614277489925158,0.0015467334462694261,0.9614277489925158,0.0015467334462694261
0.9764592067075137,0.000668535691179642,0.9764592067075137,0.000668535691179642,0.9764592067075137,0.000668535691179642
0.9788470216606499,0.007786578986698551,0.9788470216606499,0.007726797190255567,0.9788470216606499,0.007726797190255567
0.9753547423450336,0.0003568242640499554,0.9753547423450336,0.0003568242640499554,0.9753547423450336,0.0003568242640499554
0.8488252569750367,0.0009797613476836687,0.8488252569750367,0.0009797613476836687,0.8488252569750367,0.0009797613476836687
0.7531479538300105,0.0,0.7531479538300105,0.0,0.7531479538300105,0.0
0.9604682864245049,0.0,0.9604682864245049,0.0,0.9604682864245049,0.0
0.9729502688172043,0.0002945074363127669,0.9729502688172043,0.0002945074363127669,0.9729502688172043,0.0002945074363127669
0.9615456762333521,0.000696356787896053,0.9615456762333521,0.000696356787896053,0.9615456762333521,0.000696356787896053
0.9679613117727066,0.00183118072195274,0.9679613117727066,0.00183118072195274,0.9679613117727066,0.00183118072195274
0.8823003309185224,0.0013465486413103463,0.8823003309185224,0.0013465486413103463,0.8823003309185224,0.0013465486413103463
0.8734470414824174,0.009073208722741434,0.8734470414824174,0.009073208722741434,0.8734470414824174,0.009073208722741434
0.9534658264663112,7.908368371798758e-05,0.9534658264663112,7.908368371798758e-05,0.9534658264663112,7.908368371798758e-05
0.9599853157121879,0.0008849184610846572,0.9599853157121879,0.0008849184610846572,0.9599853157121879,0.0008849184610846572
0.7445652173913043,0.0,0.7445652173913043,0.0,0.7445652173913043,0.0
0.9642074506939372,0.0018117504960745406,0.9642074506939372,0.0018117504960745406,0.9642074506939372,0.0018117504960745406
0.9587510741907763,0.0005945727400290152,0.9587510741907763,0.0005945727400290152,0.9587510741907763,0.0005945727400290152
0.9635747564591275,9.847365829640571e-05,0.9635747564591275,9.847365829640571e-05,0.9635747564591275,9.847365829640571e-05
0.9799643042201623,0.0009502385292634682,0.9799643042201623,0.0009502385292634682,0.9799643042201623,0.0009502385292634682
0.731796437414361,0.0,0.731796437414361,0.0,0.731796437414361,0.0
0.7111292962356792,0.0,0.7111292962356792,0.0,0.7111292962356792,0.0
0.9643577673167452,5.988203239617952e-05,0.9643577673167452,5.988203239617952e-05,0.9643577673167452,5.988203239617952e-05
0.9658703071672355,0.00011632415664986428,0.9658703071672355,0.00011632415664986428,0.9658703071672355,0.00011632415664986428
0.9766530235775639,0.0,0.9766530235775639,0.0,0.9766530235775639,0.0
0.7921006944444444,0.0,0.7921006944444444,0.0,0.7921006944444444,0.0
0.9671980380134887,0.0011033375962285915,0.9671980380134887,0.0011033375962285915,0.9671980380134887,0.0011033375962285915
0.9479905437352246,0.0019589257503949448,0.9479905437352246,0.0019589257503949448,0.9479905437352246,0.0019589257503949448
0.8276888072109915,0.00010456832886739429,0.8276888072109915,0.00010456832886739429,0.8276888072109915,0.00010456832886739429
0.7088452922408526,0.0,0.7088452922408526,0.0,0.7088452922408526,0.0
0.8816600717769394,0.0025371081709109878,0.8816600717769394,0.0025371081709109878,0.8816600717769394,0.0025371081709109878
0.9672466734902764,0.0007574323044877864,0.9672466734902764,0.0007574323044877864,0.9672466734902764,0.0007574323044877864
0.9672059466550066,0.00026246719160104987,0.9672059466550066,0.00026246719160104987,0.9672059466550066,0.00026246719160104987
0.6967615309126595,0.0,0.6967615309126595,0.0,0.6967615309126595,0.0
0.885429542645241,0.000952626158599382,0.885429542645241,0.000952626158599382,0.885429542645241,0.000952626158599382
0.9615115465360392,0.00014531715469011118,0.9615115465360392,0.00014531715469011118,0.9615115465360392,0.00014531715469011118
0.9544513457556936,0.0009758294550367813,0.9544513457556936,0.0009758294550367813,0.9544513457556936,0.0009758294550367813
0.9540292049756626,0.0015840687938447613,0.9540292049756626,0.0015840687938447613,0.9540292049756626,0.0015840687938447613
0.9807503161444429,0.00024159330786537213,0.9807503161444429,0.00024159330786537213,0.9807503161444429,0.00024159330786537213
0.9660798626019751,0.0008117056498985368,0.9660798626019751,0.0008117056498985368,0.9660798626019751,0.0008117056498985368
0.7411851306588149,0.003067257031192025,0.7411851306588149,0.003067257031192025,0.7411851306588149,0.003067257031192025
0.7796610169491526,0.0,0.7796610169491526,0.0,0.7796610169491526,0.0
0.9793379604911906,0.0,0.9793379604911906,0.0,0.9793379604911906,0.0
0.9604743083003953,0.00027651043826904464,0.9604743083003953,0.00027651043826904464,0.9604743083003953,0.00027651043826904464
0.8405975539686449,0.0005659767141009055,0.8405975539686449,0.0005659767141009055,0.8405975539686449,0.0005659767141009055
0.6907730673316709,0.0002981514609421586,0.6907730673316709,0.0002981514609421586,0.6907730673316709,0.0002981514609421586
0.866100400839855,0.0018768899238816865,0.866100400839855,0.0018768899238816865,0.866100400839855,0.0018768899238816865
0.9718714121699197,0.002292434964616765,0.9718714121699197,0.002292434964616765,0.9718714121699197,0.002292434964616765
0.9711647727272728,0.0012748597654258032,0.9711647727272728,0.0012748597654258032,0.9711647727272728,0.0012748597654258032
0.9741261472368677,0.0,0.9741261472368677,0.0,0.9741261472368677,0.0
0.9543147208121827,0.009370778928410626,0.9543147208121827,0.009370778928410626,0.9543147208121827,0.009370778928410626
0.9584120982986768,0.0016575893914278948,0.9584120982986768,0.0016575893914278948,0.9584120982986768,0.0016575893914278948
0.8077955652779159,0.0,0.8077955652779159,0.0,0.8077955652779159,0.0
0.9603501094091904,0.0017776580701636254,0.9603501094091904,0.0017776580701636254,0.9603501094091904,0.0017776580701636254
0.9753691804757073,0.0005059350068106636,0.9753691804757073,0.0004086398131932283,0.9753691804757073,0.0004086398131932283
0.9618528610354223,0.004981024667931689,0.9618528610354223,0.004981024667931689,0.9618528610354223,0.004981024667931689
0.8639071176173649,0.0006535601363644392,0.8639071176173649,0.0006535601363644392,0.8639071176173649,0.0006535601363644392
0.964575704505652,0.0,0.964575704505652,0.0,0.964575704505652,0.0
0.9661678594664932,0.00299645272875493,0.9661678594664932,0.00299645272875493,0.9661678594664932,0.00299645272875493
0.9811693442191204,0.0005368616109311951,0.9811693442191204,0.0005368616109311951,0.9811693442191204,0.0005368616109311951
0.9686481452739407,0.00252125176743156,0.9686481452739407,0.00252125176743156,0.9686481452739407,0.00252125176743156
0.6435719784449576,0.00039154267815191856,0.6435719784449576,0.00039154267815191856,0.6435719784449576,0.00039154267815191856
0.841126806299724,0.00023469456179172534,0.841126806299724,0.00023469456179172534,0.841126806299724,0.00023469456179172534
0.959114139693356,0.001963177163474293,0.959114139693356,0.001963177163474293,0.959114139693356,0.001963177163474293
0.9602502280724619,0.020664673133493787,0.9602502280724619,0.020664673133493787,0.9602502280724619,0.020664673133493787
0.7430555555555556,0.0001893939393939394,0.7430555555555556,0.0001893939393939394,0.7430555555555556,0.0001893939393939394
0.9656262346898459,0.0005296142642775179,0.9656262346898459,0.0005296142642775179,0.9656262346898459,0.0005296142642775179
0.9645064453469893,0.0012993762993762994,0.9645064453469893,0.0012993762993762994,0.9645064453469893,0.0012993762993762994
0.6757990867579908,0.0,0.6757990867579908,0.0,0.6757990867579908,0.0
0.9601966381224231,3.9592984123213365e-05,0.9601966381224231,3.9592984123213365e-05,0.9601966381224231,3.9592984123213365e-05
0.9730876309160811,0.0005776822105972592,0.9730876309160811,0.0005776822105972592,0.9730876309160811,0.0005776822105972592
0.9685174585002863,0.00036231884057971015,0.9685174585002863,0.00036231884057971015,0.9685174585002863,0.00036231884057971015
0.9767319574076508,0.0010060767032878586,0.9767319574076508,0.0010060767032878586,0.9767319574076508,0.0010060767032878586
0.9650944167416006,0.0,0.9650944167416006,0.0,0.9650944167416006,0.0
0.9494764397905759,0.0007176409185803758,0.9494764397905759,0.0007176409185803758,0.9494764397905759,0.0007176409185803758
0.9608294930875576,0.0007572315614114796,0.9608294930875576,0.0007572315614114796,0.9608294930875576,0.0007572315614114796
0.9794117647058823,0.0014325963421040065,0.9794117647058823,0.0014325963421040065,0.9794117647058823,0.0014325963421040065
0.9797926083488434,0.0033286485686811157,0.9797926083488434,0.0,0.9797926083488434,0.0
0.9565827364690246,0.0,0.9565827364690246,0.0,0.9565827364690246,0.0
0.6871511467256148,0.0,0.6871511467256148,0.0,0.6871511467256148,0.0
0.9498933901918977,0.0023851168707266657,0.9498933901918977,0.0023851168707266657,0.9498933901918977,0.0023851168707266657
0.9694224235560589,0.0012550487187093535,0.9694224235560589,0.0012550487187093535,0.9694224235560589,0.0012550487187093535
0.9617283950617284,0.0014910536779324055,0.9617283950617284,0.0014910536779324055,0.9617283950617284,0.0014910536779324055
0.9468758601706578,0.0002611344842593936,0.9468758601706578,0.0002611344842593936,0.9468758601706578,0.0002611344842593936
0.6837469975980784,0.0,0.6837469975980784,0.0,0.6837469975980784,0.0
0.7696078431372549,0.0,0.7696078431372549,0.0,0.7696078431372549,0.0
0.9587523436168399,0.0003751385454855486,0.9587523436168399,0.0003751385454855486,0.9587523436168399,0.0003751385454855486
0.966313162819713,0.0010709353775047205,0.966313162819713,0.0010709353775047205,0.966313162819713,0.0010709353775047205
0.9576811594202899,0.0,0.9576811594202899,0.0,0.9576811594202899,0.0
0.9112259804472412,0.0012111493978369896,0.9112259804472412,0.0012111493978369896,0.9112259804472412,0.0012111493978369896
0.7434486059590762,0.03485188968335036,0.7434486059590762,0.03485188968335036,0.7434486059590762,0.03485188968335036
0.9660705160960654,0.0,0.9660705160960654,0.0,0.9660705160960654,0.0
0.9452554744525548,0.0024949177601182775,0.9452554744525548,0.0024949177601182775,0.9452554744525548,0.0024949177601182775
0.9580663948747816,0.0018170491122417194,0.9580663948747816,0.0018170491122417194,0.9580663948747816,0.0018170491122417194
0.7422434367541766,0.0,0.7422434367541766,0.0,0.7422434367541766,0.0
0.6894977168949772,0.0014752370916754477,0.6894977168949772,0.0014752370916754477,0.6894977168949772,0.0014752370916754477
0.8571428571428571,0.002993197278911565,0.8571428571428571,0.002993197278911565,0.8571428571428571,0.002993197278911565
0.9588268471517203,0.001513431706394249,0.9588268471517203,0.001513431706394249,0.9588268471517203,0.001513431706394249
0.9665575636829372,0.001794913634350451,0.9665575636829372,0.001794913634350451,0.9665575636829372,0.001794913634350451
0.9778305621536025,0.0008637362224684079,0.9778305621536025,0.0008637362224684079,0.9778305621536025,0.0008637362224684079
1.0,0.0,1.0,0.0,1.0,0.0
0.8753771876885938,0.001117540417711774,0.8753771876885938,0.001117540417711774,0.8753771876885938,0.001117540417711774
0.7492625368731564,0.002287021154945683,0.7492625368731564,0.002287021154945683,0.7492625368731564,0.002287021154945683
0.982982982982983,0.0019966722129783694,0.982982982982983,0.0019966722129783694,0.982982982982983,0.0019966722129783694
0.8736569836848388,0.01275824326173211,0.8736569836848388,0.01275824326173211,0.8736569836848388,0.01275824326173211
0.9794729174943716,0.0,0.9794729174943716,0.0,0.9794729174943716,0.0
0.95575,0.0,0.95575,0.0,0.95575,0.0
0.7840501792114696,0.0,0.7840501792114696,0.0,0.7840501792114696,0.0
0.980591339878554,0.0,0.980591339878554,0.0,0.980591339878554,0.0
0.651804817447719,0.0,0.651804817447719,0.0,0.651804817447719,0.0
0.9793388429752066,0.0015612085590963358,0.9793388429752066,0.0015612085590963358,0.9793388429752066,0.0015612085590963358
0.96875,0.0008917197452229299,0.96875,0.0008917197452229299,0.96875,0.0008917197452229299
0.9648222792231587,3.19959045242209e-05,0.9648222792231587,3.19959045242209e-05,0.9648222792231587,3.19959045242209e-05
0.966047258545538,0.0,0.966047258545538,0.0,0.966047258545538,0.0
0.9638636170393674,0.0,0.9638636170393674,0.0,0.9638636170393674,0.0
0.8618864292589028,0.0011821118177882855,0.8618864292589028,0.0011821118177882855,0.8618864292589028,0.0011821118177882855
0.6904798405641576,0.0,0.6904798405641576,0.0,0.6904798405641576,0.0
0.955203024823278,0.0001629644486787344,0.955203024823278,0.0001629644486787344,0.955203024823278,0.0001629644486787344
0.9625790583274771,0.002362830853118255,0.9625790583274771,0.002362830853118255,0.9625790583274771,0.002362830853118255
0.9630397887987932,0.0040092174532101845,0.9630397887987932,0.0040092174532101845,0.9630397887987932,0.0040092174532101845
0.6975505857294995,0.0,0.6975505857294995,0.0,0.6975505857294995,0.0
0.9601053820097855,0.0002718129926610492,0.9601053820097855,0.0002718129926610492,0.9601053820097855,0.0002718129926610492
0.9714950552646888,0.0035480485732846934,0.9714950552646888,0.0035480485732846934,0.9714950552646888,0.0035480485732846934
0.8898603155461763,0.009107148086327564,0.8898603155461763,0.009107148086327564,0.8898603155461763,0.009107148086327564
0.9673940624207054,0.00038297057509414695,0.9673940624207054,0.00038297057509414695,0.9673940624207054,0.00038297057509414695
0.6779661016949152,0.0006165228113440197,0.6779661016949152,0.0006165228113440197,0.6779661016949152,0.0006165228113440197
1.0,0.0,1.0,0.0,1.0,0.0
0.9670103092783505,0.0009451051429471528,0.9670103092783505,0.0009451051429471528,0.9670103092783505,0.0009451051429471528
0.8057571758495546,0.0,0.8057571758495546,0.0,0.8057571758495546,0.0
0.7595141700404858,0.0,0.7595141700404858,0.0,0.7595141700404858,0.0
0.9574920297555791,0.0005043373007867661,0.9574920297555791,0.0005043373007867661,0.9574920297555791,0.0005043373007867661
0.7897862232779097,0.000468384074941452,0.7897862232779097,0.000468384074941452,0.7897862232779097,0.000468384074941452
0.9668008048289738,0.0011808895085792335,0.9668008048289738,0.0011808895085792335,0.9668008048289738,0.0011808895085792335
0.8862493839329719,0.011582188994983634,0.8862493839329719,0.011582188994983634,0.8862493839329719,0.011582188994983634
0.6956956956956957,0.0009668842156151801,0.6956956956956957,0.0009668842156151801,0.6956956956956957,0.0009668842156151801
0.9640787949015064,0.0009883376161296698,0.9640787949015064,0.0009883376161296698,0.9640787949015064,0.0009883376161296698
0.9648784253184098,0.00035583627083588166,0.9648784253184098,0.00035583627083588166,0.9648784253184098,0.00035583627083588166
0.9574195906432749,0.0,0.9574195906432749,0.0,0.9574195906432749,0.0
0.9553805774278216,0.0010868721372564241,0.9553805774278216,0.0010868721372564241,0.9553805774278216,0.0010868721372564241
0.9782608695652174,4.5411198401525815e-05,0.9782608695652174,4.5411198401525815e-05,0.9782608695652174,4.5411198401525815e-05
0.8846648730845713,0.009248690256680422,0.8846648730845713,0.009248690256680422,0.8846648730845713,0.009248690256680422
0.9729244039774769,0.0006710454074059011,0.9729244039774769,0.0006710454074059011,0.9729244039774769,0.0006710454074059011
0.9694656488549618,0.0012351448791560957,0.9694656488549618,0.0012351448791560957,0.9694656488549618,0.0012351448791560957
