image_id,label,split,w,h,fmt,ctype,pred_c,pred_x,conf_x,pred,conf,agree,glyph_h,n_views
zserujX8.jpg,bali,train,1280,720,JPEG,page,0.0,0.0,0.5728909256668322,,,,20.0,13
Pr22tEu7.jpg,pegon,train,600,400,JPEG,page,0.0,0.0,0.5787474205202349,,,,12.0,13
AlMtohM9.jpg,jawi,train,1088,1316,JPEG,page,2.0,2.0,0.5872877046122829,,,,8.0,13
jxh6yxyy.jpg,lontara,train,568,621,JPEG,page,4.0,4.0,0.9189677123810148,,,,14.0,13
lp1In676.jpg,lampung,train,1000,370,JPEG,page,3.0,3.0,0.930329830328908,,,,9.0,13
A3amnqqs.jpg,lampung,train,480,360,JPEG,page,3.0,3.0,0.9071473661863436,,,,16.0,13
DZlkHVVs.jpg,pegon,train,878,460,JPEG,page,5.0,5.0,0.7083532496835191,,,,10.0,13
mU0VIMOM.jpg,jawi,train,750,469,JPEG,page,2.0,2.0,0.715637414481826,,,,12.5,13
ArLIuehv.png,pegon,train,1521,750,PNG,page,2.0,5.0,0.5017935963044613,,,,,1
3uZ754oe.jpg,jawa,train,1000,614,JPEG,page,1.0,1.0,0.8919118175377112,,,,21.0,13
r3tGNzm6.jpg,jawa,train,2834,1223,JPEG,page,1.0,1.0,0.4427429653869843,,,,8.0,13
pugriEKg.jpg,pegon,train,768,768,JPEG,page,5.0,2.0,0.7526655241588147,,,,34.5,8
VA317cEJ.jpg,pegon,train,677,453,JPEG,page,5.0,5.0,0.886845634126755,,,,12.0,13
VvWr2DRJ.jpg,pegon,train,1280,720,JPEG,page,2.0,2.0,0.8230322092120732,,,,26.0,13
VObY0cqk.jpg,pegon,train,1967,1724,JPEG,page,5.0,5.0,0.8740644868453192,,,,16.0,13
9QkzJWYC.png,bali,train,864,864,PNG,page,0.0,0.0,0.9310591583386844,,,,,1
isCRUjsC.jpg,pegon,train,1280,734,JPEG,page,2.0,2.0,0.56307146168658,,,,13.0,13
rEohqrKO.webp,jawa,train,720,447,WEBP,page,1.0,1.0,0.8937263594781548,,,,7.0,13
C5R3SyGp.png,jawi,train,49,266,PNG,page,2.0,2.0,0.8371286136531578,,,,39.0,1
H8tMgkXB.png,bali,train,700,663,PNG,page,0.0,0.0,0.9275518436567664,,,,32.0,12
JkcwfeWb.jpg,pegon,train,300,445,JPEG,page,5.0,2.0,0.2989666503383861,,,,9.0,13
Sq4mQMmX.webp,lampung,train,500,281,WEBP,page,3.0,3.0,0.7539636843454207,,,,8.0,13
lyRKrF1d.jpg,jawi,train,1200,1690,JPEG,page,5.0,3.0,0.2938175192131096,,,,29.0,13
18Yut8y2.jpg,sunda,train,712,712,JPEG,page,6.0,1.0,0.8423946689886829,,,,30.0,12
mS2kZ8fi.jpg,bali,train,668,375,JPEG,page,0.0,0.0,0.930412261109006,,,,8.0,13
J5rUUjOm.jpg,lontara,train,2764,1849,JPEG,page,4.0,4.0,0.9319629048656236,,,,52.5,13
LbdIIDPH.png,bali,train,1200,700,PNG,page,0.0,0.0,0.9337503223312392,,,,43.0,13
vIX9hIjR.jpg,pegon,train,640,462,JPEG,page,5.0,5.0,0.9291068632978192,,,,12.5,13
4cQJzJ58.jpg,pegon,train,1500,1225,JPEG,page,5.0,5.0,0.9244024627500756,,,,8.0,13
Ifcb2r4C.jpg,jawa,train,1200,800,JPEG,page,1.0,1.0,0.8644680347352679,,,,17.0,13
cSqToiMa.jpg,bali,train,640,589,JPEG,page,0.0,1.0,0.7891453179254851,,,,6.0,13
ZTjt1UNI.jpg,bali,train,393,577,JPEG,page,3.0,0.0,0.6278367591534569,,,,9.0,13
a4jh7wTT.jpg,jawa,train,700,441,JPEG,page,1.0,1.0,0.8993586163173262,,,,13.0,13
L4cIkqat.jpg,bali,train,1280,1280,JPEG,page,0.0,0.0,0.8730932162234472,,,,10.0,13
DOH3uoeR.jpg,bali,train,640,480,JPEG,page,0.0,1.0,0.8325101933312775,,,,17.0,11
lPJpDgwW.jpg,bali,train,1200,675,JPEG,page,0.0,1.0,0.4933803684161888,,,,6.0,13
Vz1nxIKv.png,jawi,train,700,446,PNG,page,2.0,5.0,0.8658445349033739,,,,10.0,13
BH0R4c3B.jpg,bali,train,735,463,JPEG,page,0.0,0.0,0.935825028182264,,,,31.0,10
vgRH3hfk.webp,lontara,train,720,565,WEBP,page,4.0,4.0,0.9217425458149622,,,,16.0,13
FPo8eKNu.webp,jawa,train,1280,720,WEBP,page,1.0,1.0,0.9028591500599418,,,,43.0,13
v0eRKhNN.jpg,lontara,train,750,500,JPEG,page,5.0,5.0,0.6711224911996756,,,,13.0,13
p1nlqTvi.jpg,jawi,train,742,1080,JPEG,page,2.0,2.0,0.7931187437299018,,,,7.0,13
db0c2Z4p.png,lampung,train,1074,575,PNG,page,3.0,2.0,0.5167314720657116,,,,17.0,13
1zxp9geQ.jpg,jawa,train,1200,675,JPEG,page,1.0,1.0,0.8977517344808489,,,,18.0,13
nGhp8rvR.jpg,lontara,train,528,800,JPEG,page,4.0,4.0,0.9237935208377586,,,,17.0,13
cM7aMsIP.jpg,jawa,train,1024,543,JPEG,page,1.0,1.0,0.8852654124892513,,,,24.5,13
4rzA2cl1.jpg,bali,train,1706,960,JPEG,page,0.0,0.0,0.8968878364093102,,,,11.0,13
tviyv7W0.jpg,lampung,train,970,544,JPEG,page,3.0,3.0,0.916031198827102,,,,,2
IcMQ729U.jpg,bali,train,480,360,JPEG,page,0.0,0.0,0.9247294796559312,,,,28.0,9
KQn86KbN.jpg,bali,train,503,856,JPEG,page,1.0,0.0,0.2488891819968223,,,,11.0,13
A86cbI0P.png,sunda,train,300,282,PNG,page,6.0,5.0,0.8483087374809211,,,,7.0,13
qr0Dsa4r.png,jawa,train,700,730,PNG,page,1.0,1.0,0.8829613297164272,,,,9.0,13
wBLg71Yy.png,lontara,train,2000,1600,PNG,page,4.0,4.0,0.7969480095555701,,,,29.0,13
fuuZiyNB.jpg,lontara,train,433,616,JPEG,page,4.0,4.0,0.928466682115401,,,,18.0,13
MuR7rzdl.jpg,jawa,train,1654,2340,JPEG,page,1.0,4.0,0.3162927353633031,,,,21.5,13
tVLTxNyb.jpg,pegon,train,561,561,JPEG,page,2.0,2.0,0.8215443024509529,,,,7.0,13
Pn2o0YTT.jpg,jawa,train,565,514,JPEG,page,1.0,1.0,0.8953182728204934,,,,22.0,13
aN9eOSXS.jpg,jawi,train,768,1024,JPEG,page,2.0,2.0,0.8608970703806537,,,,10.0,13
mX6JeAay.jpg,lontara,train,572,481,JPEG,page,4.0,4.0,0.9221696635897548,,,,12.5,13
5ghxWNyR.jpg,jawa,train,585,329,JPEG,page,1.0,1.0,0.8965284216940832,,,,34.0,9
HSPlRvu6.jpg,lontara,train,355,259,JPEG,page,4.0,4.0,0.9077954178018413,,,,11.0,13
Ymh2tbFw.png,bali,train,864,864,PNG,page,0.0,0.0,0.9253907865543896,,,,,1
7aDRp8vj.jpg,jawa,train,480,675,JPEG,page,1.0,1.0,0.9043355367337343,,,,34.0,8
WWCrZrGd.jpg,bali,train,1200,800,JPEG,page,1.0,1.0,0.8118945267124892,,,,,1
EAumamZe.jpg,jawi,train,1024,683,JPEG,page,5.0,5.0,0.9318316007343171,,,,15.0,13
Qf2P4kf8.png,lontara,train,1160,676,PNG,page,4.0,4.0,0.6787077984073516,,,,,1
QNEvz4dm.jpg,pegon,train,820,457,JPEG,page,5.0,5.0,0.9365838434364534,,,,12.0,13
lkZUfCn0.jpg,jawa,train,954,397,JPEG,page,1.0,1.0,0.881232602618345,,,,7.0,13
POApg2ai.png,sunda,train,640,404,PNG,page,1.0,5.0,0.3364924282410688,,,,7.0,13
zOMPhDUE.jpg,lampung,train,2192,1231,JPEG,page,3.0,2.0,0.2478011889326028,,,,63.0,13
WCHCFDE6.jpg,jawi,train,1024,766,JPEG,page,2.0,1.0,0.3853169173322234,,,,10.0,13
aaGL9ufc.jpg,sunda,train,650,488,JPEG,page,6.0,6.0,0.901699383848308,,,,30.0,11
y0uFaJnx.png,jawa,train,1200,1200,PNG,page,1.0,1.0,0.5623862229458523,,,,24.0,13
hf1aJZJs.jpg,jawa,train,1080,589,JPEG,page,1.0,1.0,0.882099592181416,,,,32.0,13
lUuAU6E8.jpg,jawi,train,830,468,JPEG,page,5.0,5.0,0.9367419847854636,,,,14.0,13
W0b6uSzZ.jpg,jawa,train,800,800,JPEG,page,1.0,3.0,0.328599668749601,,,,13.0,13
slg7fj6Y.jpg,lampung,train,566,472,JPEG,page,3.0,3.0,0.9186450707543388,,,,14.0,13
FSeTEL4D.jpg,sunda,train,2056,2704,JPEG,page,1.0,5.0,0.5435636732193115,,,,8.0,13
T5Q9z9Eg.jpg,sunda,train,768,1024,JPEG,page,3.0,1.0,0.3335018127629812,,,,13.0,13
05E6cN2H.jpg,bali,train,696,464,JPEG,page,0.0,0.0,0.9275309543609596,,,,24.0,9
yH2Pop2c.jpg,jawi,train,2098,1424,JPEG,page,5.0,5.0,0.8877055017551322,,,,20.0,13
bv4i3Hy5.jpg,lampung,train,387,516,JPEG,page,3.0,3.0,0.9191561481864392,,,,13.0,13
A2gApZnB.jpg,lampung,train,488,409,JPEG,page,2.0,2.0,0.4870808823139823,,,,15.0,13
7gXMJG6J.webp,lontara,train,720,405,WEBP,page,4.0,4.0,0.9293801455566204,,,,12.5,13
f9cIdnQp.jpg,sunda,train,1024,581,JPEG,page,1.0,1.0,0.7599310288972292,,,,10.0,13
XhzyZXBX.jpg,pegon,train,830,485,JPEG,page,5.0,5.0,0.9019720505614278,,,,5.0,13
Imsi27LU.jpg,lontara,train,645,923,JPEG,page,4.0,4.0,0.9428611960719824,,,,24.0,13
MDiV8shM.jpg,lampung,train,1138,316,JPEG,page,3.0,3.0,0.917094230961702,,,,17.0,13
wE8el0Ro.jpg,pegon,train,480,360,JPEG,page,5.0,5.0,0.9337101500282818,,,,18.0,12
lWjk9Tvo.jpg,lampung,train,1280,720,JPEG,page,3.0,3.0,0.914098498157099,,,,10.5,13
u6OG4OU1.jpg,jawa,train,449,252,JPEG,page,1.0,1.0,0.8948188583795159,,,,18.0,11
k2KtRniI.jpg,pegon,train,878,576,JPEG,page,5.0,5.0,0.9211575463497064,,,,11.0,13
ze6LVt3f.jpg,jawa,train,1280,720,JPEG,page,1.0,1.0,0.8848327746694902,,,,40.0,13
goMVEr9M.jpg,jawi,train,1200,630,JPEG,page,2.0,5.0,0.9101775898770708,,,,10.0,13
nB7tdnSn.png,jawi,train,600,600,PNG,page,2.0,2.0,0.8521411789927036,,,,18.0,13
JfHP176N.jpg,lampung,train,1200,700,JPEG,page,3.0,3.0,0.8927198645106577,,,,46.0,11
XmDXsCvc.webp,jawa,train,300,417,WEBP,page,1.0,1.0,0.9064667094924368,,,,14.0,12
sgJcQYI6.jpg,lontara,train,444,280,JPEG,page,4.0,4.0,0.7348831252437436,,,,6.0,13
bIVEz5kB.jpg,sunda,train,354,355,JPEG,page,6.0,6.0,0.902884391490444,,,,,1
WtdYMinR.jpg,pegon,train,410,418,JPEG,page,5.0,5.0,0.9406786811496224,,,,6.0,13
cLcF0nUi.png,lampung,train,640,758,PNG,page,3.0,3.0,0.921055853501889,,,,12.0,13
TWaDlRbb.jpg,bali,train,960,1200,JPEG,page,0.0,0.0,0.9090423730384763,,,,25.0,13
4sQkkgkH.png,lampung,train,425,521,PNG,page,2.0,2.0,0.4487759042245215,,,,6.0,13
Qq8v0hKp.jpg,jawa,train,423,568,JPEG,page,1.0,1.0,0.9096285914150606,,,,17.0,13
ydlfeeQR.jpg,bali,train,1477,1108,JPEG,page,0.0,0.0,0.9271621190160164,,,,13.0,13
CNGbKP8u.jpg,jawa,train,481,280,JPEG,page,1.0,1.0,0.898818737500003,,,,12.0,13
nOkBZWxv.png,jawa,train,811,613,PNG,page,1.0,1.0,0.901631234267215,,,,28.0,13
zf8bKPv6.png,sunda,train,1200,900,PNG,page,6.0,6.0,0.9046164991846902,,,,28.0,13
iWeZ1ZEc.jpg,jawi,train,235,300,JPEG,page,5.0,5.0,0.846037712542709,,,,6.0,13
h0LtJbi8.jpg,jawi,train,360,466,JPEG,page,3.0,3.0,0.8848823623771748,,,,7.0,13
8dfolTMF.jpg,jawi,train,469,754,JPEG,page,5.0,5.0,0.878174665616576,,,,9.0,13
gb8TzDfD.webp,jawa,train,1200,675,WEBP,page,1.0,1.0,0.8988835103023805,,,,38.0,13
Q5TmKwnk.jpg,pegon,train,1280,720,JPEG,page,5.0,5.0,0.9357293815472034,,,,14.0,13
AKUar1TE.jpg,jawa,train,1280,720,JPEG,page,1.0,1.0,0.8922911466900715,,,,34.0,13
kdPAng3j.jpg,lampung,train,1280,720,JPEG,page,3.0,3.0,0.9090088213820714,,,,39.0,13
drKaI6XR.jpg,pegon,train,1247,980,JPEG,page,5.0,5.0,0.728451401484811,,,,13.0,13
P5yudurv.jpg,lampung,train,952,476,JPEG,page,3.0,3.0,0.7834631158532435,,,,20.0,13
dKpZfhoe.jpg,pegon,train,738,1600,JPEG,page,5.0,5.0,0.9083150551264824,,,,20.0,13
kI1F48fG.jpg,sunda,train,566,619,JPEG,page,6.0,1.0,0.6450267940163985,,,,13.0,13
QXjb5GEa.jpg,lampung,train,720,1280,JPEG,page,3.0,3.0,0.3506321200988587,,,,19.0,13
2v8NSzWR.jpg,pegon,train,490,354,JPEG,page,2.0,5.0,0.5370383681028406,,,,6.0,13
9l4LMazG.png,lontara,train,1366,768,PNG,page,4.0,1.0,0.5177816052960917,,,,14.0,13
d81F6pxi.jpg,lampung,train,735,1040,JPEG,page,3.0,3.0,0.8471420268364374,,,,45.0,13
KpRcwnvc.jpg,lontara,train,404,316,JPEG,page,4.0,4.0,0.9321818122536836,,,,30.0,4
cgV69blO.jpg,jawi,train,1080,763,JPEG,page,5.0,3.0,0.3693278905585086,,,,9.0,13
DnWDDnKs.webp,pegon,train,600,338,WEBP,page,5.0,5.0,0.9303757423761272,,,,6.0,13
bSmzSSsW.jpg,lampung,train,700,350,JPEG,page,3.0,3.0,0.8606520828171519,,,,15.5,13
0lPkokiG.jpg,lampung,train,1000,915,JPEG,page,3.0,3.0,0.9059456305598532,,,,33.0,13
lWqGfthg.jpg,jawi,train,250,377,JPEG,page,5.0,5.0,0.9112074405533764,,,,,1
xoWpVy3M.jpg,bali,train,500,500,JPEG,page,0.0,0.0,0.9263803048636408,,,,16.0,13
CqSvfsrM.jpg,lampung,train,570,588,JPEG,page,3.0,3.0,0.8982782734064276,,,,12.0,13
wJLSOF58.jpg,lontara,train,770,450,JPEG,page,4.0,4.0,0.9147899480225246,,,,11.0,13
EnhSkTfz.png,jawa,train,306,300,PNG,page,1.0,1.0,0.7463949871474148,,,,,1
u3c9ZTqQ.jpg,jawa,train,720,452,JPEG,page,1.0,1.0,0.8926363151847724,,,,8.0,13
0RrfREkM.jpg,pegon,train,747,531,JPEG,page,2.0,5.0,0.5249411786795801,,,,8.0,13
14vVVl4E.png,pegon,train,800,595,PNG,page,5.0,5.0,0.8149203011128527,,,,9.0,13
BtN0snf5.jpg,pegon,train,744,536,JPEG,page,5.0,5.0,0.9294336870894078,,,,7.0,13
0qieWTAa.jpg,pegon,train,446,330,JPEG,page,5.0,1.0,0.8302357821623969,,,,4.0,13
JUcIlUlw.jpg,jawa,train,480,360,JPEG,page,1.0,1.0,0.9064877831500266,,,,10.0,13
Pwxovv4w.jpg,pegon,train,768,472,JPEG,page,5.0,5.0,0.9453143572301737,,,,7.0,13
pVaurMOE.png,sunda,train,729,331,PNG,page,6.0,6.0,0.8954480818521448,,,,21.0,13
W9YzgCDe.jpg,bali,train,870,1160,JPEG,page,0.0,0.0,0.8860282745419523,,,,8.0,13
crv2qL3d.jpg,jawa,train,483,341,JPEG,page,1.0,1.0,0.8775220973935347,,,,10.0,13
26CqbMpI.jpg,sunda,train,415,405,JPEG,page,3.0,6.0,0.4409777869201069,,,,12.0,11
EIbBGv9G.jpg,bali,train,768,1024,JPEG,page,0.0,3.0,0.3567001409538264,,,,8.0,13
fB1k6OYk.jpg,jawa,train,1000,750,JPEG,page,6.0,6.0,0.8193632493575636,,,,23.0,13
NZrTPBsT.jpg,jawa,train,736,1308,JPEG,page,1.0,1.0,0.3294166018433773,,,,35.0,13
QMe5Qa85.jpg,lampung,train,1200,675,JPEG,page,3.0,3.0,0.9188982022887396,,,,41.0,13
9W5axwiz.jpg,pegon,train,1239,1800,JPEG,page,5.0,5.0,0.8843796470834941,,,,8.0,13
1aIVpZ2l.jpg,lampung,train,830,556,JPEG,page,3.0,3.0,0.9098466140114108,,,,11.0,13
Etv2CI1N.webp,lampung,train,136,296,WEBP,page,3.0,3.0,0.4395555865189585,,,,20.0,10
vFnuGssw.jpg,lampung,train,1000,1673,JPEG,page,5.0,5.0,0.8824035624371099,,,,10.0,13
y3XQDMZv.jpg,sunda,train,960,1200,JPEG,page,1.0,1.0,0.9008005539798456,,,,23.0,13
Jm77pTKe.jpg,jawa,train,650,412,JPEG,page,1.0,1.0,0.896665626361441,,,,8.0,13
L5ew6cf9.jpg,pegon,train,1200,948,JPEG,page,5.0,5.0,0.9341408323774176,,,,78.0,9
XE1yQhgw.webp,sunda,train,2048,1152,WEBP,page,6.0,6.0,0.8374439297612134,,,,28.0,13
T4CwXbxe.jpg,bali,train,870,286,JPEG,page,0.0,0.0,0.9307604429547488,,,,28.0,11
qyPXddz2.jpg,pegon,train,800,800,JPEG,page,5.0,5.0,0.9301398698351504,,,,11.0,13
AjwosTfp.png,pegon,train,625,905,PNG,page,2.0,5.0,0.5747490140219439,,,,15.0,13
RY9pKXN7.jpg,bali,train,500,300,JPEG,page,0.0,1.0,0.3868240291729332,,,,7.0,13
kne37dqn.jpg,jawa,train,1280,720,JPEG,page,1.0,1.0,0.910652043416404,,,,35.0,13
ogPEoW0X.jpg,sunda,train,800,400,JPEG,page,1.0,6.0,0.5247873421039514,,,,8.0,13
HEcsD6AX.png,bali,train,5000,1705,PNG,page,0.0,0.0,0.9244571033699072,,,,,1
zasgaCVk.jpg,pegon,train,1320,990,JPEG,page,2.0,2.0,0.7552798902007719,,,,17.0,13
Zm78KvRV.jpg,pegon,train,1360,903,JPEG,page,5.0,5.0,0.9288655349338264,,,,,1
pL1TEs2W.webp,pegon,train,759,450,WEBP,page,5.0,5.0,0.8810678307284744,,,,7.0,13
9rr8VvDa.jpg,jawa,train,640,492,JPEG,page,1.0,1.0,0.9009692777530643,,,,10.0,13
NFZIt3sH.png,lontara,train,404,316,PNG,page,4.0,4.0,0.9218504089689143,,,,4.0,14
bgn3EjVU.jpg,lampung,train,201,280,JPEG,page,3.0,3.0,0.917326410112129,,,,14.0,11
WbYvLu7A.webp,pegon,train,2560,1440,WEBP,page,5.0,5.0,0.901113436607888,,,,34.0,13
9N5DsZPR.jpg,lampung,train,736,1308,JPEG,page,3.0,3.0,0.5481413062913066,,,,27.0,13
JEm2YNFD.jpg,jawa,train,600,356,JPEG,page,1.0,1.0,0.8987155152279587,,,,11.0,13
a2qh7aww.png,jawa,train,1024,335,PNG,page,1.0,1.0,0.8949164507136287,,,,36.0,11
0pQOih09.jpg,jawa,train,626,338,JPEG,page,1.0,1.0,0.8923843919751734,,,,14.0,13
tEXmYAkO.jpg,lontara,train,400,391,JPEG,page,4.0,4.0,0.897442904697388,,,,5.0,13
1icXIUfR.jpg,jawa,train,750,487,JPEG,page,5.0,5.0,0.5371277972452431,,,,16.0,13
EvWOEOgu.jpg,jawa,train,630,458,JPEG,page,1.0,5.0,0.8176849667317407,,,,11.0,13
79vWCUW8.jpg,lampung,train,600,338,JPEG,page,4.0,4.0,0.5014535284744353,,,,6.0,13
Bz01Prso.jpg,jawi,train,689,591,JPEG,page,2.0,2.0,0.8207856405576184,,,,21.0,13
johVZUvs.png,jawa,train,600,450,PNG,page,1.0,1.0,0.901373618248415,,,,12.0,13
z5dSF1Z0.jpg,jawi,train,787,1106,JPEG,page,2.0,2.0,0.8604770097419463,,,,6.0,13
GVqxMBMQ.jpg,bali,train,1706,960,JPEG,page,0.0,0.0,0.8888664673933401,,,,6.0,13
3OW9abKi.webp,pegon,train,400,300,WEBP,page,5.0,5.0,0.929427250714942,,,,5.0,13
P7pWofbr.jpg,jawa,train,537,929,JPEG,page,1.0,1.0,0.4584840515541336,,,,12.0,13
oSjsdcIc.jpg,lontara,train,454,675,JPEG,page,4.0,4.0,0.6889021562978661,,,,7.0,13
QQXTSG81.jpg,lampung,train,781,622,JPEG,page,3.0,6.0,0.4461503823478273,,,,13.0,13
GoGj1Sor.webp,jawa,train,644,277,WEBP,page,1.0,1.0,0.9085347611880694,,,,14.0,13
Upp8Rm0A.jpg,jawa,train,972,632,JPEG,page,1.0,1.0,0.9103131698243966,,,,44.0,11
ge440A3b.jpg,lontara,train,4608,3456,JPEG,page,4.0,4.0,0.4584703819643098,,,,16.0,13
9D9NLBaF.jpg,sunda,train,736,1152,JPEG,page,1.0,5.0,0.8309195523677668,,,,18.0,13
p1KvJOpI.jpg,jawa,train,768,1024,JPEG,page,1.0,1.0,0.8632336300913185,,,,9.0,13
4t6j7WDj.jpg,lampung,train,1270,954,JPEG,page,3.0,3.0,0.9248131341587964,,,,21.0,13
ZfZb7Wre.jpg,jawa,train,1440,1920,JPEG,page,1.0,1.0,0.8926189250626013,,,,27.0,13
hz0i0VAL.jpg,jawi,train,654,480,JPEG,page,5.0,5.0,0.9268371488988852,,,,8.5,13
o7wasDKU.jpg,jawi,train,1237,1600,JPEG,page,2.0,2.0,0.807836878790584,,,,17.0,13
T5ThUHie.jpg,jawi,train,840,570,JPEG,page,2.0,2.0,0.7842377471964006,,,,5.0,13
S2lydPJ3.jpg,pegon,train,355,492,JPEG,page,5.0,5.0,0.8881184016608207,,,,6.0,13
vFM0jy9H.jpg,jawa,train,847,999,JPEG,page,1.0,1.0,0.8860995013419569,,,,32.0,13
EYpmsJp4.jpg,bali,train,1024,768,JPEG,page,1.0,1.0,0.8975896606570122,,,,22.0,13
ItQogqk5.jpg,,test,720,961,JPEG,page,,,,0.0,0.8849919469134864,5.0,9.0,13
ZqydnzgJ.png,,test,423,340,PNG,page,,,,5.0,0.9141577680209996,5.0,11.0,13
LYSJlPHg.jpg,,test,1024,1024,JPEG,page,,,,3.0,0.917033593306067,5.0,15.0,13
r0elQ0IA.jpg,,test,480,288,JPEG,page,,,,2.0,0.6026845155472145,5.0,10.0,13
KTQSUrrc.jpg,,test,1200,800,JPEG,page,,,,2.0,0.7197551710639101,5.0,9.0,13
KEu2kTL0.jpg,,test,1503,986,JPEG,page,,,,0.0,0.9315791475408824,5.0,94.0,6
vlFWLeRt.jpg,,test,750,938,JPEG,page,,,,2.0,0.5576112350315545,3.0,39.0,13
OejnTLcZ.png,,test,665,525,PNG,page,,,,5.0,0.7930863135410124,5.0,10.0,13
XSED2XWK.jpg,,test,1080,1440,JPEG,page,,,,1.0,0.8958258738176287,5.0,33.0,13
ndpkiGAu.jpg,,test,405,626,JPEG,page,,,,1.0,0.8694818491318065,5.0,13.0,13
HC8195r5.jpg,,test,1024,683,JPEG,page,,,,1.0,0.4014946432710288,4.0,19.0,13
DouTwCmZ.jpg,,test,768,503,JPEG,page,,,,3.0,0.9186638566384996,5.0,14.0,13
26WUdDnL.jpg,,test,500,333,JPEG,page,,,,1.0,0.9049604488222056,5.0,21.0,11
MXzGfFQm.jpg,,test,716,476,JPEG,page,,,,5.0,0.8434450552153241,5.0,,1
TWwOlCLX.webp,,test,700,436,WEBP,page,,,,2.0,0.7688789634244633,5.0,42.5,9
VjUX1UMA.jpg,,test,1500,1600,JPEG,page,,,,1.0,0.8996469250469719,5.0,99.0,11
yDpRmpun.jpg,,test,3120,4160,JPEG,page,,,,2.0,0.508669480954764,4.0,9.0,13
ih56UWvz.jpg,,test,1706,960,JPEG,page,,,,0.0,0.9346437762444244,5.0,13.5,13
fWSSeXCX.webp,,test,960,695,WEBP,page,,,,5.0,0.9272401053061554,5.0,9.0,13
YZumQKNy.jpg,,test,720,985,JPEG,page,,,,6.0,0.2899450304774777,4.0,8.0,13
dzq5cujj.jpg,,test,1000,1778,JPEG,page,,,,5.0,0.729550474336768,4.0,30.5,13
q0xsg3Dy.jpg,,test,4608,3456,JPEG,page,,,,4.0,0.5453602908589705,3.0,14.0,13
lUuephPg.jpg,,test,824,448,JPEG,page,,,,4.0,0.3640306285291471,3.0,13.0,13
aQis1ndJ.jpg,,test,236,376,JPEG,page,,,,1.0,0.8958202353343943,5.0,8.0,13
zFNBzMgh.jpg,,test,1080,1440,JPEG,page,,,,2.0,0.6365242928337248,3.0,7.0,13
BKre5xTa.jpg,,test,1024,1024,JPEG,page,,,,1.0,0.8908079512908058,5.0,17.0,13
vE1lC5ua.jpg,,test,800,437,JPEG,page,,,,2.0,0.739054013383047,5.0,9.0,13
F50UsMaR.webp,,test,2048,2899,WEBP,page,,,,2.0,0.5720180170273909,5.0,,1
26z1ANyb.jpg,,test,768,1024,JPEG,page,,,,2.0,0.8337796258846962,5.0,8.0,13
rHj8SiVp.png,,test,601,897,PNG,page,,,,5.0,0.9082480681126718,5.0,9.0,13
UnwSaMS8.png,,test,1400,990,PNG,page,,,,1.0,0.8866264168123827,5.0,46.0,13
Fj83bcac.jpg,,test,794,1024,JPEG,page,,,,1.0,0.8908974287012154,5.0,13.0,13
FWqUTKFt.jpg,,test,4344,3258,JPEG,page,,,,4.0,0.9277310822799578,5.0,15.0,13
GtqK3cHR.jpg,,test,480,357,JPEG,page,,,,1.0,0.8902211607812364,5.0,7.0,13
Xre8jQe3.webp,,test,952,700,WEBP,page,,,,5.0,0.262309244152959,3.0,6.0,13
k5xdnWK8.png,,test,500,380,PNG,page,,,,6.0,0.9045325915791826,5.0,18.0,12
1RE1VcHj.jpg,,test,1080,687,JPEG,page,,,,6.0,0.4353502790384782,2.0,9.0,13
H036HViM.jpg,,test,601,563,JPEG,page,,,,6.0,0.8424897269394023,5.0,8.0,13
yuiAa6pM.jpg,,test,1024,416,JPEG,page,,,,1.0,0.8941727235010111,5.0,13.0,13
PFdjl0p9.jpg,,test,480,354,JPEG,page,,,,5.0,0.8837465822098217,5.0,10.0,13
ItKYqOPE.jpg,,test,830,556,JPEG,page,,,,1.0,0.9025060934701244,5.0,35.0,11
a9BmtPJb.jpg,,test,768,544,JPEG,page,,,,3.0,0.9167321229501162,5.0,11.0,13
y4Div1Ps.jpg,,test,404,316,JPEG,page,,,,4.0,0.7402015633400995,5.0,16.0,9
6nRakZMt.png,,test,864,864,PNG,page,,,,0.0,0.9290069298811316,5.0,,1
4sMBUagD.png,,test,1200,800,PNG,page,,,,1.0,0.9013397268711052,5.0,27.0,13
ipYw1jbF.jpg,,test,1320,990,JPEG,page,,,,5.0,0.6835102471852309,4.0,17.0,13
zpaJVslx.png,,test,640,279,PNG,page,,,,5.0,0.9300894401515798,5.0,9.0,13
K3eaNag9.png,,test,1707,900,PNG,page,,,,0.0,0.9326749776676864,5.0,7.0,13
Y43lbNxD.jpg,,test,660,400,JPEG,page,,,,5.0,0.8761376043195828,5.0,19.0,13
056AqPTe.jpg,,test,800,439,JPEG,page,,,,5.0,0.9347707770334632,5.0,14.0,13
tuQn2tFG.jpg,,test,1280,720,JPEG,page,,,,2.0,0.6070267235183036,4.0,39.0,13
kOzZg1JG.jpg,,test,1280,720,JPEG,page,,,,0.0,0.9004197047307032,5.0,18.0,13
l7zErLnw.jpg,,test,279,494,JPEG,page,,,,6.0,0.4914011370513902,3.0,11.0,13
uneupKp4.jpg,,test,1024,714,JPEG,page,,,,5.0,0.9301641158772808,5.0,8.0,13
gCeXTM6f.png,,test,2226,3356,PNG,page,,,,2.0,0.8471153311881702,5.0,40.0,13
YwAccQRI.jpg,,test,600,423,JPEG,page,,,,3.0,0.919151163905655,5.0,18.0,13
EkcAINcb.jpg,,test,395,720,JPEG,page,,,,5.0,0.7912800604006937,5.0,8.0,13
OxqIjBqf.png,,test,1280,865,PNG,page,,,,2.0,0.8647966795334103,5.0,43.0,11
eQdRb66P.bmp,,test,822,667,BMP,page,,,,3.0,0.915118598090125,5.0,21.0,13
rAp05mwt.jpg,,test,1200,750,JPEG,page,,,,3.0,0.9149740015828184,5.0,10.0,13
2JOdaZIF.jpg,,test,449,252,JPEG,page,,,,1.0,0.8813531956813664,5.0,20.0,10
8oq6zqeT.jpg,,test,768,1024,JPEG,page,,,,4.0,0.821263194053075,4.0,8.0,13
wHZdMejr.jpg,,test,768,1024,JPEG,page,,,,2.0,0.4730745527786588,3.0,8.0,13
oY0gb7Sn.jpg,,test,750,500,JPEG,page,,,,1.0,0.7434888941846696,4.0,11.0,13
Ep42uvIt.jpg,,test,736,515,JPEG,page,,,,0.0,0.9234259811887606,5.0,26.0,12
3thCZSyH.jpg,,test,569,753,JPEG,page,,,,1.0,0.479536213704624,3.0,10.0,13
LiB3gmQw.png,,test,1299,1672,PNG,page,,,,1.0,0.884031803111958,5.0,48.0,10
VbUDzy4i.jpg,,test,500,291,JPEG,page,,,,4.0,0.9289325290452832,5.0,7.0,13
o6wvvIED.jpg,,test,330,255,JPEG,page,,,,4.0,0.6682489683569072,5.0,28.5,7
KjfiynKK.jpg,,test,600,450,JPEG,page,,,,1.0,0.903983701660992,5.0,26.0,11
aFNQd7Wq.jpg,,test,640,480,JPEG,page,,,,1.0,0.9083547990405088,5.0,17.0,13
Ybv4ejqR.jpg,,test,1024,1024,JPEG,page,,,,3.0,0.9201465697137448,5.0,13.0,13
l7zm4ex5.jpg,,test,640,558,JPEG,page,,,,4.0,0.6736191511024201,4.0,9.0,13
bdWh7vZy.jpg,,test,774,1032,JPEG,page,,,,1.0,0.7837915624121923,5.0,11.0,13
Osr6x8QO.jpg,,test,790,445,JPEG,page,,,,3.0,0.9157336901569476,5.0,33.0,11
rCFHzah9.jpg,,test,750,375,JPEG,page,,,,1.0,0.5310480517056209,3.0,39.5,9
H2wD2Cwp.jpg,,test,800,534,JPEG,page,,,,1.0,0.901190247273639,5.0,21.0,13
pOdWxgnU.jpg,,test,743,534,JPEG,page,,,,5.0,0.9378938733249236,5.0,5.0,13
3WOfUs8V.jpg,,test,780,552,JPEG,page,,,,5.0,0.7550075430705754,4.0,8.0,13
QnomGMrW.png,,test,830,805,PNG,page,,,,2.0,0.6681904257286674,4.0,15.0,13
bzYOfktG.jpg,,test,1706,960,JPEG,page,,,,0.0,0.7204948941349951,4.0,11.0,13
MEIIpTFk.jpg,,test,1200,800,JPEG,page,,,,3.0,0.9134830328951592,5.0,23.0,13
ANvXuugy.jpg,,test,750,500,JPEG,page,,,,1.0,0.61658522575896,5.0,6.0,13
ZBvUKEFY.jpg,,test,700,493,JPEG,page,,,,3.0,0.8890943385753847,5.0,,1
pmpFP6tE.jpg,,test,1200,800,JPEG,page,,,,1.0,0.8967968010534172,5.0,50.0,10
2T7yQYeE.jpg,,test,600,471,JPEG,page,,,,4.0,0.8866967141398737,5.0,12.0,13
3Ab69ql6.jpg,,test,640,376,JPEG,page,,,,5.0,0.9322822513042396,5.0,5.0,13
o36fxQgG.jpg,,test,600,600,JPEG,page,,,,1.0,0.8949624095687394,5.0,14.0,13
94w0nbLY.jpg,,test,1158,1600,JPEG,page,,,,3.0,0.9182606722581322,5.0,29.0,13
T0d4kIfP.jpg,,test,480,272,JPEG,page,,,,4.0,0.940082962938292,5.0,7.0,13
EnCEWDE8.jpg,,test,750,500,JPEG,page,,,,4.0,0.91767787795387,5.0,10.0,13
KBBAssZV.webp,,test,750,500,WEBP,page,,,,6.0,0.5458771350464291,4.0,7.0,13
9KPYHyTK.jpg,,test,768,1024,JPEG,page,,,,0.0,0.4680089523424704,2.0,9.0,13
SCCerkBY.jpg,,test,1654,2340,JPEG,page,,,,0.0,0.4042176344751693,2.0,33.0,13
IINdF7pr.webp,,test,1200,676,WEBP,page,,,,5.0,0.89065320245548,5.0,11.0,13
chtz5jzk.jpg,,test,768,1024,JPEG,page,,,,4.0,0.902631998696647,5.0,15.0,13
WsL7EGKU.jpg,,test,801,435,JPEG,page,,,,4.0,0.9353067489489872,5.0,7.0,13
TttzcFgE.jpg,,test,650,367,JPEG,page,,,,0.0,0.9222203104422828,5.0,6.0,13
vI3WShwa.bmp,,test,144,254,BMP,page,,,,6.0,0.8926251047482857,5.0,21.0,10
4OR8cPdh.jpg,,test,1082,767,JPEG,page,,,,3.0,0.917863818955475,5.0,24.0,13
W2n52G1r.jpg,,test,1024,874,JPEG,page,,,,5.0,0.7628571739195329,5.0,31.0,13
hgfKArJw.png,,test,480,309,PNG,page,,,,1.0,0.5411592558442044,4.0,17.0,13
QlEiR0iG.jpg,,test,1280,720,JPEG,page,,,,2.0,0.3770696752165021,5.0,14.0,13
6walxVK4.jpg,,test,768,768,JPEG,page,,,,2.0,0.5662333263034391,3.0,36.0,13
pWnaLPgR.jpg,,test,736,515,JPEG,page,,,,0.0,0.927571279275947,5.0,23.0,13
TkcyO0pK.jpg,,test,768,1024,JPEG,page,,,,3.0,0.925167998607731,5.0,6.0,13
WrucuNTl.jpg,,test,830,1478,JPEG,page,,,,5.0,0.4719534546870029,3.0,40.0,13
zT9aeQxi.jpg,,test,1706,960,JPEG,page,,,,0.0,0.9232301890771192,5.0,10.0,13
Q9imR7oT.jpg,,test,768,544,JPEG,page,,,,0.0,0.9088662050101398,5.0,9.0,13
HUGi0nLM.jpg,,test,500,330,JPEG,page,,,,5.0,0.2637006428208369,2.0,10.5,13
2yagSjhm.png,,test,243,286,PNG,page,,,,4.0,0.895513056273964,5.0,8.0,13
TXkxko1i.jpg,,test,1033,774,JPEG,page,,,,5.0,0.9353290344323254,5.0,20.0,13
BF2a88L9.webp,,test,1200,728,WEBP,page,,,,3.0,0.9117922953445812,5.0,24.0,13
iiCd7aNl.jpg,,test,242,280,JPEG,page,,,,0.0,0.931596642490626,5.0,14.0,10
CURsUyvi.jpg,,test,480,360,JPEG,page,,,,3.0,0.9242169241033475,5.0,8.0,13
TSJcHALM.jpg,,test,700,368,JPEG,page,,,,6.0,0.9144201562403362,5.0,8.0,13
gxSxzmWq.png,,test,626,443,PNG,page,,,,4.0,0.7938167055577638,5.0,12.0,13
KJdY1jWR.jpg,,test,752,564,JPEG,page,,,,1.0,0.891175940174203,5.0,6.0,13
qO6OKcRs.jpg,,test,716,537,JPEG,page,,,,5.0,0.719509339660947,4.0,18.0,13
XMWlmHYn.webp,,test,1200,675,WEBP,page,,,,1.0,0.898578365970726,5.0,14.0,13
cIvpkHsH.jpg,,test,453,472,JPEG,page,,,,2.0,0.8037328625380503,5.0,15.0,13
Y978qcT3.jpg,,test,705,667,JPEG,page,,,,3.0,0.9167926885653556,5.0,16.0,13
0GsnAjkh.jpg,,test,1200,677,JPEG,page,,,,3.0,0.9142052085639496,5.0,28.0,13
UtmpkmTz.jpg,,test,736,1164,JPEG,page,,,,1.0,0.7945832568926414,5.0,18.0,13
u18BMse4.jpg,,test,1024,535,JPEG,page,,,,1.0,0.7093340906491851,5.0,8.0,13
yEwOuwUz.jpg,,test,1200,1599,JPEG,page,,,,2.0,0.6099890465711602,5.0,15.0,13
FNnSLEoz.jpg,,test,700,700,JPEG,page,,,,3.0,0.9171738529899454,5.0,21.0,13
WUwowK3j.jpg,,test,736,1004,JPEG,page,,,,1.0,0.899393720271674,5.0,18.0,13
3nA3W49u.jpg,,test,588,971,JPEG,page,,,,5.0,0.8674175906701102,5.0,11.0,13
nq6bdC2J.jpg,,test,330,549,JPEG,page,,,,1.0,0.808522718474074,5.0,9.0,13
0QmUSo8n.jpg,,test,774,947,JPEG,page,,,,1.0,0.7003177692468544,5.0,11.0,13
kSLTls5b.jpg,,test,768,1024,JPEG,page,,,,2.0,0.654518703672226,4.0,21.0,13
cGozUXSG.jpg,,test,790,445,JPEG,page,,,,3.0,0.9143562631753632,5.0,18.0,13
hqJ103Sp.jpg,,test,1024,768,JPEG,page,,,,0.0,0.673960277459884,4.0,32.0,13
raGbK5Tu.png,,test,625,630,PNG,page,,,,1.0,0.8467494885402431,5.0,13.0,13
qATEq0HP.jpg,,test,414,276,JPEG,page,,,,1.0,0.6069434472897933,5.0,12.0,11
oMiIYb91.jpg,,test,1366,616,JPEG,page,,,,5.0,0.590560513124566,4.0,13.0,13
pZsW1GoY.jpg,,test,1200,800,JPEG,page,,,,0.0,0.9209610780491368,5.0,14.0,13
hSxVaXor.jpg,,test,739,492,JPEG,page,,,,0.0,0.921448822734814,5.0,10.0,13
fCHu0AYO.jpg,,test,1060,597,JPEG,page,,,,5.0,0.9340826279854362,5.0,9.0,13
fgVE5ccy.png,,test,864,864,PNG,page,,,,1.0,0.7156472366079736,5.0,,1
myxkjkgQ.webp,,test,1200,675,WEBP,page,,,,0.0,0.931603509753158,5.0,29.0,13
OEWabCe7.jpg,,test,790,444,JPEG,page,,,,3.0,0.9177252490179248,5.0,8.0,13
z2vsKyPU.jpg,,test,500,272,JPEG,page,,,,4.0,0.8913997311231361,5.0,7.0,13
CXBsxs5B.png,,test,895,260,PNG,page,,,,2.0,0.7747785481433449,5.0,14.0,14
Orjz0RPU.jpg,,test,347,280,JPEG,page,,,,0.0,0.4286037669319458,3.0,7.0,13
a5zGM5iK.jpg,,test,1200,675,JPEG,page,,,,3.0,0.9130008708189148,5.0,,1
oam3a8sH.png,,test,750,375,PNG,page,,,,0.0,0.9159095778110852,5.0,17.0,13
731K7Cai.jpg,,test,768,1024,JPEG,page,,,,0.0,0.7807821263379106,5.0,11.0,13
dUllUsCz.jpg,,test,960,1449,JPEG,page,,,,2.0,0.6394197805006488,4.0,9.0,13
feCJMsmX.png,,test,437,703,PNG,page,,,,4.0,0.9121831819448382,5.0,18.0,13
54J05dmZ.png,,test,905,1280,PNG,page,,,,3.0,0.4475102104204397,3.0,38.0,13
edRKaasR.jpg,,test,768,1024,JPEG,page,,,,6.0,0.8588297023226502,5.0,8.0,13
JYfbeH12.jpg,,test,1024,768,JPEG,page,,,,1.0,0.8126047673772788,5.0,7.0,13
MCWevjoy.jpg,,test,657,720,JPEG,page,,,,4.0,0.9331723168470996,5.0,26.0,13
tKOzQYKm.png,,test,840,450,PNG,page,,,,1.0,0.8999719511373663,5.0,16.0,13
59tDe5Gv.webp,,test,2048,2899,WEBP,page,,,,2.0,0.827096073771283,5.0,,1
6VezOnWn.jpg,,test,889,500,JPEG,page,,,,5.0,0.9302919844722662,5.0,17.0,13
AnSP4JJ3.jpg,,test,870,653,JPEG,page,,,,0.0,0.6286531145808745,4.0,8.0,13
Krjvxple.jpg,,test,1700,2313,JPEG,page,,,,5.0,0.5707987644980961,3.0,57.0,13
dfssXIo8.jpg,,test,1280,720,JPEG,page,,,,2.0,0.5917534831242397,4.0,12.5,13
OeILLbO4.jpg,,test,665,374,JPEG,page,,,,0.0,0.9260555952040624,5.0,19.0,13
bn00IwdS.jpg,,test,2448,3696,JPEG,page,,,,2.0,0.6527392038499159,4.0,11.0,13
KEBMdQDz.jpg,,test,1024,1024,JPEG,page,,,,1.0,0.895569704079875,5.0,41.0,10
u8gRNSJu.jpg,,test,768,1024,JPEG,page,,,,3.0,0.2676553591663507,3.0,8.0,13
4Pc0Kc1p.jpg,,test,830,556,JPEG,page,,,,5.0,0.9232572654450109,5.0,14.0,13
eiFKAMFN.png,,test,2822,1698,PNG,page,,,,1.0,0.8945026022501434,5.0,,1
XOb5w4Tj.jpg,,test,768,1024,JPEG,page,,,,3.0,0.9242942305304436,5.0,15.0,13
dZIHQ6IO.jpg,,test,1200,800,JPEG,page,,,,4.0,0.9376639339859352,5.0,7.0,13
PgHL2J1Y.jpg,,test,400,300,JPEG,page,,,,3.0,0.9271090842593828,5.0,15.0,12
NHCgSr47.jpg,,test,740,454,JPEG,page,,,,5.0,0.8350882254467973,5.0,9.0,13
40oY2xIY.jpg,,test,1600,1100,JPEG,page,,,,5.0,0.2983813424512588,2.0,10.0,13
BNarjjGj.png,,test,1200,800,PNG,page,,,,3.0,0.9152817044113434,5.0,12.0,13
uZCXeRsn.jpg,,test,404,316,JPEG,page,,,,1.0,0.8787256368464529,5.0,8.0,13
hiiIL22I.jpg,,test,932,719,JPEG,page,,,,6.0,0.8999246095742995,5.0,9.0,13
bVqDZDkZ.jpg,,test,800,800,JPEG,page,,,,3.0,0.918000127523762,5.0,9.0,13
NlR91Rwp.webp,,test,710,473,WEBP,page,,,,5.0,0.9293674643687164,5.0,5.0,13
w3IjrsOh.jpg,,test,5664,4248,JPEG,page,,,,2.0,0.8237019264202422,5.0,14.5,13
JPtO2j4w.jpg,,test,800,535,JPEG,page,,,,5.0,0.9405541819417744,5.0,10.0,13
XHbRwo0Z.jpg,,test,400,290,JPEG,page,,,,2.0,0.683723035092936,4.0,7.0,13
m2kSqjTS.png,,test,1299,1672,PNG,page,,,,1.0,0.8978290638504332,5.0,53.0,13
wNwpg3Ar.jpg,,test,300,400,JPEG,page,,,,2.0,0.8669274858728541,5.0,8.0,13
eSQjEze4.jpg,,test,300,407,JPEG,page,,,,5.0,0.9059212223933432,5.0,7.0,13
NbEwAuct.jpg,,test,1000,430,JPEG,page,,,,3.0,0.9225165860199448,5.0,,1
Li8nbn2t.jpg,,test,2288,3612,JPEG,page,,,,2.0,0.8501397318472372,5.0,32.0,13
K9e8TMyg.jpg,,test,448,323,JPEG,page,,,,1.0,0.8988782562541735,5.0,10.0,13
3asehMfn.jpg,,test,1280,720,JPEG,page,,,,3.0,0.9140917284019172,5.0,30.0,13
hhV3ZKbu.jpg,,test,696,461,JPEG,page,,,,5.0,0.9305080833201694,5.0,7.0,13
VJM1WbBN.jpg,,test,579,530,JPEG,page,,,,3.0,0.9091725865055768,5.0,21.0,13
c8MnpMk4.jpg,,test,1200,1200,JPEG,page,,,,3.0,0.9167612460836134,5.0,66.0,11
kJJAyZKM.jpg,,test,768,512,JPEG,page,,,,1.0,0.8891645144419659,5.0,20.0,13
MUAVkDjK.jpg,,test,600,450,JPEG,page,,,,4.0,0.9242241914575428,5.0,22.0,13
BzZAMGZC.jpg,,test,1150,1500,JPEG,page,,,,1.0,0.897666584727915,5.0,28.0,13
5p0Dj1Vk.webp,,test,678,828,WEBP,page,,,,6.0,0.9032776479942524,5.0,61.0,9
zMMYfB6o.jpg,,test,1200,677,JPEG,page,,,,1.0,0.8950817481936142,5.0,40.0,11
1aQ8f5iK.png,,test,82,633,PNG,page,,,,4.0,0.8910772843893323,5.0,40.0,7
rWnMvbQk.jpg,,test,840,840,JPEG,page,,,,3.0,0.9174843147607292,5.0,16.5,13
ZebzJoUL.jpg,,test,236,312,JPEG,page,,,,1.0,0.4915178994546271,3.0,9.0,13
ycdhjkBF.png,,test,1160,676,PNG,page,,,,4.0,0.9169408452646344,5.0,,1
uP9TwtV2.jpg,,test,960,720,JPEG,page,,,,1.0,0.9019872768646956,5.0,28.0,13
4Jij6v9g.jpg,,test,1024,1024,JPEG,page,,,,1.0,0.8170375167970636,5.0,30.0,13
UzaG4Ggg.jpg,,test,612,408,JPEG,page,,,,5.0,0.9201880130179636,5.0,11.0,13
X5VKmeBa.jpg,,test,399,501,JPEG,page,,,,3.0,0.9143181397169976,5.0,14.0,13
aaqExlVp.jpg,,test,870,660,JPEG,page,,,,4.0,0.9244544183121988,5.0,111.0,4
HOYLoAta.jpg,,test,620,350,JPEG,page,,,,1.0,0.8866216811192983,5.0,10.0,13
vvTcbLTG.jpg,,test,1920,1080,JPEG,page,,,,3.0,0.8959483820583627,5.0,13.0,13
xKb8yzNs.jpg,,test,700,500,JPEG,page,,,,3.0,0.9164773613153508,5.0,9.0,13
QzYrzlso.webp,,test,1200,1200,WEBP,page,,,,1.0,0.8930807987155719,5.0,25.0,13
ol8RyevU.jpg,,test,1280,720,JPEG,page,,,,1.0,0.880892958361969,5.0,28.0,13
dRCVp0zD.jpg,,test,1200,630,JPEG,page,,,,4.0,0.9291434682204072,5.0,,1
5CHegCkK.jpg,,test,741,400,JPEG,page,,,,4.0,0.9209470039197044,5.0,,5
Bp5dKMs8.jpg,,test,992,1256,JPEG,page,,,,6.0,0.3678050301842924,3.0,22.0,13
HDUihU2T.jpg,,test,250,357,JPEG,page,,,,1.0,0.9011982138901652,5.0,9.0,13
aOLaO5JM.jpg,,test,640,480,JPEG,page,,,,3.0,0.911194167941962,5.0,12.0,13
ZKfXeHba.jpg,,test,5664,4248,JPEG,page,,,,5.0,0.8970730873843076,5.0,11.0,13
RzcsA0iU.jpg,,test,270,300,JPEG,page,,,,1.0,0.8872141837962877,5.0,11.0,13
lYKRQ4Ej.jpg,,test,500,252,JPEG,page,,,,1.0,0.5673096179174499,4.0,8.0,13
xHufZeXk.jpg,,test,1024,576,JPEG,page,,,,5.0,0.9206495068106652,5.0,8.0,13
pqiXIbz1.jpg,,test,260,280,JPEG,page,,,,1.0,0.8952168875621664,5.0,14.0,12
gZ6JRRo1.jpg,,test,320,266,JPEG,page,,,,1.0,0.8949749473773148,5.0,19.0,7
1bSnuvCQ.jpg,,test,4608,3456,JPEG,page,,,,4.0,0.769243947306314,4.0,30.5,13
w1TYNXxv.png,,test,864,864,PNG,page,,,,0.0,0.9238184758567602,5.0,,1
9uBBnvVC.jpg,,test,1280,720,JPEG,page,,,,3.0,0.9173617893082684,5.0,44.0,13
gwK0nORp.jpg,,test,301,276,JPEG,page,,,,1.0,0.8882479568109091,5.0,15.0,11
dvQD5M5A.jpg,,test,770,434,JPEG,page,,,,1.0,0.905703155896986,5.0,56.0,4
nMQ4F1xT.jpg,,test,679,455,JPEG,page,,,,5.0,0.9179578150924594,5.0,12.5,13
j9Sd0Ui3.webp,,test,700,465,WEBP,page,,,,1.0,0.9045617029801484,5.0,14.0,13
dox3Caag.jpg,,test,310,320,JPEG,page,,,,3.0,0.9110085544307654,5.0,7.0,13
CO9rKb3f.png,,test,1001,280,PNG,page,,,,1.0,0.4591069046862969,3.0,17.0,14
GYZj43GE.jpg,,test,768,1024,JPEG,page,,,,3.0,0.9251535203290884,5.0,7.0,13
uT2vYMoU.jpg,,test,1200,675,JPEG,page,,,,5.0,0.932845988306322,5.0,,1
bop5vEvK.png,,test,993,558,PNG,page,,,,1.0,0.8993643144883011,5.0,19.0,13
3XYHokqa.png,,test,404,316,PNG,page,,,,4.0,0.9219465187352752,5.0,,2
93NRlevh.jpg,,test,628,1141,JPEG,page,,,,3.0,0.3171601522333153,2.0,27.0,13
fpIL7VTV.jpg,,test,750,544,JPEG,page,,,,5.0,0.921481436150908,5.0,9.0,13
bO7P6Bkt.png,,test,1200,800,PNG,page,,,,1.0,0.89315978785653,5.0,31.5,13
x8uS9FTz.png,,test,1280,671,PNG,page,,,,6.0,0.9055190436897902,5.0,106.0,4
FFjj4Gt3.jpg,,test,812,1024,JPEG,page,,,,6.0,0.8749438720340524,5.0,6.0,13
WPH4MRoI.jpg,,test,768,1024,JPEG,page,,,,6.0,0.2389677655927498,1.0,9.0,13
JDK2V2xX.jpg,,test,868,868,JPEG,page,,,,4.0,0.9256415684788424,5.0,30.0,13
DA4kTYgw.jpg,,test,500,500,JPEG,page,,,,3.0,0.7825452357567567,5.0,6.0,13
Zz2volKH.jpg,,test,1200,800,JPEG,page,,,,2.0,0.6971650524807733,5.0,22.0,13
NDvBjnG7.jpg,,test,502,720,JPEG,page,,,,1.0,0.9062635358861691,5.0,18.0,13
9HLf4SFI.jpg,,test,1080,1080,JPEG,page,,,,1.0,0.815338500809402,5.0,22.0,13
5qer90We.jpg,,test,640,480,JPEG,page,,,,4.0,0.856408435104472,5.0,7.0,13
z1R8PWlY.jpg,,test,1024,538,JPEG,page,,,,4.0,0.858470734215787,5.0,27.0,11
MBKVuyos.jpg,,test,260,280,JPEG,page,,,,1.0,0.8869332567539283,5.0,17.0,11
dozYNIIq.jpg,,test,875,535,JPEG,page,,,,5.0,0.611870999371184,5.0,10.0,13
hFzwSHJo.jpg,,test,800,500,JPEG,page,,,,1.0,0.8944856358997354,5.0,47.0,10
DKYyzKJl.webp,,test,800,449,WEBP,page,,,,3.0,0.911892782596763,5.0,13.0,13
KrSZbpXE.webp,,test,1200,675,WEBP,page,,,,1.0,0.8978520325541306,5.0,25.0,13
lWLK4H0M.jpg,,test,686,386,JPEG,page,,,,1.0,0.8376092197353021,5.0,9.0,13
YM3XRFaS.jpg,,test,1024,678,JPEG,page,,,,2.0,0.4982493439018828,5.0,20.0,13
VrkXL7CM.jpg,,test,674,505,JPEG,page,,,,3.0,0.916333474749458,5.0,23.0,13
L5aixmxr.jpg,,test,1200,675,JPEG,page,,,,2.0,0.8541362636842702,5.0,19.0,13
mPJCe6hs.jpg,,test,600,400,JPEG,page,,,,1.0,0.8931109891302788,5.0,38.0,8
WcjGi7bD.jpg,,test,433,559,JPEG,page,,,,4.0,0.9302890860172646,5.0,8.0,13
R180IYOy.jpg,,test,900,1200,JPEG,page,,,,2.0,0.8046089877658276,5.0,15.0,13
oRHEsOjD.jpg,,test,1123,816,JPEG,page,,,,5.0,0.4859492926364628,3.0,14.0,13
a9Fj36gc.jpg,,test,610,409,JPEG,page,,,,5.0,0.907307273379377,5.0,,1
ZiyyJUyV.jpg,,test,1200,672,JPEG,page,,,,1.0,0.9058749965112723,5.0,43.0,13
1yKxPNOF.jpg,,test,728,450,JPEG,page,,,,2.0,0.6820882486050561,5.0,8.0,13
d8vlc36Q.jpg,,test,840,672,JPEG,page,,,,2.0,0.8241012704742718,5.0,36.0,12
bnfVNZsA.jpg,,test,977,570,JPEG,page,,,,6.0,0.6484007912086526,3.0,20.0,13
VznA3kbQ.jpg,,test,2512,1752,JPEG,page,,,,1.0,0.4696924715816467,3.0,39.0,13
mVeOzpW4.jpg,,test,245,400,JPEG,page,,,,5.0,0.7495990307877084,5.0,8.5,13
AOijj7wu.jpg,,test,675,450,JPEG,page,,,,0.0,0.7596784680141893,4.0,7.0,13
pqfcNQl2.jpg,,test,673,373,JPEG,page,,,,5.0,0.927904397097645,5.0,5.0,13
ErQMK3aS.jpg,,test,376,484,JPEG,page,,,,1.0,0.8958959449747923,5.0,22.0,8
tZXzX4LT.jpg,,test,1079,1015,JPEG,page,,,,3.0,0.543287879410599,3.0,17.0,13
x6XqsJiB.jpg,,test,768,1024,JPEG,page,,,,3.0,0.9216100696556762,5.0,7.0,13
CAtOcJgM.webp,,test,1200,675,WEBP,page,,,,5.0,0.9219262943606672,5.0,8.0,13
0wyhwwt2.jpg,,test,475,267,JPEG,page,,,,5.0,0.6693250056317093,4.0,,1
ldyaKhEA.jpg,,test,358,1024,JPEG,page,,,,1.0,0.8174207844596812,5.0,11.0,13
NCCpBo66.jpg,,test,1000,1414,JPEG,page,,,,3.0,0.9172666392345336,5.0,20.0,13
BWwQs87e.jpg,,test,850,803,JPEG,page,,,,5.0,0.7923274933429875,5.0,37.0,13
edJIl8Kh.jpg,,test,495,640,JPEG,page,,,,0.0,0.9264232535901696,5.0,6.0,13
D5zDImAS.jpg,,test,736,1308,JPEG,page,,,,3.0,0.9103774839304608,5.0,32.0,13
0w9yioJV.png,,test,638,479,PNG,page,,,,5.0,0.7942211679667657,5.0,17.0,13
Z9wTjC40.png,,test,595,842,PNG,page,,,,0.0,0.7677163638594068,5.0,12.0,13
ML8Xiqip.jpg,,test,453,642,JPEG,page,,,,5.0,0.8532895566485464,5.0,12.0,13
Pye0QO61.jpg,,test,245,300,JPEG,page,,,,5.0,0.9260540190227036,5.0,6.0,13
HJRFkhWu.webp,,test,1200,675,WEBP,page,,,,4.0,0.9206117547934042,5.0,49.0,11
fJmQsHZ2.jpg,,test,1200,675,JPEG,page,,,,5.0,0.9222402521982632,5.0,10.0,13
hkcIa6sl.jpg,,test,570,932,JPEG,page,,,,2.0,0.815880823600048,5.0,10.0,13
CaBDFN2e.jpg,,test,1284,1011,JPEG,page,,,,0.0,0.9318177821488728,5.0,21.0,13
ZRD0PMLB.jpg,,test,1500,1600,JPEG,page,,,,1.0,0.8888770357384799,5.0,41.5,13
rAHK0E32.jpg,,test,600,423,JPEG,page,,,,3.0,0.919151163905655,5.0,18.0,13
fLQ84oD6.jpg,,test,1200,799,JPEG,page,,,,1.0,0.5784968970213834,4.0,7.0,13
k6yv0IDG.png,,test,1500,500,PNG,page,,,,6.0,0.9017014284056458,5.0,34.0,13
wKwx8cCl.jpg,,test,500,690,JPEG,page,,,,5.0,0.5913150160650325,4.0,8.0,13
XHYDtihP.jpg,,test,870,1160,JPEG,page,,,,0.0,0.8791675415528222,5.0,,1
Dhc3vAQj.jpg,,test,1108,1477,JPEG,page,,,,0.0,0.9193957878191836,5.0,39.0,13
CMo54J89.jpg,,test,634,634,JPEG,page,,,,1.0,0.4855879464737871,5.0,8.0,13
LoxzO9bz.png,,test,864,864,PNG,page,,,,0.0,0.5499880319772082,3.0,,1
mNAn6g2p.jpg,,test,1108,1477,JPEG,page,,,,0.0,0.9330952728245288,5.0,64.0,11
2YSySWcS.jpg,,test,1477,1108,JPEG,page,,,,0.0,0.9288488428353368,5.0,13.5,13
WAwRYLGo.jpg,,test,500,396,JPEG,page,,,,1.0,0.6641566852216856,4.0,3.0,13
BCm3HwjR.jpg,,test,640,375,JPEG,page,,,,6.0,0.3483834604489005,4.0,6.0,13
WRwiRSHE.png,,test,694,461,PNG,page,,,,0.0,0.9172803028776848,5.0,9.0,13
