image_id,label,fold
SxrIaKaJ.png,pegon,5
XiR75p4l.png,jawi,4
gpadO4eH.png,jawa,5
IlL62jcp.png,lampung,5
7bEtcJPy.png,bali,5
zyxCuI7G.png,lampung,2
73aL1wGC.png,sunda,1
njrveC8J.png,sunda,3
ZTYUCABk.png,pegon,2
B0Duulnc.png,jawa,2
GwNhxVOc.png,jawa,2
Dogl3mic.png,lampung,5
LQBCi9os.png,jawi,4
bEJQ1vj1.png,jawa,2
zWNJN8BZ.png,sunda,5
7qXUDvRu.png,pegon,5
0niSeWQG.png,jawa,3
Bv36DzSJ.png,sunda,3
Pt87iRur.png,lontara,5
2jUUlbAF.png,jawa,4
x6dPrUoK.png,sunda,2
GShkyfIf.png,lampung,2
K76t73M1.png,jawi,4
5g7dkMFx.png,bali,1
c8MHEGEv.png,lampung,3
y4gs4UZ5.png,lampung,4
qj68JNG7.png,sunda,5
5JyYVH9C.png,lontara,1
gaQknjRR.png,lampung,1
YG6mY32I.png,pegon,3
d33bEEyb.png,lontara,4
YSPUPyxu.png,lontara,2
JXbPYBgS.png,jawa,4
Te34cUKB.png,lampung,2
LgnxrKxM.png,jawi,3
YwwlmsRm.png,lampung,2
gGGmjyOB.png,lontara,3
5xAtC0hx.png,jawa,1
4SJp0T35.png,jawa,1
E9oR7qpJ.png,jawi,1
3NtrDb4P.png,lampung,4
xakFyYvc.png,lampung,4
bnUv4te9.png,jawa,4
VkgRO7Nc.png,bali,4
kp0AJeXF.png,pegon,5
DXfvXCFf.png,bali,1
vJw1Bk6z.png,sunda,4
edDms7eQ.png,jawa,3
iVGrPm07.png,sunda,3
nxLqyARW.png,bali,5
F5cfJph7.png,jawi,1
pZuH1skD.png,pegon,2
Cgm7SMtt.png,jawa,5
YKYBiiRR.png,pegon,1
EDYBqgFS.png,jawa,4
sFQaU09D.png,jawi,4
1G6OvvEA.png,jawi,3
oXoum2iu.png,pegon,4
Ktw3nK3E.png,jawa,3
gzDH2vzH.png,jawa,5
TfawUQgB.png,jawi,5
61T38aM1.png,jawi,3
QC0Juvo8.png,lontara,4
KBj8Ia86.png,lampung,2
iOeFPAaw.png,jawa,3
LPhcTws7.png,jawi,3
TlE7Oxcz.png,lampung,3
FftkHw5y.png,bali,3
osf2Mk0K.png,sunda,2
GdCzS3Xb.png,lampung,2
N0kQdiGM.png,sunda,2
HDd0asDS.png,pegon,4
DiSSswzG.png,lampung,1
EnUYrMAf.png,jawa,5
yCLeeeXi.png,lontara,2
INmr5mlx.png,lampung,4
8AWCnrwa.png,bali,4
RLhRSMeM.png,lampung,3
eE4nS09i.png,pegon,1
5WE6mxHG.png,lontara,1
L87IVQo4.png,pegon,4
U1wjyN6y.png,lontara,1
0kwvlpcB.png,lampung,2
8xxhJ6Bb.png,pegon,2
8cciWNje.png,lampung,1
aWWTw2IR.png,sunda,4
1cWpD1aB.png,bali,2
S09TwP8c.png,jawi,5
KkRvOky1.png,pegon,2
wekTNCpg.png,pegon,2
tsP71GTP.png,sunda,3
W1qhORHJ.png,jawi,2
J6jjni5b.png,lontara,5
ITsTKOTj.png,jawa,1
KN4s05tz.png,pegon,5
6tit6KOv.png,lampung,1
DEBi3a48.png,sunda,3
gbUSSBpy.png,pegon,2
HprvBbT3.png,lampung,2
SZ9LQmqY.png,pegon,4
WH6Y1uB1.png,sunda,3
7HtLdgFd.png,jawi,2
59cAfNnA.png,jawi,1
5WQwwlMO.png,pegon,5
CIoNmM7x.png,lampung,3
BlcAafpz.png,sunda,1
riJDxPPG.png,lampung,4
4YUB17q1.png,jawa,4
7o7qZ7OC.png,bali,3
PbY9aaYp.png,lampung,1
J6iWmO5R.png,pegon,3
Oc72U6LQ.png,sunda,5
lJkj3cWg.png,bali,1
Yi4RimP2.png,pegon,3
Hlt8sodC.png,lampung,3
s6wIepRp.png,jawi,3
tsaSxb3J.png,lampung,5
xAdVGp9T.png,jawa,5
gBVaO0hj.png,sunda,2
bSpPzLTC.png,pegon,4
2nKDXWhA.png,jawi,3
W2b5suqM.png,lampung,4
JXYASCj0.png,lampung,3
FbBVItl4.png,bali,3
fMmXzde8.png,lampung,2
od1Ktiiz.png,lampung,2
L1tEO03V.png,pegon,5
gZtwPFlK.png,pegon,1
kIMUDa5Y.png,sunda,4
dmoAMEXd.png,jawi,3
RKhiIoay.png,sunda,3
QhW3ixlM.png,pegon,2
wCgWMyz9.png,jawi,1
cXMWJr78.png,pegon,4
hKXz7ACw.png,jawi,1
2xw7Dhvb.png,lampung,4
FmfD2nwE.png,pegon,2
C7yrIZIh.png,lontara,4
PXLGGjDk.png,bali,4
R256ODah.png,jawi,1
NnmJrryK.png,jawa,3
F8SiVy51.png,lampung,1
xPC4DkMv.png,jawa,4
LFace5XX.png,jawa,1
Xh9gVIKd.png,jawa,3
fsbBJFWU.png,jawi,5
eS4tgJHt.png,sunda,3
dBZHS1PD.png,jawi,5
Ayyo73ui.png,sunda,3
5VsxHtj2.png,lampung,1
SrKukQkj.png,lontara,1
HbhzJmoO.png,lampung,2
RUmEfifv.png,jawi,4
BlCySNfN.png,pegon,3
iwHFNQF4.png,jawi,5
LZeMaSnU.png,pegon,5
ZrYfhSQR.png,lontara,4
ljhasZYE.png,bali,4
d678THNC.png,sunda,3
zecDG1Iz.png,lampung,3
6Fw5IF86.png,pegon,5
cbI9LiaF.png,jawa,4
BhBiB6IV.png,jawi,2
O3mHCAAz.png,sunda,5
rQwE3JYn.png,jawi,2
AjUQb0b3.png,pegon,5
hdsN1XOa.png,pegon,1
NMrdlQo7.png,pegon,3
XymH4HZu.png,pegon,5
4J4iodWN.png,jawi,2
guJlx9AU.png,jawi,3
DyUxWy59.png,jawi,4
Pasu0aPJ.png,pegon,5
5OgZwMOW.png,pegon,1
RkaK8C72.png,lampung,2
gyUnR6N5.png,lampung,1
rdGdUrCp.png,jawi,1
MNVOGqS2.png,bali,1
xYHPlblG.png,bali,2
tNuYehVt.png,jawi,1
8ccd1F1S.png,jawi,2
9gk1wWnW.png,jawa,4
Be9e06FH.png,pegon,3
g4bH8mfO.png,jawa,1
Qhu1V5WM.png,jawi,3
18Tg7Uaz.png,pegon,4
AiX52esL.png,lampung,5
7EaH9wE0.png,pegon,1
THUF76V1.png,jawi,5
68afgUeT.png,jawa,3
YYX9z6qk.png,jawi,5
d7ZOdmAy.png,lontara,4
OxM6azwn.png,jawi,3
7qQbho8k.png,bali,2
qvD8eEw6.png,jawi,4
bKKgpeli.png,jawi,2
setAWyX8.png,lampung,1
RqAOJYws.png,jawi,1
u3shIy6g.png,jawa,2
FU8GT4fY.png,pegon,2
jKga3mWM.png,bali,1
z8qPWOpy.png,jawa,1
sPuyjKLc.png,lampung,5
P1UDYiv1.png,lampung,1
RCqAX1Io.png,jawi,4
XcPA0JB6.png,lontara,3
79w8f3CP.png,bali,4
bNy7a5lN.png,pegon,1
uH4fcFXm.png,sunda,2
79IQxCFE.png,jawa,1
7wCApGQb.png,sunda,3
a8ahpClb.png,pegon,5
l4Nsqug2.png,bali,2
pFpEBZsx.png,bali,1
Dn6CqMHc.png,jawi,1
cLKYljrY.png,lontara,4
mGZM9lCD.png,lampung,3
a1T7i5bS.png,sunda,1
BH3gxbSn.png,lontara,3
7xLMjLHW.png,lontara,4
NeqSF8C9.png,lontara,3
W5obsPSI.png,pegon,5
C9VIsuaS.png,lampung,2
uQPbzjZg.png,lampung,5
iV9G3QQ5.png,jawi,3
sTjR3Dyb.png,jawi,5
utewAAvB.png,pegon,1
pnwTi55u.png,lampung,3
tkikNRDq.png,sunda,5
cGXyHtmN.png,pegon,3
aTlANXcT.png,pegon,1
i4F7snc2.png,sunda,5
7NriGtD8.png,pegon,1
dSq6Z3tV.png,bali,3
Qc5hknbW.png,pegon,1
ElyfuJMT.png,pegon,1
x7ShvsGP.png,sunda,3
FbTguqOY.png,pegon,4
MIpEzjvJ.png,jawi,1
6MfaKi9r.png,jawa,5
BLyfZBXd.png,lampung,3
5I9nCM7V.png,sunda,1
61dk4lYl.png,lampung,5
djpS930J.png,jawi,3
9AXZfY9l.png,jawa,2
DF1Flcai.png,bali,1
YgJfuvE5.png,jawa,1
3XRv82Kj.png,lampung,4
stPijN3r.png,jawi,4
6oFYlbTP.png,jawi,2
vWj7N2tt.png,jawa,5
MvS8HQOj.png,jawa,3
55CLT8Hk.png,lampung,3
V0wGX7R5.png,lampung,2
9oawNGqT.png,lampung,2
J72xRpsc.png,sunda,5
57bs7slq.png,jawa,1
YK3Ub4KT.png,lampung,2
0iU4d8ZG.png,lampung,4
DAxe0MLe.png,jawi,5
AyRslECF.png,lampung,1
mELYhNJJ.png,sunda,5
fkjCpYsq.png,sunda,5
paMynPIk.png,sunda,1
VppeTfy6.png,jawi,2
bWDGpTWd.png,bali,3
F9EmOnBA.png,pegon,5
upZHwPDf.png,lampung,2
vIJnYN4x.png,jawi,3
x8P27FGa.png,sunda,5
XXqX4MmQ.png,lontara,2
hltmihc8.png,jawi,4
wBpmXjhK.png,jawi,3
FTgJuERy.png,jawi,2
ib1lCQbO.png,lontara,5
KsB6SO8u.png,bali,3
0RiP6KqR.png,lontara,2
VJzTIvxg.png,pegon,5
l0lHHR0b.png,lampung,5
GCNhsDdJ.png,lontara,1
w66oBlv4.png,sunda,3
m0xUELP9.png,sunda,4
RU4Of5AH.png,sunda,5
nrUP68qr.png,lampung,5
6uAymYJp.png,lampung,4
Qcv5zDV9.png,sunda,4
FuGIhjEE.png,lampung,4
f3xm4llA.png,jawi,1
MtyKyDPB.png,lampung,3
dH6D1EwP.png,jawa,1
WM2xqcu5.png,jawi,1
uVhC4zkl.png,jawa,5
TLvZfgpc.png,sunda,2
Zlo7h3np.png,jawa,2
Yn3uXJfi.png,lampung,2
sGLsCJIC.png,jawi,5
ykq5P8mF.png,lampung,4
B3Uzmx2u.png,pegon,3
BRolDhp3.png,jawi,5
UfrqVzUh.png,lampung,1
A0shgBFV.png,jawa,5
cTEtK9zF.png,sunda,3
b4B7d5ll.png,jawi,1
AquaWOXd.png,jawa,3
3dclfBcd.png,jawi,1
t84PLUjt.png,lampung,5
463G0Ht6.png,pegon,3
S0zbR2ca.png,lampung,3
DgfwiJq7.png,jawi,3
xX4k0Iwm.png,bali,5
odtGQPrl.png,sunda,5
trtlGlvb.png,sunda,1
Gcttufo2.png,jawi,3
uqIBKc71.png,sunda,2
gagP6CWw.png,pegon,4
rTJxCIqL.png,bali,5
XeQC49L6.png,jawa,2
YJfS9mlO.png,pegon,4
2MbXihTq.png,jawi,1
kcB23A2v.png,bali,4
L9tVkVXc.png,jawi,3
HPsdSMSo.png,bali,2
OKHFc0xR.png,lampung,5
kRtSXqLd.png,sunda,4
YxMvVphQ.png,bali,5
cfFtlmwR.png,jawi,5
tjWyfHS1.png,bali,3
5l4URRs2.png,pegon,2
p1IJ0qTz.png,jawi,1
6NdRB2nV.png,sunda,3
NVagteoV.png,bali,2
JIoIseGk.png,jawi,1
WRuNwJ9Q.png,lampung,1
GlaZZ42x.png,sunda,1
BJ4eecVX.png,jawi,2
cz8YUaNj.png,jawi,2
oYBCH1GC.png,jawi,5
vLiJDcfz.png,sunda,2
ZvfLChka.png,jawi,2
5ENLInZf.png,sunda,2
JaAYEY9v.png,lampung,1
uNk2Pji4.png,lampung,3
P8bvkp33.png,jawi,3
Jrzj22qi.png,sunda,1
G8BghqMy.png,jawi,4
v1wDJE1K.png,jawa,3
3OEGXVWl.png,lampung,4
r4sazkrB.png,jawi,4
9KyaSDOr.png,pegon,3
oLfaGedt.png,lampung,2
LnXG2KaK.png,jawi,4
ckmJ5Zh7.png,jawi,3
rrhaheQQ.png,sunda,3
w57AYeJK.png,pegon,3
bgCw1ls7.png,pegon,5
LleCoaPm.png,jawa,1
Pz0sgpA4.png,lampung,1
OyuxLiGq.png,jawi,3
gYcl2Ztg.png,lampung,3
YcUJIE7M.png,jawa,1
WPXGQnCz.png,jawa,1
YAjzCk0W.png,sunda,2
QBJfmn19.png,jawi,4
CsLAwcZm.png,lampung,1
uEfERL4G.png,lampung,1
FGZPmG6z.png,pegon,5
7D3yq85B.png,pegon,5
L93wkrK9.png,lampung,2
49ZhHNj5.png,jawa,1
68PWHspf.png,pegon,5
YU8YA3YJ.png,jawa,2
C8UqnFBT.png,sunda,5
EoEYYS0c.png,pegon,5
mgdNKjC1.png,pegon,3
lyfmp4Hk.png,lampung,1
E2pP2wiN.png,bali,2
0vcG60TH.png,lontara,4
rEHekt8u.png,jawi,3
1eCjSdRv.png,lampung,2
1PhwYZl3.png,jawa,4
YVQ6iiUU.png,jawa,2
YkcTFGRg.png,jawi,5
axEX9ABC.png,lontara,2
hCDC3NKM.png,lampung,2
qexV42Ip.png,sunda,5
2GTmdVJZ.png,sunda,2
C0IkdJZp.png,sunda,1
NV6Hx5tc.png,lampung,1
wDh3e5Ko.png,sunda,2
GsxM4bFc.png,pegon,2
PzG3Xfvg.png,jawa,1
HMj0rv6L.png,jawi,1
A4HV9PhM.png,jawi,2
2T6Pzoym.png,jawa,1
HTU0Ste7.png,jawi,4
dqaM4zJ8.png,lampung,2
pk6IEVOc.png,lampung,2
2DxpXBMt.png,pegon,2
vUfx6WrH.png,jawi,5
2G5DR6f6.png,jawa,1
uKObRykM.png,jawi,5
Z03IVOtP.png,jawa,1
9TJ0GVpo.png,sunda,3
gzHX45bu.png,pegon,2
ezrWj5OQ.png,lampung,3
lWQzCo11.png,jawa,2
1PiZW9m0.png,sunda,4
6ovIbG2x.png,lampung,3
KXs4VXyL.png,lampung,4
rZWo0AVq.png,sunda,1
EzyRlOhR.png,lampung,5
1jY4KABg.png,jawi,5
rgWX5DS5.png,jawi,3
h0wRGTm0.png,sunda,1
23T6iILy.png,sunda,4
C3yekTBn.png,lontara,3
1MfzpnrV.png,jawi,4
oZnMOKxR.png,pegon,1
Fia1jK0X.png,lampung,4
e9seSuWU.png,pegon,3
6t4T5ksY.png,jawi,3
uMOVTeAu.png,jawa,2
GIcyQMpK.png,jawa,2
GXCLtwWS.png,lampung,3
BQ33bnD1.png,sunda,3
AKu7qEnb.png,lampung,3
jMIlbyzj.png,jawa,4
7AyACFiR.png,pegon,3
aG2XPTqX.png,jawi,1
KmE3Wlau.png,bali,2
UsGI8WVt.png,lampung,1
GxZEdfHi.png,lampung,3
Wf7GkTgN.png,jawa,3
w9q2mv5g.png,pegon,1
UlbU8tco.png,jawa,3
JY8Uvmvl.png,lampung,3
cjCtW9vJ.png,bali,5
0yqGos3e.png,pegon,5
4igjENk7.png,sunda,1
0ETfHMwe.png,jawa,2
Cd4AarO5.png,bali,4
K7DtvknL.png,pegon,4
0kVLADpM.png,jawi,4
nWY5zpR4.png,lontara,3
Axhqeagr.png,jawa,5
e6bTGEhB.png,jawa,5
oIpAiFAH.png,lampung,1
hXecLNMW.png,lontara,5
YLbxheGn.png,sunda,5
uvthEv84.png,jawi,1
D5zOPOj0.png,lampung,1
ye30tNQg.png,pegon,1
qPce2RGC.png,sunda,4
rrJCzJsb.png,bali,1
SK6xvWLW.png,pegon,4
DgHEX1hQ.png,pegon,5
w0v3rBXo.png,lontara,3
YEwagQyt.png,jawa,1
4DIcWLzw.png,lontara,3
ID4kcQrj.png,jawa,4
OkYLvrnh.png,pegon,5
XBk2ktLp.png,jawi,5
BBpCXJwI.png,pegon,3
34Ghu6ka.png,lontara,4
Mso5c7wt.png,lampung,2
uQxJBuls.png,jawa,4
kNRJJJui.png,bali,2
ajCjSP0w.png,pegon,3
QeGjTguT.png,sunda,4
zZWTYVDs.png,sunda,2
mB6qQ2oy.png,jawi,3
b3c0UYlW.png,jawi,2
MfQC2Kr3.png,jawi,4
Ho5VxbCR.png,pegon,1
4xS0BQgR.png,jawa,5
bcP1tt6r.png,bali,1
iTjRussr.png,jawa,3
SyjbN73A.png,pegon,2
kC9uGruF.png,pegon,3
WIFW8F8N.png,lampung,2
t8RZQZo9.png,bali,1
ZidgBp7D.png,lampung,1
xeVyBGKz.png,bali,4
AKyG3j6t.png,jawa,5
YXSk9d0A.png,jawi,1
sJp74Uxz.png,bali,1
mPQYAKjp.png,jawa,4
LuyjB9OG.png,jawa,5
RAtABcAT.png,pegon,2
Pol4mIJm.png,jawi,2
HTMqSPls.png,jawi,2
qLsMsCEl.png,lontara,3
gsORvclG.png,sunda,3
0T6WJ7cV.png,pegon,3
CgjxyJdH.png,sunda,2
X9M6unC2.png,jawi,3
IpgN4Fqw.png,sunda,2
CW81QpRG.png,lampung,5
MEnFNL0f.png,lontara,3
jEB6CHLY.png,bali,1
TZxJlDL1.png,bali,3
aQ1Y7rhp.png,bali,4
BHEgkL1B.png,pegon,2
FtBk0vvy.png,lontara,2
ZAq2aRdq.png,jawi,5
xwDtp9uR.png,pegon,3
qCgD1XIt.png,pegon,2
kNAeelBi.png,lampung,4
Py4YxOFa.png,lontara,3
qaGjkqFC.png,jawi,5
biQSIzZf.png,bali,2
oo9uroIk.png,lontara,4
QJpKruCo.png,lampung,4
iOZbfNcT.png,bali,5
sMZ3LgWZ.png,lampung,3
qRSNxJfq.png,sunda,1
Ufoqua7X.png,lampung,2
Eqwx3IHd.png,lampung,5
sh6HcrYm.png,jawi,5
3scxWpVY.png,lontara,5
wVNoWzzC.png,jawa,2
xqoS2z2l.png,bali,2
QYOcZ4pZ.png,lontara,2
ojEKDjFZ.png,pegon,3
6s9qPemT.png,lampung,2
cEViaCWK.png,lontara,2
pJKpoc9p.png,sunda,1
FXMnHRjk.png,lampung,5
RpDaRKgl.png,lontara,2
bInPjyOs.png,jawi,3
2sDpVpnd.png,pegon,1
FjF43BaC.png,jawa,4
RK50IyNT.png,jawi,2
enk34B1E.png,pegon,2
4FF2JARU.png,jawa,5
02qV7tl8.png,sunda,2
mktAKEwW.png,lampung,5
MSrLzdrf.png,lampung,5
ndN6TouG.png,lontara,4
gASYrxoX.png,lampung,2
jkZZMYYt.png,jawi,3
qGcnVLcm.png,lontara,2
yitDFeVv.png,sunda,1
titiXf54.png,lampung,5
AvlaBzV7.png,jawi,4
JOtIrNkY.png,lampung,2
j64aPx62.png,pegon,1
fqNBDqhL.png,lampung,5
UpYYiOZ6.png,sunda,5
qlUG4Jrg.png,lontara,5
Y9uCrh5w.png,pegon,2
VOLBjEeo.png,jawi,2
h21onedu.png,jawa,2
IE61mkGW.png,sunda,5
Osuo0pom.png,sunda,4
4Hl13bZr.png,lampung,2
aCgUxoVU.png,pegon,1
WLtVLNFr.png,pegon,4
EeINILuQ.png,pegon,2
RluBIiB9.png,sunda,1
nT4atQga.png,jawa,3
ySybxgAu.png,bali,1
tNpc1gKh.png,jawi,5
H0utL44l.png,lampung,5
jUXXw4cF.png,jawi,5
KLwhf7Do.png,jawi,4
IyQpvk3H.png,bali,4
77qjeksi.png,lampung,4
UlIFRgag.png,jawa,4
7OtAaulf.png,jawa,5
XjiKh5tf.png,jawa,4
MWX7EosX.png,pegon,5
fn4GBxFC.png,jawa,4
K1ZQIPH5.png,jawa,3
K6iwEcDq.png,lampung,5
K69kKyy7.png,sunda,4
36447OZJ.png,jawi,4
SajIieuj.png,lampung,4
EbuUh5Gl.png,pegon,5
bbYDUDN4.png,lontara,3
GyLie6rx.png,jawi,3
lYyzB0N4.png,lontara,3
EbbRaaI8.png,jawi,4
c0HK8Elo.png,lontara,1
AEAmXsnU.png,lampung,3
EQxiCrz7.png,jawi,3
GZ0OGFej.png,jawa,1
id1IvanI.png,pegon,2
rsN8Faxv.png,bali,3
EoOITFsC.png,jawi,5
3g0vAgB8.png,bali,1
niTqA3KA.png,jawi,5
Wjy5LN2E.png,jawi,3
QNb5pPkK.png,sunda,5
jmxX8HMw.png,jawi,2
EQP7zrcJ.png,lontara,5
rkj86slB.png,pegon,3
oX8t4Zyy.png,lampung,1
DwJej7bu.png,pegon,1
uoCPA1IS.png,jawi,1
O0uOyG4U.png,lampung,2
PS7oATYv.png,lampung,1
vw155Kwq.png,jawi,1
FsUBnSvQ.png,sunda,4
lC4IAj5L.png,lontara,4
F2z8o4Kl.png,jawi,2
lUxTv9XY.png,pegon,5
KnFloBeJ.png,jawa,2
uYQZ29qC.png,pegon,2
mCqvPc97.png,lampung,1
XsfSqy50.png,jawi,5
0QSWPyFN.png,lontara,3
GitODCpS.png,pegon,1
DcnNqZAB.png,pegon,3
daESi0VB.png,pegon,3
gvKLbHmW.png,jawi,1
qtc2AB3Y.png,jawi,2
PI0eRyZg.png,sunda,4
B1yijhN9.png,sunda,4
z9U73FKq.png,lontara,3
i6o1rUti.png,pegon,4
NhmyLviu.png,sunda,4
n9CrPQkK.png,sunda,1
NufCsFkJ.png,pegon,1
H7EwPJvu.png,jawa,2
sA7aQbuA.png,sunda,4
o28cm4o0.png,pegon,2
oDjud9b6.png,lampung,4
xlVcTL0G.png,pegon,5
zYZ1WFgP.png,jawa,4
EQTwRXHM.png,pegon,2
NdZyUwtb.png,lampung,3
im2D0ANs.png,jawa,2
h7HwLEx7.png,lontara,4
aSRRJPmo.png,lontara,2
ADAom9mJ.png,lontara,1
Db6ZeyKp.png,bali,5
T8BGnCHN.png,jawa,5
DQv7n1Bf.png,pegon,1
qniGAf3V.png,sunda,2
ysGnFqst.png,pegon,2
eTXJwT6K.png,lampung,2
UeVNY2Bf.png,bali,4
PFR2LDKO.png,sunda,4
6mLt9FDu.png,jawi,3
khr6z7Du.png,sunda,3
FWFjTsEd.png,jawa,2
ECmWewHc.png,jawi,4
p1yXHAO9.png,lampung,3
IneJtpWX.png,lampung,4
Vp5mBHzS.png,jawi,3
Cit3e0ZH.png,lontara,3
fh3uPnH6.png,sunda,5
vf2HEIyC.png,lontara,3
LSqbBLvA.png,lampung,1
QbWY9V0R.png,jawi,3
ozibWJ0M.png,pegon,1
Qg45ZQPS.png,lontara,5
3NWiGhoX.png,jawi,2
FE6LbYOo.png,jawa,3
u078a3W0.png,jawi,1
VotL8Yq5.png,sunda,5
kftFuQq9.png,lampung,3
6mTmsrHU.png,jawi,3
vaqKJeRz.png,jawi,5
k6NcQ6Kj.png,lontara,3
C9yQl4fH.png,jawa,1
gpFB2Qug.png,bali,2
3necbyp7.png,pegon,3
GHXmn67S.png,lontara,2
xDHco9Oq.png,lampung,5
q7k5dP8R.png,lampung,2
t9UPPpWZ.png,pegon,5
niRPi8kB.png,sunda,3
j1jL21k2.png,pegon,3
BIgOWiYK.png,pegon,4
HVqjDdC1.png,lontara,1
8ePMBLJc.png,jawi,5
iZMgMYvK.png,lontara,4
i2Id6uBU.png,pegon,2
DYPJP7vB.png,lampung,2
HpKembd2.png,lontara,1
8Lt99Kmk.png,lontara,2
RA7amfiN.png,pegon,3
ZP5jwO68.png,lontara,5
6T9fE2w5.png,jawi,4
9cIOMiyV.png,pegon,1
iMqqhdLX.png,lampung,5
hL7dWS2v.png,sunda,2
CytqtqNa.png,lampung,2
MKvVlAPI.png,jawa,3
KaJX1CaJ.png,bali,5
THKOEWlU.png,sunda,2
76bpCV3M.png,sunda,4
ygHC2ZR7.png,bali,5
2reUMd07.png,jawi,4
RRPXgg0Q.png,jawa,4
vmpyHuCK.png,lampung,2
wtv3YKZB.png,jawi,2
6DZmakIy.png,jawa,4
6aJKT0P7.png,lampung,4
J5TVh8iT.png,jawi,2
KsF4Awut.png,pegon,2
zdJdGufU.png,jawi,1
9bVjvl0u.png,bali,2
k3u8F2BM.png,bali,5
wPRaNdDu.png,pegon,2
Bjz5XUB3.png,jawi,2
A4Ns0v3p.png,bali,2
Uk3ZI18h.png,pegon,1
WTIgHMer.png,lontara,1
DKqaspYL.png,bali,5
fqcYkupj.png,lampung,5
v7lLWHZx.png,lampung,1
wWE5eSMG.png,bali,3
Oir6olYX.png,jawi,5
aNwNduC1.png,pegon,4
uvnNnobA.png,jawi,1
aa4YBQI1.png,sunda,5
dPiJAaut.png,lampung,2
m0mhKhmH.png,sunda,5
PzaDnQo3.png,lampung,3
ejubNquD.png,lampung,3
4sR8YfcS.png,sunda,3
KMcrrFqD.png,bali,2
QevzLRx9.png,sunda,4
0JyyDIqD.png,pegon,1
drCAE5LH.png,sunda,5
q6CMZbc4.png,jawi,4
XDfhsgSy.png,lampung,4
SAE8HIJO.png,jawi,3
WdqvNonA.png,jawi,5
7jOxSLBB.png,jawa,4
RfhTuZBt.png,lontara,3
4AI03fCF.png,lampung,5
GxI8yf96.png,jawa,5
G6lLSn3C.png,lontara,3
7N1hDAfk.png,bali,1
2bFgjAMg.png,jawa,1
7fsUqLBa.png,lontara,2
XMD7q1GR.png,jawi,2
G3p5m44L.png,jawa,2
yy7n6dL9.png,pegon,5
pJxVoXYE.png,lontara,5
PzX2M3G2.png,jawa,5
Vr7P1Bma.png,lampung,4
QfRBydJP.png,jawi,5
OTlgPJ14.png,pegon,2
m8CKiPF4.png,jawi,3
pqHlrmfp.png,jawi,4
KvdPAGUZ.png,pegon,2
A2ypxs2j.png,jawi,3
VOHC6Fv2.png,bali,3
P5snCxhf.png,sunda,4
HPI2fQm2.png,pegon,2
pjRn1OFo.png,sunda,2
d1oNQ8wo.png,pegon,2
YXHnHlE4.png,jawa,4
UQGy8JtS.png,jawa,2
LGurRAsR.png,jawa,3
FKKAswyW.png,lontara,5
I6Fmy3R9.png,pegon,1
6CUyXwdz.png,pegon,5
mm9pn7Vs.png,bali,4
Dm86hVA1.png,lampung,3
ZfFVNMVx.png,pegon,4
YrLLsBiu.png,lampung,1
iXpOdQsM.png,bali,4
baXllJaS.png,lampung,3
s3htlkCa.png,jawa,5
yrqGV9ey.png,jawi,5
dWVX77Ng.png,lampung,1
ThWApk3S.png,jawa,5
zscl47v6.png,bali,2
E2xHpN9W.png,lampung,1
JtE40mxy.png,sunda,2
p3UxVCx6.png,lontara,4
aPw6L75f.png,lampung,4
kN2rnpGP.png,jawi,2
AIIB30f5.png,jawi,1
k2rxe91A.png,jawi,4
2Fw5JKGT.png,jawi,3
s9oq8par.png,lampung,2
2ntNUtAt.png,lontara,5
ym3QMg8b.png,jawi,4
1skKftHj.png,lampung,4
RIf4QYAG.png,lontara,1
CgZjCQON.png,lampung,5
mf3yRVzV.png,pegon,2
Z97vvCdi.png,jawa,1
iylG3DSP.png,sunda,2
07mLGdf9.png,pegon,2
GmFXJb6t.png,sunda,1
ARLiptrr.png,lampung,2
qsb0qvpf.png,jawa,3
x48NC7aN.png,sunda,3
NIWXt7Bt.png,jawi,5
z0F9vEvB.png,pegon,5
GoZwAmhd.png,pegon,4
ZND535xh.png,bali,3
c8bwohzB.png,pegon,5
8NQyXSfk.png,lampung,3
rmZhQS9q.png,lampung,3
HowlegsM.png,lampung,2
r00LpDkq.png,lampung,4
qu2ChTd9.png,pegon,3
QWMhLpwV.png,lontara,3
NrtFcdds.png,lontara,1
A4uF0kin.png,lampung,3
M6cSqqER.png,pegon,3
cQiK0vQy.png,lampung,4
PoYVt1VI.png,jawa,5
W7inRCRn.png,lampung,3
wqEYXXJi.png,lontara,2
fFgy2ohG.png,jawi,4
stEi2zK9.png,lampung,5
V1QUQxZC.png,pegon,1
F0xGjZi6.png,pegon,3
J42XlOVU.png,sunda,3
edgoS4iD.png,jawa,4
T7HaNv1C.png,pegon,5
wbdNFcGz.png,pegon,4
tQapF8RO.png,lampung,1
zswlf4Cb.png,bali,1
brqdgVPD.png,lontara,3
rzT2752S.png,jawi,4
nSiZh3rF.png,pegon,5
NJMgyMsG.png,sunda,3
zHHmeaqK.png,lampung,3
TQG52tc1.png,jawi,5
u8LCWuFn.png,pegon,1
49NlPn8c.png,lontara,4
mjoTz75P.png,jawi,3
Yp6QDBoh.png,jawi,2
LEprC7pY.png,pegon,4
IY3766KV.png,pegon,1
5hTsTHd1.png,lampung,5
CDYxjO2v.png,jawa,5
QJiRWLlZ.png,lampung,1
0nw4BPDn.png,lampung,4
ChUky7uM.png,jawi,5
S8uGoORP.png,lontara,5
ZYhj7oYc.png,pegon,2
XA2ABLx3.png,pegon,3
2gPZaPKD.png,jawa,2
YxPGjHyZ.png,jawi,4
jCVF7HEX.png,lontara,3
LkYARhlE.png,jawi,2
TzeKbHoR.png,jawa,2
VWINUjz2.png,lontara,5
Z6jXysAp.png,pegon,4
yMDh78Be.png,jawa,2
IHa5nnph.png,jawi,5
5QvRCD7C.png,sunda,1
EQDuGgFw.png,pegon,3
JTS9vCSz.png,bali,3
QKmjvIsX.png,lampung,4
zOb9zEBQ.png,pegon,2
gUAOWfT9.png,jawa,3
w8o9vdqz.png,jawi,3
wHObpyQP.png,jawa,3
8x1w33Zs.png,lampung,2
gQbkWEId.png,jawi,3
28OAL9lX.png,jawi,4
kBc7vPYT.png,lampung,5
rwJtmnyu.png,jawa,4
cf99gz99.png,jawi,2
8K7JiWvC.png,jawi,4
DAgn42QO.png,bali,4
fWFbMXZk.png,sunda,1
Yqs0upEa.png,pegon,3
IOBbsUM1.png,pegon,1
XCUbpYDK.png,lampung,2
bA5J8u5U.png,sunda,4
tE50ch5y.png,bali,2
WwdY0jTz.png,jawa,1
KC67Fli8.png,lampung,4
9y4d9Rfp.png,jawa,4
1NqJWig6.png,lampung,3
IWyH8LvJ.png,jawi,2
IdVXZQ2R.png,lontara,3
z2dcFxy0.png,pegon,4
Z7z9QvOn.png,jawi,3
2GLrGUOl.png,bali,1
CYjoiiyF.png,lampung,5
GZiSAu2S.png,lontara,5
0TuZaIlD.png,jawi,1
SZQDPKQx.png,jawa,2
8vmrVMu8.png,pegon,4
kBytyzL4.png,pegon,2
zbNas0PY.png,jawa,5
qVFMoOke.png,jawi,4
r0LamLUO.png,lontara,1
FtxawnSw.png,jawa,4
QWSRVDwn.png,lampung,2
etug9r3Z.png,sunda,3
KUjXao0f.png,sunda,3
8eiV09a9.png,jawi,3
Uvfh4Poy.png,bali,1
61rDkiji.png,pegon,4
JJcSqlhA.png,lontara,1
CqluRmji.png,lontara,4
FH99W4Xn.png,pegon,3
j7soiotf.png,bali,3
vQEibfvv.png,lontara,1
qJwfQRNJ.png,lampung,5
RDnJI8Y3.png,pegon,4
CniB5D3a.png,jawi,1
JOvOFyZh.png,jawa,5
85kyULwF.png,jawa,2
SZk1VbfX.png,sunda,3
eoN3JDT9.png,lampung,2
VnIaOYNR.png,lontara,2
2k8AUQjp.png,jawi,3
PpwnF8FG.png,jawa,2
sABFLHIn.png,lampung,4
RSnyYS92.png,lampung,4
tMo7tXrr.png,jawi,5
E4Q7kqiu.png,jawa,2
BQUXSOxV.png,pegon,2
71GVof1z.png,pegon,4
yGy9kfku.png,bali,2
sh9rUg6r.png,pegon,1
njilWE8X.png,lontara,2
ShErqnVm.png,lampung,3
d8rZee19.png,lontara,1
1Xxn3pVV.png,jawa,5
rHHgzn2v.png,jawi,4
OSsYOVRr.png,lampung,3
GcXYvZvz.png,sunda,3
dLpc0ucL.png,jawa,4
3qxUBEL3.png,pegon,4
WFkzTDFm.png,lampung,5
4i6HoUxV.png,sunda,4
MLkhv3D4.png,lampung,1
X45DaTJm.png,bali,3
pGcD8YAY.png,pegon,3
nSQXg4FB.png,lampung,4
fU1pOpgb.png,sunda,3
tKhnWmnn.png,lampung,1
xaCVYSve.png,lampung,2
XGZEf2Aq.png,lontara,2
D8HdQiKc.png,pegon,2
nwSCCwZr.png,sunda,3
O4LrmJol.png,jawi,4
jMqPfFaa.png,pegon,1
JZ3ti2WV.png,sunda,1
bb8YrHfu.png,lontara,3
VJRzM180.png,jawi,3
YnYkIbYH.png,jawi,1
R0tD3GLC.png,bali,4
3zpaIYZP.png,jawi,5
tFmC4wAc.png,jawi,2
u92NiLKH.png,jawa,4
2Nty0u2v.png,jawi,1
ZrBSm0ay.png,sunda,4
R7hXN0Is.png,jawa,4
09PgyTT7.png,lampung,4
CckPJb7Z.png,jawa,2
e414zUvj.png,jawa,2
ebhZgz0E.png,lampung,5
Xg65BY3P.png,lampung,3
8qPwiXrC.png,lampung,1
XBhBDg7i.png,lampung,3
oxyndgPe.png,sunda,5
9oqzs9qx.png,lontara,4
odD0O5D3.png,pegon,3
IgoBASxm.png,bali,4
MspkLt7E.png,lampung,1
OLW1nlK6.png,lampung,2
eErcJtxV.png,lampung,4
XykiCcpX.png,sunda,2
oScQBOyb.png,pegon,1
oR112ze9.png,jawi,3
bJLJGVlV.png,pegon,1
4dxUZzmz.png,jawi,5
BEp2ecgf.png,jawi,1
WBcXXpqm.png,pegon,1
xVNy6WDB.png,bali,3
DUny88xh.png,bali,5
8Rm7nDGg.png,lontara,2
choTfLD5.png,sunda,3
iXgnXmCv.png,jawi,2
BRWBWS6p.png,sunda,4
VdLNM3W8.png,lampung,1
oeKuS0iB.png,jawa,1
PbobTz7L.png,lampung,1
voBbJjsu.png,pegon,2
7Ha7hpkC.png,pegon,2
nFqrx6N4.png,jawi,3
Sygn4f0M.png,lampung,4
b0iF2CTT.png,bali,1
GT1cETKa.png,lampung,5
aa1nwDXG.png,bali,3
poxYjw8i.png,sunda,4
IcbvzgRM.png,pegon,4
jPtFvwO7.png,lontara,5
NsTtI4KT.png,bali,1
6F1ibKfQ.png,jawa,4
BuvOP2rJ.png,bali,2
BoN0wEl6.png,lampung,2
qwjDhKjI.png,sunda,1
batkgbdv.png,bali,2
QFITA17m.png,bali,2
1kFURWTM.png,sunda,1
pi1koaCG.png,bali,2
PKkvHovJ.png,bali,1
l3sEbeMG.png,sunda,2
S2LnsPn4.png,bali,4
h3bNR2wl.png,sunda,4
LTYUKfIW.png,bali,2
N2zFxSOi.png,jawa,4
Ly2x1SVN.png,pegon,5
TtWbyema.png,jawi,4
D2nDbjMN.png,lampung,1
sBKrWgzj.png,pegon,1
NYqz6rNj.png,jawa,4
RdkkAilw.png,lampung,5
MUfGVCIU.png,lampung,4
QsiOZpZl.png,jawi,5
cs9cua3i.png,lampung,2
qvFKrvvc.png,pegon,5
oRGev7Pj.png,lampung,4
FoPqbvuW.png,lontara,4
tcL8ft2D.png,lontara,1
n97oYdkd.png,jawi,5
oVWNNlH7.png,sunda,4
hMYRtlJk.png,jawa,3
MJ0ar3Ba.png,jawi,1
3ofFY2Sm.png,jawa,4
siwF2MmU.png,jawa,3
NA5VHBgm.png,lampung,4
OK4UFhlw.png,sunda,3
NFzxrArQ.png,pegon,2
nbtW9bVE.png,bali,2
9rQRSZJt.png,jawi,3
yRpkDAc3.png,pegon,2
ZUeiocJQ.png,lampung,1
cWEXpCqP.png,lampung,5
QJG2flSb.png,lampung,2
qESXeLFx.png,lampung,3
Uh5IjS1j.png,sunda,4
w5N9PNNM.png,sunda,3
TZbJEc5Q.png,lampung,1
ikxVtKWj.png,jawi,1
1ZXt5YVc.png,lontara,2
VCntaz7J.png,jawi,5
ScgQLc8D.png,lontara,5
L5RSkhHq.png,jawa,2
bUXrN0U8.png,pegon,1
aR2WPQJu.png,pegon,5
RdA2oMDc.png,sunda,2
1ZoygnsD.png,jawi,2
B4fqSHPu.png,sunda,3
pqnVdpac.png,lampung,2
HE7pRcW0.png,jawi,5
d8z061u0.png,jawi,4
2A63cZF0.png,jawi,2
dq7nTl0e.png,bali,2
aDH5W4Qj.png,pegon,4
NElrFQPm.png,jawa,4
8MjmtMqh.png,lampung,1
uufSFSKn.png,pegon,4
3Smk3AKE.png,lampung,4
U2nA0Cet.png,bali,3
xOfR5IRv.png,pegon,2
cUEn977l.png,pegon,1
CCzzkLVk.png,lontara,3
zPEg8b0E.png,jawa,4
XGO4pjTI.png,jawi,1
5zEGbmuw.png,lampung,2
43ik68b4.png,jawi,4
vYCsX9US.png,lontara,5
VO9PCuJE.png,sunda,4
oP4vfjOb.png,sunda,5
C4DWB474.png,jawi,3
cdpS87Z0.png,lampung,5
s1qR4aHe.png,bali,4
PnrEr8ZT.png,lontara,3
3DZIpr0D.png,jawi,2
XPYzUDEj.png,jawa,2
PqFZrE4J.png,lampung,5
2GHdL2HV.png,jawi,5
jDP92arf.png,lampung,5
23UsjIFW.png,sunda,5
CsPBfLQA.png,jawi,3
JZ1whhs3.png,lontara,3
3uK7UIKJ.png,pegon,5
nL4gJTNG.png,jawa,5
TczqNdsP.png,bali,1
cXOBfe2u.png,jawi,3
Knbrhds6.png,lampung,4
4uAmoYZt.png,lampung,5
wnz2exYX.png,sunda,4
8Qt2WSim.png,lampung,4
b2xNIOw0.png,lontara,1
bN951kQr.png,jawa,3
eHc1UOgQ.png,pegon,5
yZdJUHlj.png,pegon,3
IvZc4Sdh.png,sunda,2
JNBuhPOK.png,bali,4
TzqdqtA0.png,pegon,3
P1m06Z7A.png,jawa,3
v1OXeYbY.png,lampung,2
wgakSBPA.png,lontara,1
SvkcCYTX.png,bali,4
6GA4sPiL.png,lampung,3
5D9e3p1c.png,lampung,5
ZQ11xJiX.png,jawi,3
nFajvoB2.png,lontara,5
HAU8PlN5.png,lontara,2
iQhIXrzU.png,lampung,2
Cyayh52v.png,lontara,3
GCPsfsSH.png,pegon,1
KgWndiJv.png,jawa,3
RJq9FlCW.png,lontara,4
lDwHJQr1.png,jawi,5
69KpwbyP.png,jawi,2
jCXHi2dB.png,bali,4
oz6axggI.png,jawi,4
3YAeVKBz.png,lampung,3
m4z1XZzL.png,jawa,2
14Lt4WlT.png,sunda,3
C26KLenr.png,jawi,3
hou8FR6i.png,lampung,5
Hut8cofA.png,lampung,1
e10WL4yp.png,jawi,5
hf7YHOni.png,lontara,4
NA5TIdrN.png,jawi,2
JsqQpKkl.png,pegon,3
TinA0US9.png,jawa,2
cdyCdzC7.png,jawa,3
czAlIux8.png,jawi,3
0L3z3SQN.png,bali,5
RM32xtTW.png,jawi,2
qYlEZN9z.png,bali,3
bxlXmak1.png,jawa,5
SuRtdxTJ.png,jawi,3
8yjpTIAh.png,sunda,2
d5y6kFuS.png,pegon,3
VcYUUu2z.png,lampung,2
KlctSWiv.png,lampung,5
x6RVUnPi.png,lontara,2
SY5W0eL6.png,jawa,2
UDpKEE02.png,sunda,3
U8jUC8UB.png,jawi,2
2aWpINt9.png,jawa,1
08zlkoX2.png,lampung,3
3Wpj1kDG.png,jawi,3
4cClALn9.png,sunda,4
c1yd0RVE.png,lontara,2
0ZinjJ8h.png,pegon,1
eFl19t80.png,lampung,4
T3IryATF.png,jawi,2
nliFDXFf.png,lampung,1
uAfUeweZ.png,jawa,4
4I5C6He0.png,lontara,5
WyDE9uju.png,jawi,3
cRp4rTDy.png,lontara,2
TelalwGU.png,lontara,1
4kCwDtpp.png,jawa,5
Jn5BcYtr.png,jawa,3
1kXUAIq7.png,bali,4
b38LRCGl.png,jawi,4
luuPnhLk.png,jawa,5
FhuLCH44.png,pegon,4
BstH3txE.png,bali,4
2dWrOTZ0.png,lontara,4
V6dmXQ8j.png,lampung,1
mo5lpfJu.png,sunda,5
91t7JrTl.png,lampung,4
EFg5wH6t.png,sunda,5
RchftR0f.png,jawi,1
3XWDQfar.png,lampung,3
RluiVo0S.png,jawa,1
mT2iYZyD.png,sunda,4
qSZlUe8k.png,lampung,5
myShL7j9.png,jawi,4
DtpUPwCx.png,lontara,2
KxlNUzn7.png,jawa,1
xUkeAEQ7.png,sunda,1
GCBUFSD6.png,pegon,5
imyRMBu5.png,pegon,1
GisEHIBs.png,lampung,5
SLGwgWFQ.png,sunda,2
npFTkZEl.png,jawa,1
g0Ki3YeX.png,pegon,5
0BdtHwHo.png,lampung,5
J6eKKjs0.png,jawa,2
bII0BuJs.png,jawa,5
waT5eupf.png,sunda,2
m6DGems1.png,jawa,4
1LxX81mj.png,bali,1
tYZZwo8Q.png,sunda,4
tsBTvthV.png,lontara,4
sylxCbu1.png,lampung,4
imk9b4r6.png,lontara,4
HNvaRLps.png,jawi,1
6yDphqpC.png,jawi,1
WjQhQf9E.png,pegon,4
sR5RaBni.png,pegon,1
y3ms7SWl.png,jawa,3
s3gRCrqz.png,bali,5
Yt4OzZN9.png,sunda,4
Yylhe9J4.png,lampung,1
0yIg2TTX.png,sunda,3
obEVSnS1.png,jawa,1
AFBPhNbP.png,sunda,2
sDWo87at.png,jawa,4
up3YLKIQ.png,pegon,4
lJvlTvSv.png,jawi,2
ptje4qo0.png,lampung,2
EeIu96l7.png,pegon,3
ssX67UJG.png,bali,5
02DYtVWP.png,lontara,1
ml0G8LKd.png,pegon,5
j6zCaxtl.png,bali,3
3bjvCM4C.png,lontara,4
Ize2iuqX.png,sunda,1
RE7R177P.png,jawa,1
rF7sKHop.png,bali,1
WbigaXJX.png,pegon,4
5kkyLLXz.png,lampung,4
PoQOsLAf.png,lampung,2
2oYhMFk5.png,sunda,4
hcJHuAFS.png,lampung,5
yDsXaVgR.png,jawi,4
FYqQ8ppo.png,pegon,1
TfcA21uN.png,pegon,3
lItSF14C.png,lampung,4
aYrY3N0P.png,lampung,3
Pjd0DFHr.png,jawi,2
G5iDNLkt.png,lampung,5
rEi5INrR.png,sunda,3
Z5bSFyOf.png,jawi,1
lyoeSEFQ.png,lontara,5
vCBlktfJ.png,jawi,1
ams0UyIa.png,pegon,1
tfbx6iQk.png,jawi,2
q7CjdSfv.png,pegon,3
zAap0P33.png,jawa,4
vlDt7fuJ.png,jawi,3
sccA221q.png,jawa,5
xFqN4S6v.png,jawi,3
ryofwTi8.png,bali,5
f7nqO3pF.png,pegon,1
6UYoKDZ6.png,lampung,2
x8DFOy4x.png,lampung,1
cGRm8z3q.png,jawi,2
dsIbKUKi.png,jawi,1
MJNAGd5O.png,jawi,1
ZXrsChlh.png,jawi,4
eqOaC3Td.png,jawa,4
LZZUYaqO.png,lontara,4
8GThUUUO.png,pegon,2
QZb1mAUD.png,lampung,2
tVHGMw7T.png,pegon,4
8LkDxhjG.png,jawa,4
Px20xlVJ.png,jawi,1
0QcoNbRP.png,lampung,5
bBenvn7g.png,lontara,1
8SGmO45T.png,jawi,2
dCxENrPF.png,jawi,1
NWXapYVA.png,lontara,5
9YpwaHYQ.png,lampung,4
TAwQPmKK.png,bali,3
5icda3eD.png,sunda,5
OV2CQGNU.png,jawi,4
KKELYNTz.png,sunda,2
ZIcBrC5j.png,pegon,3
5dUveaUc.png,sunda,1
GRzgRLrT.png,jawi,3
llobMCyU.png,lontara,5
kDh0nHKJ.png,jawi,5
cH4v16Zz.png,pegon,2
RbiCvqh7.png,jawi,1
cz53MGD5.png,lontara,1
OrvM6Roe.png,jawi,3
VeznkrRf.png,pegon,5
TSEYmX0S.png,jawi,2
WLGZ8Ywy.png,lampung,3
gtcC3Itf.png,sunda,2
mD5xYMgl.png,pegon,3
fzjB5XJq.png,pegon,1
hJ1ujoI7.png,jawa,5
OCr0drxC.png,jawa,2
oGQ50NpF.png,jawa,2
kqcAF6E1.png,lampung,5
KNAz3Txi.png,lontara,3
aYNgcM0f.png,sunda,2
r7niaR1S.png,lontara,4
NghfO4TE.png,pegon,4
nm6LbwuL.png,sunda,4
61TvBL5y.png,jawi,3
5XnLUpz2.png,lampung,3
ATaCCYT8.png,jawi,1
M1xPccTs.png,jawi,4
ORuXtWYK.png,lampung,2
VQ6FFF5g.png,sunda,5
LozqxAEF.png,jawi,5
sW6k113S.png,lampung,3
CCGwP4tR.png,sunda,5
LLVcMeF8.png,jawi,3
JZSUGukA.png,jawi,4
2FVuBmWQ.png,lampung,1
nVkau9kL.png,pegon,5
Imobjmho.png,lampung,1
73FKTrVv.png,jawa,3
1jidwbhg.png,jawa,5
nwqDSKV3.png,jawi,2
KGz9p91I.png,pegon,3
PPnGaRFq.png,jawa,2
jzbHXLGA.png,pegon,3
hZhzHCox.png,jawa,3
qnj21lPB.png,sunda,1
bgrG5mbL.png,lontara,1
p4RDClb0.png,lampung,1
wZk58O4Z.png,jawa,4
BXBQcwEv.png,sunda,3
VsY29Wj4.png,lampung,5
LgzzeUcb.png,pegon,3
jggok4js.png,lampung,5
l1bjJOgG.png,jawi,5
PE2ZjPoR.png,pegon,1
3DHZnULK.png,jawa,3
vO0RLeFy.png,lampung,4
ToSitrhF.png,jawa,4
UNuzIs0Y.png,sunda,1
RHRUrTNl.png,sunda,2
K6sLM1PX.png,jawa,5
o3vW7R22.png,jawa,1
oYjS4eR5.png,pegon,1
2BozHr8h.png,pegon,1
kaBJEVY7.png,pegon,3
nS70bGrD.png,lampung,1
mwagcXIb.png,sunda,4
SegfJjyr.png,sunda,1
zqiAz26W.png,lampung,4
AnowqxVH.png,pegon,2
gINUEZn1.png,lampung,2
EV3dVZQD.png,sunda,3
bGwwt5Ng.png,sunda,2
WgIa0H1k.png,jawi,2
wOKSxgCq.png,jawa,5
MiYLtRLS.png,jawi,1
KmnLOaEW.png,jawi,2
12NFsfvW.png,lampung,2
RO8EUNAS.png,lontara,4
WJkCD5kR.png,pegon,5
QZRUqCbn.png,lampung,4
BDpH623z.png,jawa,4
KyrSfG8z.png,lampung,5
LZGykrzn.png,jawa,1
Di1LVOfS.png,jawa,1
W1A89xhz.png,jawa,2
3PlrNBxB.png,pegon,5
Z4LPxXBc.png,bali,4
TciYeQri.png,pegon,2
3otpsqvf.png,jawi,3
rxrM0VVY.png,sunda,4
0URMoePv.png,jawi,5
RT0gnzwq.png,lampung,1
nxAQ0sp5.png,jawi,4
pXFtjODK.png,lampung,2
50O7OeXb.png,sunda,5
tksmmWqQ.png,jawi,2
gkpEJ2xi.png,lontara,4
Bo76h2Vj.png,bali,4
Yl9avIpY.png,lampung,4
6TPvnknD.png,sunda,4
cyfjAgi1.png,jawi,3
EuM4sD43.png,sunda,2
knE3wZNB.png,sunda,3
F2v1iesG.png,lampung,3
6kH35d5G.png,bali,2
K6hxCaSv.png,jawi,5
O251vEx5.png,lampung,1
YK2vpOUY.png,jawi,4
0sALIxsQ.png,jawa,2
V1mr1dfO.png,pegon,5
v3cybtJ1.png,sunda,3
HCaNxSv4.png,jawa,2
tyNkM80A.png,pegon,3
N7SRVeot.png,pegon,5
acAkBpv3.png,lampung,3
SuaqlWxd.png,lontara,5
pooHvBWA.png,pegon,3
LvnmV8ep.png,pegon,1
KmnHxbdr.png,jawi,3
oEgXwlaI.png,jawa,1
p4gwmE0j.png,lontara,2
wI63YtzQ.png,bali,3
b4Hg0Tla.png,sunda,1
PEjgpidH.png,lontara,1
f94o8PoP.png,lampung,2
4VFPj8IM.png,lampung,5
7nbQRjoy.png,pegon,3
WpxZutfw.png,sunda,4
iwsszKTY.png,sunda,3
b4oa4t2p.png,bali,5
egkTnE8x.png,jawi,5
RwdjyLdO.png,pegon,5
BdC9YSKj.png,sunda,2
Kt7xAVCN.png,jawi,2
JeBQ57n8.png,lampung,2
AMRJRWTn.png,lampung,3
hMmeYYps.png,lampung,2
OMqtOTIh.png,jawi,4
tv5yWT6p.png,pegon,1
p89msgrI.png,pegon,4
n6t0EOG4.png,lontara,4
m3fP6GV3.png,lontara,2
oKvnXANl.png,jawa,5
4XDikUff.png,lampung,5
YCRfYfws.png,jawi,5
Cgext54D.png,lontara,4
n8BzVmHD.png,jawa,1
omg1CH9r.png,lampung,1
riOjCDwK.png,jawi,3
xxw2buGs.png,jawi,5
Hm6jG5tv.png,jawi,5
hZbv0dby.png,lontara,5
c8LJa06T.png,lampung,4
GCruo3Oo.png,jawa,1
NnFFxT0c.png,lontara,3
rVCSJAyv.png,sunda,1
emXgyRJo.png,lampung,3
hMafMeWu.png,lampung,2
UGgYElDA.png,sunda,4
3KrSzVb8.png,jawa,4
6BcnwQq4.png,pegon,1
K1aE1C0q.png,lampung,2
9oT8UBFI.png,sunda,3
Xin7c3R2.png,jawa,2
Y4p4j3Ju.png,jawa,1
WTJmHrbc.png,jawa,2
c8JjnNpd.png,sunda,4
qvCkZIBG.png,lampung,1
L0Juo7fR.png,jawi,4
mDoccykR.png,pegon,3
Xldliem9.png,lampung,4
MzVaN9Ia.png,lampung,2
2HZBEhpc.png,sunda,3
7QVe1Kty.png,pegon,4
sc3HMDDu.png,bali,1
jYZgFEKy.png,jawi,2
2voeAlO4.png,sunda,1
M8nF1X7l.png,jawi,2
vKAoPzbw.png,sunda,5
Pf3rUgkG.png,lampung,5
5ZD3KT3z.png,jawi,2
zw2WTz4G.png,pegon,4
K4CdiUFZ.png,jawa,1
YhXpdjPd.png,lampung,3
BIQwocMq.png,bali,5
ARR8vVuc.png,jawa,4
tdgyJpfL.png,jawi,3
zNbRh2MA.png,sunda,5
yxOMsW26.png,jawa,5
Om2FiblE.png,lampung,4
wUTYDkjN.png,jawi,2
g1bd6NUz.png,jawi,3
FNbzwhdk.png,lontara,2
WvH6ouf8.png,pegon,1
Y8ItJZ86.png,lampung,2
9sa6jMzg.png,jawa,3
gmqFb9jf.png,jawa,4
yJVnFeI4.png,pegon,1
42AuXpVJ.png,jawa,5
gHNMppku.png,sunda,3
PVV0GQOL.png,jawi,2
4Y3ci7R7.png,sunda,1
Rw6orHeO.png,sunda,2
mCUSvUv0.png,pegon,3
C04yfeDH.png,jawa,1
E0tP5ymk.png,sunda,3
XOPFxom5.png,jawi,4
b3gp8pbY.png,jawi,3
92weGsyW.png,bali,1
OI3z5acC.png,lontara,3
pZr2kTaU.png,pegon,5
ac4ubKtd.png,pegon,1
ixXTNYr2.png,bali,3
WLYj3ujK.png,jawa,3
9mgwjKFd.png,lontara,1
vv7gFAoQ.png,sunda,2
yD1v8sp8.png,jawa,5
sLSwFakS.png,pegon,3
oHlXEVPJ.png,sunda,1
4vJsCqRw.png,lontara,1
sLrVByPi.png,jawa,1
9AsvKW1J.png,pegon,4
WqL2Jng0.png,sunda,5
8C0KEdgX.png,pegon,4
7XIHQbwu.png,jawi,5
vlNDLRTQ.png,jawi,2
0H3Zkne1.png,pegon,3
80XGkQGB.png,bali,3
3MoOCRjE.png,sunda,1
xFpRi7LS.png,sunda,3
kpc37MAc.png,lontara,2
QfpGMR0P.png,sunda,5
C0YoDOxo.png,jawi,2
X0FZeG9H.png,pegon,5
EP0uFkst.png,jawi,5
dkzw6cAB.png,lampung,5
LZQLj3qG.png,jawi,1
BeAHK7YT.png,sunda,5
0BQwFBLH.png,lontara,4
YBbC1TXz.png,jawi,5
ytFPS2il.png,jawa,4
cYcN1Iov.png,pegon,2
XO3XgU7R.png,jawa,3
U5yY61mX.png,pegon,4
28451IvI.png,sunda,1
6ASb1ye7.png,jawa,1
8o7oyjiN.png,pegon,5
caVz0LiI.png,lampung,1
qCCmFzrf.png,lampung,2
r671hwMN.png,jawa,1
7mWJxfCJ.png,pegon,5
cnfkBXfc.png,pegon,2
kGptILqg.png,jawa,3
mjHqbyRT.png,jawa,3
DvfbZVsk.png,lampung,5
tGmZuDbO.png,lampung,2
NC2gVhrY.png,lontara,2
20MoMhPH.png,sunda,5
Oe0T721d.png,pegon,3
LKpVG42X.png,pegon,4
NbIpfsLj.png,lampung,5
C46zcu85.png,jawa,4
NOAcP1RY.png,lampung,4
vbZk0od1.png,sunda,1
gHn3XLbR.png,pegon,5
BB9jaiNE.png,bali,5
DNDkwc53.png,pegon,4
Lf2WR5Pp.png,lampung,2
M8CrDzFh.png,lontara,4
317pHUN1.png,jawi,1
w3r8sBgG.png,jawi,2
moZy4FT2.png,jawi,4
HWc74HVc.png,jawi,4
aQrd59Lz.png,sunda,4
61eK5Vum.png,jawa,3
KF3VK4Ix.png,lampung,2
zskvPSAE.png,sunda,2
7AXWXSNB.png,jawa,3
qzj5le1z.png,lampung,3
4ss1XeOP.png,jawi,2
TN4NfqlW.png,bali,5
sxdH73iI.png,bali,2
MLcaFo1y.png,jawi,2
DLQHa4mD.png,lampung,2
rT0HTsz2.png,jawi,5
sf5iE8mF.png,pegon,4
3Ny1thoa.png,jawa,3
k2Ji621r.png,bali,5
TS3L4tju.png,pegon,5
t2ytmSoi.png,jawa,5
Rte1JQRv.png,jawi,2
cZENS7JS.png,jawa,2
W0C7TbrZ.png,pegon,2
Y7LMeGDr.png,jawa,4
uOcM5HZ4.png,sunda,1
jStvWTlh.png,jawa,3
BKOqhUlL.png,sunda,2
ayADa7k6.png,lampung,5
BFq3TvyS.png,jawa,3
tFuatttL.png,bali,3
b5xt7pZq.png,pegon,4
ElQ8eGwf.png,lontara,4
wlfbV0oP.png,jawi,4
iaqDOZf4.png,jawa,2
dHPVnl9Q.png,sunda,1
bnbQJAN9.png,jawa,1
mbOXkyQA.png,lampung,3
lls24cVW.png,pegon,3
wMqZWOJU.png,pegon,2
NObz6T5q.png,pegon,2
relGPqgF.png,sunda,1
u671mLSh.png,lampung,4
ZE7smt2Y.png,lampung,3
8rbdmCMM.png,jawa,5
J26dna6p.png,jawa,3
wmXVo7BX.png,pegon,5
NmTdsc8i.png,pegon,1
CQgcZsMs.png,jawi,2
QSx9Tefb.png,sunda,3
GcD27gkW.png,jawi,1
QoexlvWW.png,lampung,2
5vXVgSn9.png,sunda,4
8tgIt6fh.png,lontara,5
qdF48zrQ.png,pegon,4
rscXnlOp.png,sunda,5
gkQ3Trdr.png,sunda,1
oXtKmBof.png,lampung,4
hIcRsrmL.png,pegon,4
umjXSNPC.png,lontara,2
Mq3oZQ6U.png,pegon,1
ulAMRwPr.png,pegon,1
VDnMSqBZ.png,lampung,2
QHkFiCcp.png,bali,2
X2JsrHDz.png,pegon,3
56TjVnjr.png,jawa,1
2HwZGmvX.png,lampung,2
Yjxt8cGT.png,pegon,1
uHp6UQZq.png,pegon,3
FWiGV8bG.png,jawa,4
9rKePQ8h.png,bali,5
8DwrOn2H.png,pegon,1
C4MIcKJr.png,jawa,5
wasmBixT.png,sunda,1
m3RD1Uea.png,sunda,5
iMG0s3Gg.png,pegon,5
GOFicFO7.png,jawi,4
dMM5L69S.png,pegon,4
dfTVX6bO.png,lampung,4
Hk8sR697.png,lampung,2
Sfg7FrRP.png,lampung,5
fexeyBt5.png,sunda,4
xfPQ71PS.png,pegon,5
IYJUQs5I.png,pegon,3
rHNoxAtO.png,lampung,1
pyUvFoul.png,jawi,4
32WgqzZ5.png,jawa,2
NXbP65Xh.png,bali,4
CCg50rHr.png,pegon,5
oorrLnPw.png,lontara,1
kCBpYVbg.png,lampung,5
nhNqqDnA.png,jawi,1
iGXHsCtM.png,jawi,1
O1fJtSwf.png,jawa,5
8dFryIBy.png,lontara,2
7u6frnW0.png,pegon,1
Qc8uSini.png,pegon,3
TckZhNUh.png,pegon,1
7gA3aiKb.png,sunda,1
fjMJK3ym.png,jawi,3
Fm4IAN3u.png,jawi,4
2Q3IL49u.png,jawi,5
zWHu9JmI.png,jawa,1
w2y8Anbn.png,jawi,1
kYFwV4Nv.png,jawa,3
lkSQmQpI.png,lontara,4
F7qxJI2B.png,pegon,1
784j5cjr.png,jawi,4
KnW4o205.png,lontara,3
OliUi0LA.png,lontara,4
wDH5SGF7.png,pegon,2
xBv4KOmp.png,bali,4
w4ppIZx9.png,jawa,1
eznzZQLq.png,jawi,3
HFUcjEnZ.png,sunda,5
yhyEr1RP.png,lampung,1
n1ZnQWMO.png,pegon,5
crFVBO2G.png,lontara,1
ZDdr885Q.png,sunda,4
cj8TpDsB.png,sunda,2
iFdTtUZO.png,lampung,4
GvmnY2VG.png,jawa,2
9x7GjAkG.png,lontara,3
HpgH48Jw.png,sunda,4
d6hqWZCE.png,lontara,4
ZbgO4G2N.png,jawa,5
ySCdStWj.png,jawi,5
a2tWAotu.png,jawi,3
LpvjJyLN.png,pegon,4
mlDd7KyK.png,lontara,3
Yz5n0eUO.png,bali,1
s2AHtMKY.png,jawi,3
l3OOvh8D.png,jawi,3
vBAVAQ3Y.png,pegon,3
siKCq7qd.png,lampung,1
QOb1UzES.png,jawi,1
WjMQPiQi.png,jawi,5
zXzVlu8P.png,jawi,5
PnNXAUVO.png,lampung,3
83GACi6i.png,lontara,4
FdeUt4TM.png,sunda,3
K2Vz5KrQ.png,sunda,2
LUp6efKA.png,pegon,2
SDDP3Cyu.png,lampung,5
QgJlFUvJ.png,pegon,4
8eFU9TTt.png,lampung,1
hjQtC0A0.png,pegon,5
8aYwDbSZ.png,sunda,1
5JvmYh2g.png,jawi,3
k5fyQUD7.png,jawa,5
4ozuY5uu.png,bali,4
Un4dHFMd.png,jawa,4
n86MhOTz.png,sunda,2
Z1Vi06I6.png,jawi,5
AvdYMFzi.png,jawi,2
sobv0K9w.png,pegon,2
agf2gPrx.png,pegon,4
3KzFDfCr.png,jawa,3
v6YdGnIc.png,lampung,3
l6nrGYt7.png,sunda,3
QfST9lXl.png,jawi,2
SjrvMohO.png,jawa,2
0OHll8pC.png,sunda,5
3Zc5SgJK.png,sunda,1
lq7Vlf8k.png,jawa,3
4Mqh7sTK.png,jawa,2
4mql8x2r.png,sunda,2
d81kXIKi.png,sunda,2
wZCLEtlY.png,jawi,2
MrW3Cv8t.png,bali,2
m2M3qymP.png,jawa,5
O02qHFJp.png,jawa,1
img8fMCz.png,jawi,2
nKhcxWbc.png,pegon,4
knc0fzmS.png,lampung,4
3rsKyJtH.png,lampung,5
1dBCTMe7.png,jawa,5
JcfFyYyJ.png,lampung,2
Ft7AWWYE.png,pegon,2
HZfSNxPT.png,sunda,5
UH8nZWdp.png,pegon,3
j5XPGZaQ.png,jawi,5
nK3FBC1w.png,lontara,4
Vf0FM8gx.png,jawi,2
GlTXu7cA.png,jawi,5
qKXx9xKp.png,pegon,4
2jb1cIa7.png,bali,1
36loPqHi.png,jawa,4
BoG1KCaJ.png,pegon,1
DVj9IaKO.png,sunda,5
4TltEvq8.png,jawa,3
BDqWdmI5.png,jawi,1
dHz1blrq.png,sunda,3
vCFMS4jc.png,jawa,5
OB3iRUNP.png,jawi,1
DHV6bnhV.png,pegon,4
ONFMyfa6.png,pegon,2
YYPX7AVR.png,lampung,2
8nz8RLRM.png,jawi,3
wsGNlTEQ.png,jawi,1
SujUTC7Q.png,sunda,3
SrGQvlZs.png,lontara,4
yPtUMCsZ.png,bali,5
SJiOWAeY.png,lontara,5
qHg5OPKd.png,sunda,3
ZMeNL381.png,lampung,2
I3DVYX67.png,jawa,3
FFQQz1vB.png,sunda,2
5XPg06x8.png,jawi,2
hvuEmRkR.png,sunda,5
B82aWLEd.png,lampung,2
pueHxAjt.png,sunda,3
E676oAV2.png,sunda,4
wdrfsK9D.png,sunda,2
hOg4HWo9.png,bali,3
DayeYAQn.png,jawa,2
0Mqyoa0J.png,jawa,2
G55wHgVk.png,jawi,3
1xrOjcUj.png,lampung,1
3G2FsNXW.png,sunda,4
6YJTysvv.png,jawi,5
nubogkVa.png,lontara,5
SsbS18ul.png,pegon,5
YmLUVboM.png,jawa,5
HHln0Sjx.png,jawi,5
phTxXfMu.png,pegon,3
3boOyZCX.png,pegon,4
kI0m4DGb.png,pegon,3
Nv9vaElA.png,bali,5
NAETW72M.png,sunda,1
Nwgn7Wrx.png,jawi,1
Qpp3eLf2.png,sunda,4
hASwmHYn.png,sunda,4
RP2inEjd.png,bali,3
k7TdTaMt.png,jawa,4
ZsFYRKpw.png,jawa,3
GyjXydFw.png,bali,2
9PxgUxmc.png,jawi,3
Egu4zbrX.png,jawi,4
hNuAw1DH.png,jawa,1
ZmqrOrNr.png,pegon,3
eZTNQmBF.png,bali,5
7nLMmWWd.png,jawi,4
sTHnJw8U.png,jawi,5
vuXlf6gO.png,sunda,4
Yg45eqOE.png,jawi,2
ICJvaORz.png,jawi,5
0mpqYu2h.png,pegon,3
Uam1Sq5X.png,pegon,3
h6shgogS.png,sunda,5
8RIVRVHB.png,lampung,4
I3XTeCOm.png,pegon,3
kdtuMKPy.png,bali,5
8w719Fuc.png,pegon,1
0ACAlV8j.png,bali,3
JD2j0DKR.png,jawa,5
QBMs0ScI.png,lontara,4
ogAU3Qgv.png,sunda,3
Wja7t8qL.png,sunda,4
Dv9EQxtb.png,sunda,3
IiMMT8s8.png,lampung,2
4xefokN3.png,pegon,2
FF8sOiva.png,lampung,4
cxXohjYi.png,lampung,4
ZItUwMcz.png,sunda,3
RvjfTC9l.png,bali,1
sc2LvWid.png,jawa,4
5oiNQzmB.png,lontara,4
Aja7QzOB.png,jawa,5
r9GP4bHW.png,jawi,5
1wsMssoL.png,lampung,5
ijH84Cp6.png,pegon,1
mcQMKYkK.png,sunda,5
3VXesh3T.png,jawi,2
uQLRpKXK.png,pegon,2
nIXyys5O.png,jawa,3
9SU8z2Sp.png,lontara,1
xUeMDW7a.png,pegon,4
cnMgWoWA.png,jawi,3
pHAAQca6.png,pegon,5
xZRdzdNE.png,jawa,4
32ljDCfS.png,pegon,5
aRuiHfXN.png,lontara,3
crALoLq9.png,sunda,3
7IkuKP38.png,lampung,1
PO7ahJNl.png,lontara,4
51zsiXdc.png,pegon,3
IV7avkWF.png,lontara,1
MF7ca6o2.png,lontara,5
fdtNesDb.png,sunda,3
kL1yiCXg.png,pegon,5
G7TQAlfi.png,pegon,2
6cAiELGU.png,pegon,5
KdywFddA.png,pegon,1
76uSfL98.png,lontara,1
wsfr60G5.png,pegon,4
g4Pv8f24.png,jawi,2
ecGsJaBX.png,lampung,3
t78VlHzz.png,jawa,1
BsJtjRay.png,pegon,3
Gt1Y9LUn.png,jawa,3
3nvzHYWb.png,jawa,2
UOBuwb1F.png,lampung,3
AAHD3elo.png,jawa,5
GN9EVkMm.png,bali,1
VkIpoUpn.png,jawa,1
ytw8F8ej.png,lampung,5
YRGBTkWW.png,jawi,2
71kFaMc8.png,jawi,4
2cYD7bZ1.png,lampung,4
J3z64LUL.png,pegon,5
1PnElars.png,lontara,4
sG7nx9ug.png,jawi,1
ZuK9AqqP.png,jawa,4
bhLje3Zw.png,pegon,2
HZoHXGoI.png,jawa,1
BvN0kAmG.png,jawi,1
3OkdhLcs.png,jawi,5
AWIR6dAb.png,lampung,3
CMfOkE7N.png,bali,1
LEX7KiTn.png,lontara,3
EjPGZ4qv.png,lampung,1
62vNYalX.png,jawi,2
6Bcfu9pj.png,jawa,3
wg2tRxri.png,sunda,1
lT9zzUxe.png,sunda,1
y5ft18Dy.png,sunda,4
YU9Ae1Va.png,sunda,2
doyKEzrY.png,pegon,2
8hwaaNNd.png,pegon,5
2tho3hUr.png,pegon,3
rvSEepic.png,sunda,4
bs0Ff45T.png,lampung,1
0uI1tH60.png,sunda,3
49XX2kpf.png,pegon,1
FtJN0akT.png,pegon,1
u19VMm0p.png,bali,2
dFwzIi06.png,bali,2
1vLHzXgD.png,jawa,5
AQmhZkZC.png,pegon,3
La6QyH3N.png,jawa,3
6wXQUpBC.png,lontara,5
v3ji33vL.png,jawi,5
ruHTmE92.png,jawi,2
KAyOktdt.png,jawi,5
0bLzXm08.png,lampung,5
xsFGnes8.png,bali,3
lf6h4EEX.png,jawa,2
AiLJEZlc.png,lampung,1
OiqEPCdq.png,jawa,1
wHFKCRPA.png,lampung,3
ZGGLGb1K.png,pegon,2
AclUJnc1.png,pegon,1
muW5KoG3.png,lampung,1
g87VbJJ9.png,jawa,2
gWDS8N5H.png,jawa,5
384rHTEw.png,pegon,4
bdzUVoLO.png,jawa,5
RqgSds15.png,sunda,2
I7gROcLG.png,pegon,2
a03e1Ocr.png,bali,1
7M4esanM.png,lampung,2
7W7HsLgF.png,jawa,1
xr9B2gVI.png,lontara,2
Q6gMABvM.png,lampung,1
Je9H5lU0.png,lampung,4
JVcjNCAT.png,bali,1
JkTQ6yo8.png,jawa,5
PGNOOhvL.png,jawa,4
b36W5nAj.png,jawi,1
Z0Agex67.png,lampung,3
HvGXaC13.png,jawi,1
whhoxBVI.png,bali,3
8dl6bE8B.png,pegon,2
XEQnxKcm.png,sunda,2
XUmC1yK4.png,pegon,2
j1t7fD4D.png,lampung,4
gZ41g6MA.png,pegon,1
Vz3JaOKr.png,bali,2
p1pLM2wZ.png,sunda,1
FMWdLjyQ.png,jawa,5
1IfNKLV6.png,sunda,1
QP15xxzF.png,lampung,4
ls7BTYjS.png,lampung,3
oTeCUg8I.png,pegon,5
2dxjNC37.png,lampung,4
oOPsiuNX.png,jawi,2
x6FVJaHo.png,sunda,3
5VChyH3A.png,pegon,1
EBV13Hjl.png,jawa,1
t8Z27gyx.png,pegon,1
xhi6bewM.png,jawi,3
cwbEphJO.png,pegon,5
ZpvWSNUC.png,bali,3
Ln46oUM4.png,sunda,3
tWFmMGev.png,jawi,1
yRK4d05e.png,lontara,5
wf7QlkcF.png,lontara,4
qPq71xlg.png,jawi,1
H68mzDnY.png,lampung,1
szhojH5v.png,jawi,1
HkRqR2nq.png,bali,1
zgMeaHhA.png,bali,3
PTcgXTsm.png,sunda,5
XqFvs9Ur.png,lampung,2
EZ9cCQSb.png,jawa,1
olEehOvC.png,lampung,1
gqTLMfJW.png,jawi,1
TCPubBtP.png,bali,2
SkMGfMVR.png,pegon,2
y1mF25Fp.png,jawi,1
1bgclPhG.png,jawi,3
peAZ4YSz.png,sunda,5
1OiXmRJW.png,sunda,5
BGVcRx5Q.png,lampung,4
zEH1uotX.png,bali,1
bbMe8dtg.png,sunda,1
aOPj52gj.png,bali,2
oXi09LgR.png,lontara,5
RgQ4YWQL.png,pegon,2
UtpCEyYg.png,jawa,2
Rf5M7Flq.png,jawa,5
ME23SCfi.png,lontara,1
7f6Wz0RH.png,sunda,2
5jAYQSFw.png,jawa,3
Z6BwtxfQ.png,pegon,1
Nx9nDmv0.png,pegon,5
UYiZIneq.png,jawi,2
YUuHhUd6.png,jawa,1
oKJSW0IQ.png,jawi,5
WWI23xtW.png,bali,4
P8IHSeqU.png,sunda,4
pKuKNcjw.png,bali,1
yeTL3W8q.png,jawa,2
3JZPUChM.png,jawi,5
swRugzq1.png,jawi,2
EpLn7vnH.png,bali,3
OjDOwjqM.png,pegon,3
xVgLcZP6.png,pegon,5
VyvrXSkm.png,lampung,1
u9QXqVG7.png,jawi,5
sJGYM03J.png,pegon,3
12vqzbkD.png,bali,1
bmTmhvh4.png,pegon,2
rguL8jUU.png,sunda,4
5heEVSyC.png,jawi,5
F5HsHrxA.png,pegon,4
oU7I5lc9.png,lampung,2
7gy3Gwq7.png,jawi,4
nFdVIMIr.png,sunda,5
biQBq90a.png,bali,2
EEZZRHHH.png,jawi,4
J0AoqRmI.png,jawa,2
4z4JdlSU.png,bali,2
xtD5j5OM.png,sunda,1
OZdxisi0.png,jawi,1
wl28H44h.png,jawi,3
2m3rqCDG.png,jawi,4
H2k75epr.png,pegon,1
X8k2ijN8.png,bali,5
CwKjjnFs.png,pegon,2
Q2mAU4B2.png,jawa,1
G3TVEyQd.png,lontara,2
Fqivekbx.png,sunda,4
64UcVyae.png,sunda,3
BjII147T.png,lontara,2
KuS7PBkd.png,lontara,4
H1G46wiD.png,sunda,4
4peP24vI.png,jawi,1
KUbQbHWO.png,lampung,5
gFOUzUzP.png,pegon,4
chTzKXG3.png,jawa,3
VX5KW2cE.png,lontara,2
F4xJzofS.png,lampung,1
qX0skwos.png,pegon,4
1Kmx975i.png,jawa,1
shQ0PCF6.png,lampung,3
7YW6zFva.png,lampung,3
PJ2U7yk4.png,lampung,5
4Bziklja.png,lontara,2
kPSqydxc.png,lampung,1
lIJ2nVsN.png,jawi,1
coMzfmwZ.png,jawa,2
ivo7yMiu.png,sunda,2
1Ao7F9qT.png,pegon,3
39xa1F3E.png,sunda,1
qR2KfXSu.png,sunda,4
yUKeLjXs.png,jawa,3
JqPlRKXa.png,lampung,4
cMrCrJe4.png,jawi,3
Evv1Rcph.png,bali,2
iNQt94uH.png,sunda,1
o6Z7P2ZI.png,pegon,2
DpOtE8mn.png,lampung,4
vV9417f5.png,pegon,3
XLVozzyp.png,pegon,4
XB1pSPjA.png,jawi,4
5McxaHeM.png,pegon,1
WoUqvWS2.png,jawi,1
N6Qr0h7n.png,pegon,4
R9e2qcfn.png,jawi,4
ia03XLHA.png,pegon,4
l6Y04Z7c.png,pegon,5
c71o0GoH.png,lampung,1
kMQswzFk.png,bali,5
wXT8hD9f.png,pegon,5
3Fq9NzTa.png,bali,3
OcJYXu8h.png,lampung,2
7W7lOoHm.png,jawi,4
WpcB9pPI.png,jawi,5
94ayRS2N.png,jawi,4
3SJi9u1c.png,jawi,5
ZAHD7mxa.png,jawa,2
epNdcG5b.png,pegon,2
tcTKMha4.png,jawi,5
1hOmF0YQ.png,jawi,1
Efwr5sOB.png,lampung,4
uZw33k9K.png,jawi,3
ci4zbgCE.png,jawi,2
IL6k5YxZ.png,pegon,4
5y8VTWyd.png,pegon,2
vtd2XfRi.png,lontara,3
m30LdfDy.png,lontara,1
414RfzXR.png,sunda,1
qfK8vURv.png,jawi,2
wVS0Px11.png,jawi,2
cposr4dQ.png,lampung,3
80auwpyg.png,bali,5
AN66JpoN.png,jawi,4
8sRTep70.png,lampung,2
OhP3o2zs.png,jawa,3
7YFTMLMv.png,bali,3
qQcWuBuO.png,lampung,5
OGpRGS4B.png,lampung,2
Dul3XkBD.png,sunda,2
JflzemUp.png,jawi,4
xsXKliZV.png,pegon,3
k1d7uwiV.png,jawi,5
B0iW34dD.png,pegon,3
OKUeHCon.png,sunda,5
dTigy80v.png,pegon,1
cAQEsVYR.png,lampung,1
yHcRQNwH.png,jawi,4
njpc61Tc.png,jawi,3
CaYYTk8c.png,bali,1
AJ324pKd.png,jawi,2
x9D690mi.png,sunda,4
JCzxBoVR.png,jawi,4
Tqf4D8cm.png,sunda,1
vEyqXgNz.png,lampung,2
svLeDjUs.png,lampung,2
MHFwpz6f.png,lampung,3
NmwnQfhc.png,pegon,3
iIN1NoGo.png,jawi,4
qjyVNoGs.png,jawi,1
o4KqgiUZ.png,lampung,2
YP9bsNG4.png,pegon,3
3E46Meu1.png,lampung,3
6waskL3w.png,pegon,5
YyHsTkhO.png,jawi,3
nhJ5mswq.png,jawi,1
9NGLWxqZ.png,bali,4
xLdIJBXr.png,lampung,1
k6Y8OYmk.png,jawa,3
IarP7qkC.png,jawa,5
HtZvrDyd.png,lampung,4
IYJA0tku.png,jawi,3
QH8QvHeT.png,lampung,1
jfaQydZA.png,pegon,2
ZGb8xEWC.png,jawa,1
ujmySv7L.png,jawa,5
bbpvQaB8.png,lontara,5
t34RdqCj.png,sunda,5
tZE8mIHe.png,pegon,2
JiZM5KnH.png,lontara,3
S1D14EOK.png,lampung,4
0JtpAYVm.png,lampung,4
ofolMdSg.png,sunda,1
dviw4UoK.png,lampung,4
IevEpHpv.png,pegon,5
KrLMWMAc.png,jawi,2
rLZhO2nY.png,jawi,2
DvEIJSbG.png,jawa,4
OXqptRlB.png,pegon,5
pS97ozmM.png,lontara,4
WrbozBtD.png,pegon,1
mFThGYzz.png,jawi,1
VsoQtcrT.png,lampung,4
UkCvuCnW.png,jawa,1
VI7dGlF0.png,lampung,5
S0UQclww.png,lontara,5
w3X46HEf.png,jawa,5
k2LxbLcE.png,lampung,4
kQsXuJdo.png,lampung,4
lOcnNeZw.png,sunda,1
IDjOgd86.png,lontara,4
NcDD6Utt.png,pegon,1
su6LtMt4.png,jawa,2
W9gSuSR3.png,jawi,3
DB2Kmtwv.png,pegon,4
eemuu6xU.png,pegon,4
TySgJYhc.png,bali,4
DP2jk9P6.png,jawa,4
sFdSmnk6.png,jawa,4
q8ZTSSwT.png,jawa,2
c559xgSL.png,lontara,1
naulIztU.png,jawi,4
OOOurWFi.png,jawi,2
lx8tklFP.png,lampung,4
M7t9h9Bf.png,jawi,3
6eOppc9o.png,pegon,1
4KF8gSAq.png,lampung,3
ytGTmhSz.png,lontara,3
FYOrxmwm.png,jawi,4
797nxl4C.png,sunda,1
1BR30bl5.png,jawa,3
61qqT2ct.png,sunda,4
Pcprtl5X.png,pegon,4
RNy9AEtG.png,lampung,5
Y64dkILn.png,pegon,5
3yroYsLm.png,bali,4
MOl6UkKL.png,sunda,3
xsjGKZnL.png,lampung,3
3scCgTsu.png,lampung,4
tCjMmXVl.png,jawa,2
J7xmz6DY.png,bali,5
wa4ThVzh.png,jawa,2
UPj7Gnlx.png,jawa,4
E2uBfVBi.png,sunda,2
VWWl1qDB.png,jawa,5
m10lIJRQ.png,lampung,1
qMBB0TN7.png,jawi,4
FMT51PMe.png,bali,2
EbMl7kzA.png,jawi,2
YTA3kuq3.png,pegon,5
8KPZEf5C.png,bali,4
Wf59ivua.png,bali,1
lolWrF2Q.png,jawa,2
YspoW5hj.png,lontara,4
keb3Ppst.png,jawa,4
WSXEqLZH.png,lampung,1
tV9bZAYg.png,jawa,5
Fth67jes.png,lampung,1
vdEPkEPd.png,sunda,2
wTBN5zYk.png,jawi,2
0YzvqTf5.png,pegon,3
rLYsNyUj.png,sunda,1
OAh447x8.png,lampung,3
OigrvWkg.png,lampung,4
5LmqvSAX.png,lampung,2
x7v1hwXE.png,pegon,2
mcmf86Hu.png,jawa,2
tH9Q0Lh7.png,lampung,2
OoAglC1q.png,pegon,2
c9xgb5wW.png,pegon,4
n58RWMNv.png,lampung,3
v85qNYfx.png,lampung,5
vlrLS265.png,sunda,5
5NWwjWMA.png,lampung,3
9I028l0a.png,lontara,4
efLdQ9VS.png,bali,5
R7pKMBo1.png,lontara,2
h4NCJCoH.png,jawa,1
2OAO8C6t.png,sunda,1
nVqgEdbh.png,pegon,3
gdgHLFd6.png,bali,3
TFFBRW2j.png,bali,4
SleF7V4N.png,pegon,5
FOdcokqD.png,pegon,1
tIdxXnLF.png,lontara,5
tVkDiGZP.png,bali,3
dFOJ1lEp.png,sunda,1
faZhSGZI.png,jawi,1
0ftw03VZ.png,sunda,5
S4JDOsWW.png,bali,2
jlC4xftw.png,jawi,4
JaTQu1dU.png,lontara,1
Ayl0Cxsf.png,jawi,4
410aBCt5.png,pegon,1
5bxkBSQE.png,jawi,2
BIgJ1ZMI.png,pegon,4
MkP9tCuP.png,sunda,4
yIBh3dED.png,pegon,5
MBhRoKiP.png,sunda,5
0aD9UElN.png,lampung,1
LItzxn16.png,sunda,1
k68FCAm3.png,lampung,3
MjaVWZLF.png,pegon,2
xmtCamMt.png,jawa,3
CTEn69MB.png,lontara,1
1gxToQFA.png,sunda,1
jlmvgfF8.png,bali,4
73A8YtU4.png,lampung,1
glvK8cNb.png,bali,1
SGwL1g2b.png,pegon,4
ynmmkTgJ.png,sunda,4
AHcKHs1S.png,lampung,5
Ada2YK3y.png,jawa,5
vc1Bsrao.png,jawa,2
hCK9CeSz.png,jawa,5
3CNJa08i.png,jawi,4
nvdVB6Uu.png,pegon,4
cKzqxLCy.png,lampung,1
1bfU3rLY.png,jawa,2
JsrK50F8.png,pegon,5
pVqzh6dj.png,lampung,3
SfIcy9Tu.png,jawi,4
aRqZzcov.png,sunda,1
MwsTriDE.png,lampung,5
L5m6XGtX.png,lampung,3
EjpFMwzQ.png,bali,2
m4KxWiov.png,jawa,3
f5xPQ3yP.png,lontara,3
8Gt4pVBJ.png,bali,2
uiJy4jPH.png,bali,2
6Uuq8o17.png,jawi,3
cDTM5hqt.png,pegon,5
vTubUATS.png,jawi,1
viDzX4vu.png,jawa,4
KZfjiigE.png,pegon,3
j3oMsNPD.png,jawi,1
43a7aA91.png,sunda,3
6o2p2AQP.png,lampung,5
IrQerVpW.png,pegon,3
BgQgYvyv.png,jawi,4
XFOlPGr7.png,pegon,3
qo0uaHR5.png,lampung,1
vwX3sB0J.png,lampung,3
AoyjV7PV.png,lampung,5
4M0Nwwp5.png,jawi,1
p2JqpPyE.png,lampung,4
jd34AdtB.png,sunda,2
UxVjMobb.png,sunda,4
Tc1MPDek.png,sunda,2
QpETTmPL.png,jawa,5
xqYbyCUH.png,jawi,2
3a9MYErr.png,jawi,2
LSquDGzT.png,sunda,3
MRIgYkAW.png,lampung,5
VWrbux1J.png,jawi,4
6B4oZNfJ.png,sunda,1
vGlLXBwb.png,sunda,1
nVUslhCN.png,sunda,5
OhQKHCah.png,jawi,1
JyUjckDh.png,lampung,4
h3Q2IyI2.png,lampung,4
VO5yrghf.png,lampung,5
iw93B6ly.png,lontara,5
JSRPNyQq.png,jawa,2
LwHsMHtN.png,jawa,2
GFzt5TQ1.png,pegon,5
zTHtKUeq.png,jawi,1
VKnAKT1m.png,bali,3
sTg5kUNg.png,jawa,4
BL0mrFOX.png,lampung,1
WyGAHa0p.png,sunda,3
AT1VUJWe.png,jawi,4
VkONWqm7.png,jawi,2
cspUemGM.png,pegon,1
kVtGI6hl.png,lampung,1
rEG9WBke.png,jawi,4
bwGskpMn.png,jawi,5
gWMu94iz.png,lontara,5
zznGiaxO.png,jawi,2
htXV1bmP.png,pegon,4
DEIkWmiO.png,pegon,1
LPrEjt2F.png,bali,4
IN1nF6WT.png,jawa,5
KsjLEpLs.png,jawi,4
hvAk9QrW.png,pegon,3
c1RY5dfN.png,pegon,4
ST6Z0MID.png,sunda,2
CWffOjB5.png,pegon,3
RGoOMljS.png,bali,3
RqX64fxs.png,lontara,3
g2SPiYaE.png,pegon,1
EdGbbA02.png,pegon,2
lideUQxV.png,bali,2
hoB57XaY.png,pegon,5
OTuFIECD.png,pegon,3
10BEMUUs.png,lontara,3
UiAgGtEp.png,pegon,3
O9TGaCZP.png,lampung,4
7Y8VdQtv.png,pegon,5
JY7Zsb9Z.png,sunda,2
jYyIC9jU.png,jawa,2
OOjmLM29.png,sunda,2
AVG1xmZn.png,jawa,2
B8U0YxbB.png,lampung,4
KfFEdn9d.png,bali,3
EaMmifFR.png,lampung,3
XHqLRFdE.png,lampung,5
hyvpwsX6.png,jawa,5
cmDUid0q.png,bali,5
dZf9njnv.png,pegon,1
TvUzfS0H.png,jawa,4
djGCth5W.png,pegon,3
Urgc99Vi.png,lontara,1
rqT0mwH9.png,jawa,5
ED8Ul1uF.png,sunda,1
cD3Wqn9l.png,jawa,5
WhTrjObl.png,pegon,3
ITCdN5NN.png,jawi,2
4ilGqNh8.png,sunda,5
84DfqWgd.png,jawi,5
PCZDWvIz.png,sunda,5
yDR0cIaR.png,pegon,2
ER2A9fSF.png,jawa,4
EvybDrdb.png,pegon,3
RooI9ETD.png,jawa,4
NGvGgWp9.png,jawi,3
3fFv55Cm.png,bali,1
pYSqyrTl.png,pegon,1
leJG9YQw.png,sunda,4
z7iw4JpX.png,jawi,3
v9ofqRgM.png,sunda,4
gIap9isb.png,jawi,5
czSQGZpZ.png,jawa,3
h1RI2nKU.png,bali,5
ona7ImsG.png,lampung,1
mxO6XQgL.png,jawa,4
YuGKQg6W.png,bali,5
zoTh0Aqg.png,lampung,2
cOzanMsA.png,jawa,4
O8XBRzpd.png,lampung,5
eLB0euYJ.png,lampung,3
7sqOKNeI.png,lampung,1
ThJJuRUv.png,bali,2
jaletqae.png,jawi,2
NrqzlVyU.png,lampung,2
9zefkJh5.png,sunda,1
JZUSl78s.png,lontara,3
RiNmRhtU.png,pegon,4
dol0QGSw.png,pegon,2
9uaIGWxA.png,sunda,3
WOAnI1fQ.png,lampung,5
eBQhuFpt.png,bali,2
LEqP01xX.png,jawi,3
vFocUbhc.png,lampung,5
TEozJLfy.png,lontara,1
WCYhx674.png,jawi,3
UaJhTZwC.png,jawi,4
zEi3wlNQ.png,pegon,1
a6bdzkoy.png,pegon,4
7LTx6oGx.png,lampung,2
pSFQbIUh.png,bali,5
vIXUXQz3.png,lontara,1
aCl3KID2.png,jawa,4
RvKySjhb.png,jawa,1
h5HwWQrY.png,lontara,4
IVdwJZQ3.png,sunda,4
FsXa5l7L.png,lampung,2
tC8RdOUI.png,lampung,2
L3z4sHgC.png,lontara,3
Dq4M6ybC.png,lampung,1
kjIsl2pl.png,jawi,1
3khjfbms.png,lampung,5
rD9gRMHI.png,jawi,4
FBy5Bp3Y.png,pegon,2
QU4zCN1G.png,jawi,3
hMYz8Lw0.png,jawi,1
qfECY7rZ.png,lampung,1
ZRVem3cC.png,lampung,3
UuupgqNF.png,jawi,5
yAaJfDKU.png,pegon,2
HpFYoSfQ.png,sunda,4
NpQUxi6c.png,jawi,1
kCichgDl.png,sunda,1
x601jK7l.png,jawi,3
1JwgoIEF.png,jawi,1
Ob0bY4kP.png,sunda,4
Md5w4HXJ.png,pegon,5
RykegdIZ.png,lampung,5
zxDXwlN4.png,jawa,4
5MEtQx2Q.png,lontara,5
T35q0PZp.png,lampung,3
BbHr3HZ4.png,jawi,4
LLEk1YwU.png,bali,4
jeY6ujqL.png,jawa,2
P3ZH5JJE.png,sunda,3
MDmranpm.png,sunda,3
aROkxhKx.png,jawi,1
lfPNLQD3.png,lampung,5
5HTHjEO5.png,lampung,4
LjRL1Uov.png,jawi,3
GONtRSCK.png,lampung,1
B5hlYCw9.png,pegon,3
uJyVz22b.png,pegon,4
7bWLENBL.png,lampung,4
tJsxtIjW.png,sunda,5
vGqfJJyN.png,lontara,2
oeAsHoXp.png,lampung,4
YG63h1to.png,pegon,2
rb2CRqXi.png,lampung,4
s9T4N9Bn.png,sunda,1
MgoJx2Oa.png,sunda,2
65cMUrwL.png,pegon,5
gRmsJmyW.png,pegon,1
4FPKdKNU.png,pegon,1
RZkMZLlR.png,sunda,3
itczxM2C.png,jawa,4
5PU3ryc2.png,jawi,2
pOOwknRk.png,jawa,1
5nscBfx1.png,pegon,4
4KD0VpMJ.png,lampung,2
0ztmF3S4.png,lontara,1
Fx6l90YI.png,lampung,1
R8jgEFwX.png,bali,1
HwlPgS0L.png,jawi,2
DMe5Qo5t.png,lontara,5
CJejAjkr.png,lampung,5
9cJ8Ej6R.png,lampung,2
27YE7m0I.png,sunda,3
bszPh1wm.png,lampung,5
8mASCnig.png,bali,2
Vl3ILnER.png,lampung,1
XQfpd6Da.png,lampung,1
xsXFBU8Z.png,jawi,1
jWJqpHVn.png,sunda,4
aOGR5fvM.png,jawa,5
gmBl4gXt.png,jawi,3
YbpuyUsU.png,pegon,3
BPWOyNu3.png,jawa,4
Yf2pH5hz.png,lontara,3
kl3fdfJ5.png,jawi,4
jLxiHQp3.png,pegon,3
XkRUORB4.png,jawa,2
d0wmXGuX.png,bali,1
tXgcs1MD.png,bali,4
P0FG1OpY.png,jawi,2
gcVyA4TX.png,lampung,3
lSdRDE8v.png,bali,3
3XxZii95.png,lampung,3
6PeP0Fvf.png,jawa,2
Xgif1P74.png,jawa,2
AFxzf44w.png,pegon,2
YD84yjTo.png,lampung,3
rPC2TpLe.png,jawi,3
DwKPhBbx.png,jawa,1
qEn2KS9r.png,lampung,1
maPdKjah.png,jawi,5
V0TPz3Ss.png,jawa,1
ReC2eEDA.png,jawi,1
cQw5VDsP.png,pegon,1
2O9Ur6gz.png,lampung,1
x1dqUZG1.png,sunda,5
3djH1cav.png,pegon,4
Prpg6SHF.png,pegon,2
VjSj7azy.png,lontara,4
rYJw0Q7o.png,lampung,5
DB2MdSy4.png,lampung,2
CljvbC1u.png,jawa,3
JQRvYyh3.png,bali,2
ADMvshXk.png,pegon,3
QS8wDcom.png,jawi,4
bes2eX5Z.png,jawa,5
fPdfHQBL.png,jawa,3
zoncUr23.png,bali,1
LuOtAefB.png,sunda,3
Wy5AUVBj.png,lontara,5
YvfGyT60.png,lampung,5
uJnE05N6.png,pegon,5
k05hCP0Y.png,sunda,4
BgKT7Vpv.png,jawi,4
zpWCPise.png,jawi,2
Sl5AzO37.png,jawi,3
EdXYvBaw.png,sunda,3
epouWi6u.png,lontara,5
1Fo1hcmE.png,jawi,5
2Uwz8K8y.png,bali,3
sNZ1z3zl.png,lontara,1
38CgWZV2.png,jawa,1
mGfhjFt9.png,sunda,2
btYCjMRA.png,jawa,2
Gz4I4XjD.png,pegon,1
FLHb8XJB.png,bali,5
RJwKp6HZ.png,sunda,3
9rnjtGux.png,lontara,5
7xPdHFbr.png,jawi,3
SJEewbEx.png,pegon,4
HulT4cSc.png,lontara,3
1l0vFlxi.png,sunda,5
mMEs4Pfd.png,lampung,1
FBfNUjwK.png,bali,3
aC5zUSwR.png,lampung,2
zpogM76A.png,jawi,1
XmssUrOJ.png,lampung,1
CpF1ZOE0.png,jawa,4
pcYhZYvT.png,sunda,3
RWhAtFiJ.png,pegon,2
YAkk8vKD.png,lampung,2
Z9eJh1UX.png,lontara,4
R2SuQszw.png,jawi,1
RysCA3v7.png,lampung,1
AeKggR1s.png,bali,4
ScXV5YHf.png,jawi,3
3IaW9uiK.png,bali,2
XtFsaTdz.png,jawi,3
pFod0o3g.png,pegon,2
7RQSIIgQ.png,sunda,2
xJqB0dmD.png,jawi,3
lN1IKLWA.png,lampung,5
p4HaeNMn.png,jawi,4
1sl9l18q.png,jawi,5
GcreyZHm.png,jawi,5
9aczqg2U.png,pegon,1
i6b1YQ4r.png,lampung,4
5FTxbhnl.png,jawa,3
7RtpHWlV.png,bali,2
l1rEYcq8.png,jawi,2
l2s10RX0.png,bali,4
ptw7Yu7X.png,sunda,5
vJJY2G1Y.png,bali,2
AfVBrFuS.png,pegon,4
hF0BPMOq.png,jawi,5
72Yjhcyc.png,sunda,5
TWiNr50L.png,sunda,1
aOh7jxHY.png,pegon,3
Yh37feWW.png,lampung,5
qqEBaRIm.png,bali,4
94x3hWHI.png,lontara,3
A966j992.png,jawi,4
5GhVgAak.png,jawa,2
0m8t0L4t.png,lampung,1
OKUAqp6h.png,bali,5
Jxkvi71P.png,sunda,1
Whyt5aP5.png,pegon,2
sk6qzcDo.png,jawa,5
ij195WeL.png,jawa,4
MuLHSUc0.png,bali,3
y0ng3Odc.png,lampung,4
4nQu2nGP.png,lampung,1
zijPMrku.png,bali,4
Ib8wHogP.png,lampung,3
IcAaqtw9.png,bali,4
ph4MtWkM.png,lampung,2
gKQbxd8G.png,jawi,5
tUInmlTG.png,jawi,2
25CIphH2.png,sunda,4
hSx9m7SH.png,jawi,1
vzw3lVZp.png,pegon,4
x6xV4PfV.png,jawa,4
OyD9xAac.png,sunda,1
CAuoBmoO.png,jawa,3
3iNOdscO.png,pegon,4
bPk5Zpz2.png,jawa,5
SOJJClTE.png,jawi,4
IULBi4IA.png,pegon,5
p2GA3b1V.png,lampung,5
UfM3Zs6C.png,jawa,1
M67w0XRo.png,lampung,5
x2hMHc7Q.png,sunda,1
npr9gVDN.png,pegon,2
jBZsnwCX.png,sunda,5
pGgXKvds.png,jawa,5
aDnHuOoQ.png,lampung,3
BbGNS8eS.png,bali,3
zgatQJ4l.png,lontara,4
KJhioPLX.png,jawa,1
WvI94pUL.png,sunda,2
ku1tBiCe.png,lampung,5
bboHMM0A.png,jawa,2
gfZvoMRQ.png,jawa,1
GKpgefAG.png,pegon,1
8oon1AOL.png,sunda,1
yu5sWTqw.png,pegon,5
wp5IebUs.png,pegon,5
1c6UAk1c.png,lampung,4
xToYNeIh.png,lontara,2
ZmOhoW6e.png,jawa,3
iMo0Inv4.png,jawi,5
sjqecFtC.png,jawa,5
aMvUIy3k.png,bali,4
gXVr1Ut2.png,sunda,5
GPaYfSjo.png,lontara,5
2hPccPXH.png,pegon,1
sRAD4uU4.png,jawa,4
ytCIwvqi.png,pegon,2
ds0Rv5xS.png,jawa,2
Ebcwkptt.png,lampung,3
HqbMRYKB.png,bali,4
sKxuojm1.png,pegon,2
MyTRcJHD.png,jawi,1
cL4qmKGv.png,jawi,1
dMIVzKI1.png,jawa,2
y5Cbtm2F.png,sunda,2
cpy0mqRH.png,jawa,2
5qLDYIHu.png,pegon,5
bt2pgdc4.png,jawi,4
8zTiajrD.png,bali,5
OcXPaFQX.png,jawa,5
oexmhpcS.png,pegon,4
uWYxvBxT.png,sunda,4
nvF8ihif.png,pegon,4
5Fob69NG.png,sunda,2
4xzqprgr.png,lontara,5
colIrVVm.png,bali,5
c9VKGxzS.png,bali,5
E70NXbS8.png,pegon,4
0dNfMpe1.png,jawi,3
xYIIG4tQ.png,lampung,3
ZJ0kth28.png,lontara,2
yRUSIFjf.png,lampung,4
j8dx6Zln.png,pegon,5
vnAAIaMY.png,lontara,5
fSBAT1m3.png,jawa,4
2VHtGRxd.png,pegon,4
a7yUAJ7K.png,bali,2
4kSSKwSN.png,jawa,1
SUO3xFYL.png,jawi,2
e7fBnNyr.png,pegon,1
pPtF9QzV.png,jawi,5
n1sF4wDz.png,sunda,5
M2q64lbf.png,jawa,3
x2pi1ou6.png,pegon,5
pSMo6WPe.png,jawi,2
l8Foig7d.png,lampung,4
g6DmnHBa.png,jawa,3
Jac8kKHI.png,lampung,2
ApGZUhvx.png,bali,2
n6DIOWKo.png,bali,2
ZWrtcfSX.png,pegon,1
Xg2eO0k1.png,lampung,4
A5hU2GMk.png,pegon,4
ATlAKpHJ.png,lampung,1
uvQsZue4.png,jawa,2
uvtlN1E1.png,bali,4
nBQqkb60.png,bali,4
ibMNVmSQ.png,jawi,3
5kP9dIAZ.png,lampung,3
PivFJPak.png,pegon,4
PFzxaW30.png,lampung,5
fIBhv3nu.png,pegon,2
h9dwI4gF.png,sunda,2
zPERuXlU.png,lontara,5
rH2Ta1l1.png,pegon,1
PRB6Tmya.png,sunda,5
5R2Txw3W.png,pegon,1
bfdOXhPS.png,pegon,5
ZzKtrE21.png,lontara,3
tZ8LPVl7.png,pegon,5
D7umVvzR.png,bali,3
Nkt5Obtl.png,jawa,5
CqTBo31E.png,pegon,1
GcptziN8.png,sunda,2
hsiSqbDw.png,lampung,1
xICf64rF.png,pegon,4
ELmNvfYZ.png,jawi,3
0S4eyP6k.png,sunda,2
Ia18hF5j.png,bali,3
kcAoxqsi.png,lampung,4
zPa40sOZ.png,jawa,3
yLzCJpjp.png,lampung,3
VMhdfNzz.png,sunda,4
DVugFizb.png,jawi,1
BZ0Y81JW.png,sunda,3
rcrwfHkk.png,jawa,5
DlIIISAR.png,jawi,3
ccgEAW9z.png,lontara,4
IZEsqdCg.png,lontara,2
LzvDXemu.png,jawa,4
TSdoCoZj.png,jawi,3
Y4ZGNvzd.png,jawa,2
0pPSuyux.png,jawi,3
iPcR88Bu.png,lampung,4
paGLwwWa.png,pegon,4
Dypm9PJB.png,sunda,5
tSXywCNi.png,jawi,1
hq5oPrmk.png,lontara,2
0ApdsSMW.png,lontara,2
m9Tt3l86.png,bali,5
Dr4rOkbf.png,sunda,3
Z8YPxggW.png,bali,5
k4aSaiW1.png,sunda,4
qhE4w58k.png,lampung,1
NIghSYFP.png,jawi,3
X83737YX.png,bali,5
PO6LvZQp.png,sunda,4
9Ur7xb8e.png,lontara,1
2TQSRKo9.png,sunda,2
mbX4NWWu.png,jawi,4
ZX84e05Z.png,pegon,3
flpOGZgZ.png,lampung,1
Dsl7p1lL.png,pegon,4
U1s9G7Di.png,jawa,4
4nsHCHSl.png,sunda,3
zmNJwFQF.png,jawi,5
UWX4sYUh.png,lontara,2
q8KlJi1r.png,lampung,2
iCmbW1sw.png,jawi,2
4xNkMaCQ.png,pegon,4
lEQ3UriU.png,sunda,1
2GTHveOK.png,jawi,3
MCLCT03C.png,bali,2
V3lw2d1t.png,pegon,3
rIgDo87I.png,bali,5
Wk83Jnyf.png,sunda,2
W8NBCUdg.png,lampung,3
7DQyWYpl.png,lontara,3
RFPBFqa2.png,lampung,1
z3euudDo.png,pegon,5
9SdBqEUb.png,jawa,4
I23QhO2e.png,lampung,1
McCfOUNp.png,jawi,2
wbwQ6MTj.png,jawi,4
pR0Zg6U7.png,sunda,4
A1xEUOb2.png,sunda,5
a9jsE8UY.png,pegon,2
nlH7JszY.png,jawa,5
ydc5sUGE.png,lampung,2
mdX822jc.png,jawi,1
1RdSjBkc.png,jawa,3
uCZxKgj0.png,jawa,4
EkhCJ86Y.png,sunda,5
5H1E66iM.png,bali,5
S00gQLIh.png,bali,3
uJbEMswM.png,lontara,2
p5aGyCTw.png,jawa,1
SFTZbwBD.png,lontara,2
jqkobH59.png,bali,3
sTSoLsbN.png,sunda,5
bopiDX32.png,lampung,5
17QqJVl4.png,lampung,2
v7LSyNtO.png,sunda,2
4s89bWS7.png,jawa,3
lNPnnzqm.png,pegon,1
jUQOcpkK.png,jawa,4
7xQzu2j4.png,sunda,1
Is6GuW1e.png,jawa,3
xXS2XH4i.png,pegon,2
0S3gToBk.png,lontara,2
KIZGqQjz.png,jawa,5
GODf94LL.png,lampung,3
tU5mDdLY.png,jawi,4
JJGTm10Z.png,bali,2
DehKXjv5.png,jawi,5
tma1E03Y.png,jawa,3
PkOqGdW1.png,lampung,1
GyCiv0pf.png,jawi,3
ZhfqRkk5.png,jawa,4
nOauZuLe.png,bali,5
bN2BJT3o.png,lampung,2
rLCO2UUv.png,sunda,1
vVYH6fgH.png,pegon,4
F9r0oNA8.png,lontara,3
vvhqSb3g.png,jawa,3
YtvX1nfe.png,sunda,1
i66QDvMv.png,bali,4
eM7c6GtM.png,jawi,2
TDteLaT9.png,lampung,1
DGrKKKu1.png,lampung,3
WayzUyFj.png,sunda,2
RXauvx92.png,bali,5
BALJdZgw.png,sunda,2
O75nnVBd.png,pegon,2
ItjwaAmt.png,sunda,2
bExhPDJN.png,lampung,1
g55Aoanh.png,lampung,1
J7zqsaF2.png,lampung,4
ZQ10R4X7.png,sunda,4
0rWg9UMU.png,pegon,1
2uEW8ErF.png,sunda,5
dC0GTu83.png,pegon,4
XJqivw43.png,jawa,5
9Q3zMmm2.png,pegon,2
NDA1xh06.png,lampung,3
GToDW9I6.png,jawi,4
gyJqieUo.png,lampung,3
KuebJatg.png,bali,4
20hRD1Xv.png,jawi,3
Sb4HWpn3.png,lontara,3
o0ZwMu7j.png,sunda,2
y3xd5WWK.png,jawi,1
XcIHwaT1.png,sunda,4
mk4hXieL.png,bali,4
W8uk8UMu.png,jawi,5
84Iqq2ld.png,lontara,1
8r7QEfed.png,lontara,1
OyHDygma.png,pegon,3
Adq28TYF.png,lampung,2
SBNMsD4P.png,lampung,3
DLb6RNGo.png,bali,1
B0ML6i63.png,jawi,3
EM1c15Bv.png,pegon,1
CXKWVvFV.png,sunda,2
7lcf252t.png,pegon,3
sFb6GsbY.png,jawa,2
lDno9Wlx.png,pegon,2
Imn7kJmL.png,bali,4
mduWqzzz.png,pegon,1
xthiI2CI.png,lontara,5
COzWzODR.png,jawa,1
iynQhyGG.png,jawi,1
389yJzRv.png,pegon,2
NW10VoCB.png,jawa,1
V3TflOZW.png,jawi,1
0XCagPaE.png,jawi,5
pd0hSGlV.png,jawa,3
3RYFvMxk.png,jawi,4
JPNSDZoX.png,sunda,2
6rm885ag.png,jawa,3
HS2aQ0lU.png,jawa,5
u8ERg1Aq.png,lampung,1
81peBbEt.png,pegon,2
b0xtRwtB.png,jawi,3
VwTtEX0w.png,lampung,1
grjRZ1Z0.png,jawa,4
XCJLzxWW.png,jawi,3
cL8mHH6A.png,jawa,5
e4dw94Kd.png,lontara,4
bQ9SWQs2.png,jawi,2
BFEQiHsn.png,sunda,2
6fFxulAC.png,jawi,1
JuEWGehj.png,pegon,5
PZ83s7ox.png,lampung,5
5jyFZ7pN.png,jawa,1
xjJZPx5h.png,pegon,3
Df09U554.png,jawa,1
8PZnj079.png,lontara,2
uAhwermm.png,bali,4
kBsdC0HT.png,pegon,4
es7Le3DE.png,jawa,2
P53cua4K.png,sunda,3
Wj1itnd4.png,pegon,3
e9lqe71L.png,bali,4
kVpB2Xne.png,jawi,2
BPJZNUkB.png,pegon,3
aOrYQfky.png,sunda,2
CWt0ZiLs.png,jawi,3
vm58jOMz.png,pegon,5
uzi58X3u.png,jawa,5
KBym4WmJ.png,lontara,4
IsKYcAfW.png,jawa,3
bX1CgGAP.png,jawa,1
gzyGOVh8.png,jawi,5
DKc9wqHs.png,lampung,4
2eDIkByX.png,jawa,2
72zV8ZdJ.png,lampung,2
rjiITWLj.png,pegon,2
jgKs4P74.png,lampung,4
M4oFIeIr.png,bali,3
9ve90UkQ.png,jawi,2
bUajFn9H.png,lontara,3
pqSczqTJ.png,sunda,1
Hw6soxok.png,jawa,2
90lPg4YM.png,jawa,3
IEcahUzL.png,pegon,5
dmEVIQ3O.png,pegon,1
icT1SQIN.png,sunda,5
uLDAj2U3.png,pegon,5
F5RCI0R7.png,jawi,5
KKYsJw9x.png,pegon,2
dl1f52E6.png,sunda,4
FgYxZOa3.png,lontara,5
XA0atqNo.png,lampung,4
pVmZIaky.png,lampung,5
jjo1jAHw.png,lampung,5
HFc4SvDg.png,lontara,1
zYS92vwD.png,sunda,3
5iF43mor.png,sunda,2
2YQgsrfv.png,pegon,5
pArvxMzZ.png,lampung,5
t8kiahEd.png,jawa,4
ZLQ5QBJ9.png,sunda,1
WVReOf7f.png,bali,5
01pIIB2i.png,pegon,5
tlLY6Ggj.png,sunda,4
Ca48TFM7.png,jawa,3
bjHbyQrn.png,lontara,3
dI0n4lYQ.png,jawa,2
JS2rkA46.png,lampung,2
lyweVvK0.png,lontara,2
CjHs9E39.png,lampung,2
8SkCMX3d.png,lampung,2
zpaHQ2Ne.png,jawi,5
wVzuPQ7F.png,sunda,5
P9kK0HwP.png,sunda,2
OkjBW7dA.png,jawi,1
LXBWvjSa.png,sunda,3
AcUSR7EQ.png,bali,5
yPagGO9e.png,bali,1
76s0kCGm.png,jawa,5
rv3ENLzD.png,sunda,5
T2Au2QKx.png,pegon,4
PxRwLyI5.png,lampung,2
RPInnf8h.png,jawi,4
W4GY91uz.png,bali,2
hPFhFSzp.png,jawi,1
luLUPmP3.png,pegon,5
1xeLgA9z.png,lontara,1
eOzMKBjv.png,bali,3
bPGE2YMF.png,jawi,5
OKBrFb5M.png,jawi,2
FUHlZ1io.png,pegon,5
yzmS4caJ.png,lampung,5
CKfMUSX7.png,pegon,5
ygMdE1TE.png,jawi,2
NedGhGYE.png,lampung,4
gJ5lAJKL.png,lampung,2
Y92rSZeI.png,jawi,4
4S84Crtb.png,lampung,4
qCoa3uzM.png,lontara,4
cmqLtXTY.png,pegon,2
BRn8najA.png,lampung,4
HXSB6mc8.png,jawi,4
t1cjdbyf.png,lontara,4
q22a7lYd.png,jawi,1
zGTH4Kfx.png,lampung,4
WIQxsVUW.png,jawa,4
2ZBjOq1d.png,pegon,4
9c5ageWO.png,lampung,2
rrJbsaXJ.png,sunda,3
MypcSoUx.png,pegon,1
i1avTO39.png,pegon,4
DyApKdo9.png,sunda,2
blroylyC.png,pegon,5
KW8grxF9.png,lampung,4
IaEqbKjN.png,jawa,5
Os54mX6S.png,sunda,4
zJ0lXTOi.png,jawi,2
FNhwLWqC.png,jawi,5
Ab22crV3.png,jawa,1
NHHL4lFQ.png,pegon,4
46ZG2NjH.png,jawi,5
4yPsF9g5.png,lampung,1
x18QkvSX.png,bali,1
itUUFN3Q.png,jawi,4
eb7k895p.png,jawi,5
nZKJkIQj.png,jawa,2
YlVYxHxS.png,bali,1
b0tgXg74.png,jawa,3
qdjYWKqS.png,pegon,1
0NFuwwa9.png,lontara,2
BniRWxRB.png,sunda,2
OwgnjOkG.png,sunda,1
vKBNFzOh.png,lontara,4
rcng3F5f.png,pegon,2
737IAoMQ.png,jawi,4
gB5HEKDT.png,sunda,1
D1SEuVlh.png,pegon,4
fpzWgjlW.png,jawa,5
Q6FbgSFu.png,jawa,2
0Ukpy0Kf.png,lampung,2
oujj5yKe.png,pegon,1
Fm1h0g0O.png,lampung,4
rjeI7UV7.png,sunda,3
aL1AGw95.png,lampung,1
tkzuLmqj.png,jawi,5
jkGkONEU.png,lampung,1
7mlSBbjp.png,lontara,3
d7ZbaOFN.png,sunda,2
fWapgWWa.png,jawa,4
59izN5rT.png,lontara,2
hAM6bVeY.png,lontara,5
hKZa2Gf6.png,lampung,4
A24iYh0N.png,jawi,5
FhWAfPJx.png,jawi,1
7Ml5XS4z.png,lontara,1
fJGPBFfs.png,jawi,4
flPFfY7h.png,jawa,1
exNra58b.png,sunda,3
jXdFCdlp.png,lampung,5
CyaZGGDg.png,jawa,1
ynS8mZ98.png,lontara,1
RssLf77r.png,bali,1
JkawcB87.png,lampung,2
c2pOOHQ3.png,lampung,3
5tbApScb.png,pegon,3
W96OIvNn.png,jawa,2
mNXHJrev.png,lontara,4
GujPdwfs.png,lampung,5
iOqpQObF.png,lampung,4
ZEwdMU04.png,jawi,4
ZCxRZRiz.png,jawi,4
rEFgR1nv.png,lampung,4
82QdvDIf.png,bali,5
ZolPE3sp.png,bali,5
An077pEe.png,jawi,2
i2MNozjh.png,jawa,1
ehQomwPW.png,pegon,3
mlld8SpK.png,lampung,3
Rnck5swd.png,lontara,5
j4kHn7Rn.png,jawa,2
OilgQM2G.png,pegon,1
eFUZ8YM2.png,jawa,1
TVPCDzSs.png,sunda,1
5zq5iryK.png,lampung,2
XmdcwX8F.png,lampung,4
XX8Lx1fB.png,sunda,4
sadgF9zG.png,jawi,2
khl05Liw.png,lampung,4
KUHCCHQp.png,pegon,1
YQnqk6jG.png,pegon,1
lVgJ9bxx.png,lampung,2
36FndVHz.png,sunda,5
McsUT6ak.png,pegon,3
2flqQUsv.png,sunda,3
w5LwzzPC.png,pegon,5
FZaMaPt0.png,jawa,5
KgISEp5u.png,pegon,2
plLqLBYJ.png,lampung,5
0m4JQRur.png,sunda,4
kXGR083b.png,pegon,5
eWekIEGw.png,bali,4
RnOHmNYl.png,sunda,5
E2sbQGUP.png,jawa,3
MRisSbT8.png,sunda,4
LUhBfRJX.png,jawi,4
KVA0M1Eg.png,jawi,3
xcbJEuDh.png,lontara,4
2V0q6mts.png,bali,1
ebXNIFT1.png,jawi,1
qmdP01So.png,sunda,4
h1WIcKcn.png,lontara,2
A9FJv264.png,bali,4
N9rV7Rwt.png,pegon,4
9ieYHEO9.png,lontara,5
tHLWFLD7.png,lontara,4
KAAqL8Ss.png,jawi,4
yqryTEBF.png,lampung,2
bA3iWpOg.png,pegon,1
LEKlm6d6.png,pegon,5
AShSRAWh.png,jawa,2
oxZm2Vqe.png,lampung,3
cKT5gNGi.png,jawa,1
rxGEmp9R.png,lontara,4
Xzkxo2qn.png,jawa,3
nQLF0ka0.png,sunda,4
b4PdMTZm.png,bali,5
UmQFdXuD.png,sunda,5
c7CpgYxp.png,bali,1
U5Tk1KVn.png,jawa,4
JyPFwqdG.png,lampung,1
T14TZPIy.png,bali,1
zvCthzl1.png,lampung,3
9OvEH7GZ.png,pegon,1
6Vbiz5lo.png,lontara,5
eYwzh6hU.png,jawa,1
CdwojfFX.png,jawa,4
Xv5QW3Bn.png,lampung,3
mtg9oV0v.png,lampung,5
12mmzZbY.png,pegon,3
dsP1v2BI.png,lampung,3
ooXBUwyI.png,jawa,2
HWnzztNv.png,pegon,2
LLCM9WkD.png,jawi,4
tC2vA4ej.png,jawa,2
aTnVeLZ8.png,lampung,5
lNSGDJUL.png,jawi,1
r2fav8yN.png,bali,5
iTepwefp.png,jawa,3
CtnP6Yix.png,pegon,2
tD8TKu1R.png,pegon,4
aZXzzlE4.png,lampung,1
Qu32owKr.png,jawa,4
d7hiVjdL.png,bali,1
kTYLNsA7.png,pegon,5
JrrZv0Mj.png,lampung,3
zgetwW0o.png,jawi,3
IBhOyr0n.png,jawi,5
fWwtToyF.png,lampung,2
gX4AORVj.png,pegon,4
ie96YZSp.png,pegon,2
OrW9bZSP.png,jawa,3
2Ff8qqpR.png,jawi,3
wRVobSt2.png,jawa,3
ZlRY4ayL.png,sunda,2
ZiL8JAaV.png,sunda,3
oLHV5FIS.png,pegon,2
OHpU8dNA.png,lampung,2
oVj1TWlY.png,jawi,5
pi5gzw5k.png,jawi,5
yntdVI9l.png,pegon,3
WYNiEt7Q.png,pegon,1
sUlJ3b4M.png,pegon,4
jyNtftnU.png,lampung,5
60xkBQIV.png,pegon,5
C7LyXkt4.png,lampung,5
m2S6DprZ.png,pegon,4
7DkU2mUH.png,lampung,5
6whoTkNx.png,lampung,5
StwOtJ5l.png,lampung,3
9bARLPHC.png,lontara,1
pd598Yh0.png,lampung,2
kYnDxjWG.png,pegon,4
LqXVR2WH.png,pegon,1
rNO2oAzW.png,lampung,3
dmZfFMtT.png,pegon,1
Rw39bM3z.png,lampung,2
ceAMYsF5.png,pegon,4
KiN4Xswh.png,sunda,1
zq6v2b59.png,jawa,3
4Fb3DX6F.png,sunda,2
gpQHae15.png,pegon,5
YOG2HUqZ.png,lampung,3
7X5DiQmo.png,sunda,4
RPYtpgDE.png,sunda,1
cPMaUNIi.png,jawi,4
Z07mfggm.png,jawa,2
9hEOt6ub.png,jawa,4
8Z5Jq8rH.png,pegon,4
awFahb4j.png,jawa,4
67gKzpkx.png,sunda,5
E9J3vBKn.png,pegon,3
Um6G91jh.png,bali,5
fnAmSRRC.png,jawi,3
kgvq42pp.png,sunda,5
9O4h0dzS.png,lampung,5
9B7SAYzU.png,jawi,5
fYpjgh23.png,lampung,1
MYfkdVKm.png,jawi,2
RIzY1NuP.png,lampung,2
UqH3sEqL.png,pegon,4
32gH0L0s.png,sunda,5
6FzYUgTa.png,jawi,3
8zE4mFTK.png,pegon,3
RAIgESEh.png,lampung,4
yiZigEDZ.png,jawa,1
iZjPvhuJ.png,jawa,4
45sh6S6Q.png,sunda,1
5UciNQSB.png,pegon,2
dPbWHOlP.png,lontara,4
uUxDuYp9.png,jawi,2
jFBNnLBk.png,lampung,3
gMB7ZxbZ.png,lontara,5
fUgKOVwq.png,sunda,5
fTmNdgGq.png,jawi,5
u4RW006M.png,sunda,2
dU34yAS6.png,lampung,3
JPIHFIHv.png,sunda,1
mAaV0vdU.png,bali,4
UHyOEX8i.png,lontara,2
vozWXLY9.png,jawa,1
yQNohlp1.png,bali,2
tYdHZRBX.png,jawi,1
zo0tZzQu.png,lampung,2
jfElFM2t.png,jawi,5
cIecrq0t.png,lampung,3
qX7nwYZr.png,jawa,5
gmlr6Eof.png,lontara,4
AarxilLX.png,lampung,3
7IvsfeRf.png,sunda,1
2Kvg57hl.png,lontara,1
HyeBoSST.png,jawa,2
vbf6KYBq.png,sunda,1
Zi7oBpw5.png,jawi,5
XYO0lkbh.png,jawa,5
R9M2Hx0n.png,bali,3
xqwr2RQr.png,lontara,1
GVbO54Uw.png,sunda,5
A1po3O1I.png,sunda,4
Zj1c07AG.png,jawi,5
dmPCTJxL.png,sunda,4
DP6BeDHW.png,bali,4
ORErAxhx.png,jawa,1
Ahq4IHnE.png,pegon,1
qLSVYAkW.png,sunda,4
U0aC8irH.png,lontara,4
cqPamdpJ.png,lampung,4
KZl4Cdc8.png,jawa,1
ZwFEhG11.png,sunda,2
A0qlxQik.png,lampung,4
fRlNket1.png,lampung,4
9GuOd713.png,lontara,3
246owfje.png,lontara,2
7AbtQy1T.png,jawa,3
6UUXRLnJ.png,lontara,5
AWQys8NS.png,lampung,3
23Sy3ZNP.png,pegon,5
m38r1Z7J.png,pegon,1
rVhhFQxW.png,lampung,2
0KrHrhrP.png,lampung,5
PeOG4ZHc.png,sunda,5
zV5mfkHX.png,jawi,1
ess4Sdz3.png,jawi,4
23gnV76X.png,jawa,3
bxy8C2HH.png,lampung,4
t9P2hrm7.png,jawa,3
3J7A8qQP.png,jawi,1
2JxlD55B.png,sunda,3
SsPHh4iO.png,bali,2
8IrRKvHy.png,lampung,2
NTN3eikA.png,pegon,5
zevghPYp.png,jawi,3
S5C1pF2e.png,lampung,3
Hed1hS9o.png,sunda,5
7LgsHkzr.png,lampung,4
8Ae2NuCW.png,lampung,2
gDQk9Rbl.png,pegon,2
ThtWadqM.png,lampung,1
Sy67Q6MI.png,jawa,5
tstn7wUL.png,jawa,2
PhimTfpf.png,lampung,4
gwuy18Pg.png,jawa,2
oOOP2NV1.png,pegon,2
9hLrZQuO.png,jawa,4
bEmLUrUD.png,jawa,4
d75yDoSg.png,bali,1
iqFhjcUT.png,jawi,5
kyO5WFa2.png,jawa,1
Tmu8xC0Q.png,sunda,4
6vbK97DO.png,pegon,2
g4n8yg4t.png,jawa,3
vLZ2Zzux.png,jawi,2
KhYsnJ7W.png,sunda,4
ujuGmRMT.png,lampung,5
lyi3gocR.png,pegon,3
O2cSxVZN.png,lontara,2
3fEqP6kc.png,lampung,3
E5nhUlQh.png,jawi,4
ONiwXzzt.png,sunda,4
HPsRFQ70.png,lampung,3
crMUj9Kn.png,sunda,2
ByC0Ve0y.png,lampung,3
xZCmkiJU.png,sunda,5
8kHe3MCX.png,jawi,3
PFhisWGv.png,sunda,3
cFWm7xvr.png,lontara,5
mXz8xvjZ.png,bali,4
rg4wCG0l.png,lampung,5
duh4020T.png,jawi,1
wld2In9s.png,bali,3
K4iX9haC.png,jawa,3
sqrehIp7.png,lampung,4
DtfTQIO5.png,jawi,1
B5DSxU5r.png,jawi,1
NFZkQEDQ.png,pegon,1
oLNMWwdT.png,lampung,4
6ukZAEGG.png,sunda,4
1Z9UOFIB.png,lampung,4
p5Ftkc5E.png,jawa,3
1MZvCh9m.png,jawa,2
I1iNKefb.png,lontara,1
LlkkfceA.png,jawi,4
xs99NspB.png,jawa,5
dG4aeif3.png,pegon,2
4OVljcTl.png,sunda,1
CwbuYXxg.png,sunda,3
MtqL4pnu.png,jawi,4
yah5Hlt9.png,jawa,1
U8HflJqF.png,jawa,2
g1BN29ga.png,bali,1
Zw5Gi9WA.png,bali,3
VS6yVeFH.png,sunda,5
dD58HdSV.png,bali,2
FqYdu6Ru.png,sunda,3
aNZRw3AW.png,sunda,5
NfgTcEIU.png,lontara,1
pOad5fxD.png,jawi,5
JLxwAzQt.png,lampung,1
imHxH9LE.png,pegon,2
PRCBxPDf.png,sunda,2
Rh0uVOyy.png,jawa,5
vUv0Re0p.png,lontara,3
JhHaWiIj.png,lampung,5
5Wk3X48f.png,jawi,3
mbItzTwS.png,jawa,2
ZTCgJLvF.png,jawi,5
KkGKRr2y.png,lampung,1
uwwYJVVC.png,bali,3
a9XlM0Z7.png,jawi,2
lNaf1aVv.png,lampung,5
p8X7oSYI.png,lampung,3
ONihNPni.png,lampung,4
dPt2vSe9.png,jawi,2
4SlMj3Qq.png,lampung,5
fsRlZTJ9.png,sunda,3
UEJoUsbW.png,pegon,3
SYVCdujU.png,sunda,5
R9rBD9mh.png,pegon,2
6VL89qh2.png,bali,4
mPJNIb5k.png,jawa,3
Leirld31.png,lampung,5
hj68WFK4.png,jawa,2
17o1qT8X.png,lontara,5
OTxywEdt.png,sunda,2
u5g9AqNN.png,lampung,5
y0QIDUs7.png,jawi,2
dANvAuQJ.png,lontara,4
KvTCLGjr.png,lampung,2
qS1bQgrh.png,jawi,5
VLM3wkyT.png,bali,5
Trj3xlBU.png,pegon,3
YeStTAvC.png,lontara,2
GqJKkEKA.png,lontara,5
UpOiuDO9.png,lontara,3
iNpMuxSh.png,sunda,2
4kQyqooN.png,lampung,2
MbkPgDpw.png,sunda,5
leFCxtZZ.png,sunda,1
H9XUnFss.png,jawi,3
fxqwtxRA.png,pegon,5
8ZN55QSx.png,pegon,1
oVU4KNjz.png,jawi,4
8opAIoER.png,lontara,1
8FxiAPqG.png,jawi,4
K9lW8gp8.png,lampung,2
o6N5YFs1.png,pegon,3
bbXBqn0f.png,lampung,5
5LPHfBsM.png,sunda,4
WMZewgRU.png,lampung,1
kX6Rxd6e.png,sunda,4
ZqtbcfV2.png,jawi,2
aAZk3hSE.png,lampung,1
jVi5Nb7h.png,sunda,4
wgNDWq4v.png,pegon,4
n0KcZf9q.png,sunda,3
Qm8EqPi1.png,sunda,4
Vi7MSviD.png,sunda,2
nLbpboWh.png,jawa,1
gO03AO06.png,pegon,4
Amhn5jW9.png,jawa,2
k61NjZ6K.png,lontara,5
tyHU0ncn.png,pegon,5
QKnuo9yk.png,lontara,5
UTc4vdz9.png,lampung,1
mZFwTZRw.png,sunda,3
iGv3SFva.png,jawi,5
KLLQwlvZ.png,jawa,5
Og4KStQq.png,lampung,4
x5PHDILN.png,sunda,5
0qC4FVqq.png,sunda,1
pZ0mEYic.png,pegon,2
pwDr5VqI.png,jawa,2
VCpiEglC.png,sunda,3
9V9zlhos.png,pegon,5
sc4NjpjX.png,lampung,4
mcIVaq4D.png,pegon,4
Pby4650V.png,jawa,5
rniIioRX.png,lampung,5
0lZSWiRG.png,jawa,1
yIPIIGol.png,sunda,5
YxnBbxqi.png,lontara,5
LMpZdr6w.png,jawi,4
KC67Copl.png,lampung,1
jI6RRs3b.png,lampung,3
gt6VZEz8.png,jawi,4
DLvCMQSd.png,pegon,5
K6DR3iOg.png,jawa,5
BvpiB4Dh.png,sunda,1
slpJ06Tq.png,jawi,5
eJpGwj2d.png,bali,4
1qCVrsWn.png,pegon,4
gNOUps9a.png,jawa,4
y8NpYV6g.png,jawi,3
SjkR6t00.png,lontara,3
l0XxNeyF.png,jawa,1
vsb8JUb7.png,pegon,3
NuDLC9af.png,pegon,5
66WeUSS9.png,jawi,3
jhH8YdVc.png,lampung,3
85axTXwy.png,jawi,3
nwnFLx6R.png,bali,2
fIWaSrgY.png,jawi,2
1qRFx2hj.png,jawa,1
aDKtZS9i.png,sunda,4
Hlo1iXh1.png,sunda,2
ZU3lpxun.png,lampung,1
6jHintl1.png,jawa,4
PnnAhVRs.png,pegon,4
GR3qDnPC.png,pegon,2
Eco1bIur.png,sunda,2
Z4cPkWb6.png,jawa,5
H7OEYXQz.png,lampung,1
bS7buCoz.png,pegon,5
6sNjP31G.png,pegon,3
Reb1WHXM.png,pegon,4
M7nFsmdf.png,jawi,2
znxrS2P8.png,sunda,4
4MVp0Lac.png,pegon,1
5uxBeNlb.png,pegon,2
rMHArfej.png,lontara,4
XPfGOOyB.png,jawi,4
dJg7qok5.png,lontara,2
TOSOMuWy.png,jawi,5
5MwC0ahT.png,pegon,5
0wdZAao3.png,jawa,1
Q7Opp8OX.png,jawi,5
wsRVXCIm.png,pegon,3
VNWsokw9.png,sunda,4
NqcaaYIm.png,jawa,3
arkxsJRf.png,sunda,5
9w9yZM6a.png,sunda,3
JLFSRDWk.png,jawa,2
6RMk0idl.png,jawi,3
0rtVmmOT.png,jawi,5
MXh4K5sF.png,sunda,2
qav5tzTB.png,lampung,2
PVFv7RjL.png,lampung,1
OMTWoDVs.png,jawi,3
4sTL1ST4.png,jawi,5
AZA2KNCt.png,lampung,4
p9cyEgau.png,sunda,2
3MxNQtm5.png,jawi,2
m98PDvdz.png,lampung,3
GDBfMyEO.png,lampung,5
oz4v3TmA.png,jawi,2
sNPWf9oY.png,lampung,1
30HILJhO.png,jawa,3
BlU5zzas.png,lampung,4
uwNVcCGq.png,jawi,4
uvgapSnx.png,jawa,1
OoCZYmsp.png,jawi,2
rT6xHRjL.png,sunda,4
xOeBlCjz.png,sunda,2
r536Me1X.png,jawa,1
LukX9tq6.png,pegon,2
o0iRrIOt.png,jawa,4
6oqTLoLG.png,jawi,1
DC4c6f35.png,sunda,2
JiFUMukJ.png,sunda,5
vhQeU3Ux.png,jawi,2
NHMd0aUu.png,sunda,5
7MrjbxaP.png,lampung,5
uwzw6Qa0.png,jawa,4
ssntx0wo.png,jawa,5
Iks7c4gy.png,pegon,5
dBNh5W0O.png,jawa,3
YhlCrFmw.png,jawi,2
GHAnUfBp.png,jawi,1
v8QcB9Fj.png,pegon,3
yV6IQDnB.png,lontara,4
uQynhWQ9.png,sunda,1
oL8vUxxA.png,lontara,1
mQ7Tbdzg.png,jawi,2
Ykl4KMa9.png,jawi,4
xrG1pW5S.png,pegon,3
f24r30c1.png,jawi,1
Kg9HXvrd.png,sunda,1
b8XFQYPz.png,jawi,4
Iaybz7Y9.png,jawa,3
tVV2opg4.png,pegon,5
D0FcCsf2.png,lampung,5
6yfIVrwP.png,jawi,5
0uNG9MOR.png,jawa,3
plrmS1IF.png,pegon,3
l20H0Eni.png,jawa,5
kRaC7T9p.png,sunda,3
EGYKAu3R.png,lampung,2
svnVLQms.png,jawi,1
HK7r5hJQ.png,jawi,1
9wE2HCGn.png,pegon,2
2olu5B8A.png,jawa,4
PZjL1yKC.png,jawi,4
WgJkY4Nt.png,sunda,3
YxT1dmdU.png,pegon,2
C7YjrKzi.png,pegon,3
KieQI5a4.png,lampung,5
jFVtkYg8.png,pegon,3
qxLU4chO.png,lontara,5
DxLwayyz.png,sunda,4
CngA4I7x.png,pegon,2
RTHXDAaP.png,pegon,5
tAa0zmPc.png,pegon,5
GG4HgU5v.png,lampung,4
uuGftqbu.png,pegon,4
iw4tUgjA.png,lampung,4
iYaXOTjQ.png,jawa,5
OBt1d88Q.png,jawa,5
wdky0buh.png,lampung,4
3qYeWQ8I.png,lampung,5
mqkxKMRl.png,pegon,3
Y9D4HCzf.png,jawi,1
P4ZVLBUQ.png,jawa,3
9eeA0dMk.png,lampung,4
ilN1fICp.png,jawi,1
nu7G4Chv.png,sunda,4
wRLOMMV3.png,lampung,5
56eCE5YN.png,jawi,4
Ap8L0vKD.png,sunda,3
KOKuH4pU.png,bali,5
VUogjgnz.png,jawa,2
3F3giIcO.png,sunda,3
6ia8NL15.png,jawi,2
BpGpjYF0.png,lampung,2
ujt91Wpp.png,lampung,3
uLVNsP1j.png,jawi,5
p4bw58hY.png,lontara,3
zivLhmqs.png,pegon,4
NhrxEqrx.png,lontara,3
iaaNN8nt.png,lampung,4
oqlvsrnX.png,lampung,3
yOsadVJ7.png,lontara,2
NVWWkIMY.png,jawi,3
pStAr5VD.png,bali,2
NMovE2xm.png,pegon,5
1S63AGRh.png,lampung,5
zLLkOAZ6.png,pegon,5
G8k9bjca.png,lampung,5
L9uCJMW1.png,jawa,1
atsLw16F.png,sunda,2
BEUmtuRC.png,pegon,5
Z0yt0BRQ.png,jawi,3
rvMQC5ZP.png,jawa,4
YZYJI441.png,jawi,2
zRZrSUH4.png,lontara,3
shtopeyt.png,lampung,3
xeJzXY5B.png,jawi,2
vX6vPv7c.png,jawa,5
TKGzL4tu.png,bali,4
5hcvTggc.png,jawi,3
tkGcohDy.png,lontara,1
6NjbahYI.png,lontara,1
6QJdvWd3.png,jawa,3
1av2rXzj.png,pegon,5
uDscbKnV.png,lontara,1
8PQpv4uD.png,jawi,5
635v8Ku4.png,pegon,5
CzEp0rGn.png,jawi,3
4uCu925w.png,jawa,3
ReNWx1u6.png,lontara,5
mcpYuMQ6.png,pegon,5
dZc267vP.png,pegon,4
tBQEOAjZ.png,lontara,3
S7dihGqZ.png,pegon,4
Kf5MfJqj.png,jawa,3
YrppIPWq.png,bali,3
m6pH5u0a.png,pegon,1
EbfVDAP8.png,lontara,1
2OU8ugSX.png,pegon,2
xD4XITS4.png,pegon,2
tC3bWy0s.png,jawa,4
FXYmf7Pe.png,lampung,5
epjmilg8.png,jawa,2
00o2VAsl.png,sunda,2
tYFVbvsX.png,sunda,4
y1n9NcQ9.png,pegon,4
VTSkXIUk.png,jawi,2
22FxHCSI.png,sunda,3
PyOaKXYD.png,lampung,4
pOJqBXvL.png,jawi,3
Byr7ii9D.png,jawi,4
kxqeRAy9.png,sunda,1
RFE3aA6w.png,jawa,3
6MFdJULv.png,jawi,4
9aWsoHJa.png,pegon,1
dTEa72VW.png,bali,5
f63bm799.png,lampung,2
M4OXWk2D.png,bali,5
tn9Xx4Ce.png,pegon,4
UxoZ7kjL.png,jawi,4
HQ2DS2YS.png,jawa,1
MKIeYWnk.png,pegon,2
eTUlor2N.png,sunda,5
FtwQH2Wh.png,sunda,1
N0kM47rL.png,sunda,5
vyGXLfpE.png,pegon,5
Ja4EdC9z.png,pegon,5
uQmHilrQ.png,lampung,2
lI7FCFD5.png,pegon,5
uiS1QFaE.png,lampung,1
HueiQtZL.png,jawi,1
pOzsktN4.png,jawa,1
iOeB3Sla.png,jawa,3
VV3ruI6T.png,lontara,3
0nJGjq1L.png,pegon,1
KrMAb5my.png,pegon,4
GRsBLf78.png,sunda,4
VmYx4ElR.png,bali,1
IZfyzjrg.png,jawi,4
pa0t0Im3.png,jawa,3
Jd49MCkK.png,jawi,1
FsbbNagd.png,pegon,2
9BSQ5QhX.png,pegon,4
sOeWUyTx.png,jawa,4
bTdv24Cd.png,lontara,5
Ps0KK5xx.png,lampung,1
hbpn5DX8.png,jawa,1
J65WKrBA.png,jawi,1
f04zoSZD.png,lampung,3
5ZIdkyLl.png,jawa,2
0LR4IHQx.png,pegon,3
fdH8nwNs.png,lampung,3
PMJRPQyR.png,jawi,3
BvkQ45Bi.png,sunda,5
NbdpJWDR.png,bali,3
u4QWhZ12.png,bali,3
mX3qZV7e.png,pegon,4
C85hc0yt.png,jawi,2
3VXwC5jJ.png,lampung,4
RHBmMx0H.png,jawi,1
jzPXvklM.png,lontara,3
gTFhouBR.png,pegon,5
BRBuQJEE.png,pegon,2
CTq6dg71.png,bali,3
9zlvJPqL.png,jawa,1
dcERMNmL.png,sunda,1
07SOq8PR.png,jawa,1
9lVplFWi.png,jawi,2
SBv70les.png,sunda,5
JUggMaiq.png,jawi,4
5IwTPe8G.png,lampung,5
1FEQV5fS.png,jawa,5
gW1e4HMQ.png,sunda,2
IU0LRuVy.png,lontara,4
1yFFYn31.png,lampung,4
DcJdlxEr.png,sunda,5
BvCZgTim.png,jawi,2
gem8TlXK.png,jawa,2
sgXdypIF.png,lampung,2
5gn5LIPe.png,lampung,5
NbbdoC50.png,sunda,2
clIFepEb.png,sunda,2
mxd41lB0.png,lontara,1
FfJasBH5.png,sunda,5
htvzNAYB.png,pegon,3
VVSABDHA.png,jawi,1
fkjf2RWQ.png,lampung,5
Y9L6y8di.png,sunda,4
5uv6JUan.png,pegon,3
Tzd7xYN7.png,pegon,5
LMkyNv4C.png,jawi,4
DKYol1WC.png,pegon,2
HDODZq27.png,lontara,4
gaYv1M99.png,lampung,3
cbFu1BeI.png,lontara,5
r3xoFgVa.png,jawa,1
oFtjAIEK.png,pegon,1
ZLZn3Xov.png,jawi,2
OMIFEEQY.png,lontara,2
0Cag0VBE.png,jawi,1
YsLTE8aY.png,pegon,5
7UFwyQ07.png,jawa,1
x1x4SPLf.png,sunda,4
dn3bIxdi.png,jawa,2
j5qTiOvR.png,lampung,2
0LcdKuyZ.png,lampung,4
oiqsT9pU.png,bali,4
ktC2KcLC.png,jawi,5
YOG9Fg5H.png,lampung,4
XkxUmASi.png,bali,2
x49lBBdD.png,pegon,5
VslC5jqJ.png,pegon,4
8I5K4Vwp.png,sunda,2
0srIOzlg.png,sunda,2
JsVB4gt6.png,sunda,5
D1C9fENR.png,bali,1
Amli5XXI.png,lampung,4
dNJ9Mk7E.png,sunda,5
UyBEPteQ.png,lontara,5
vH44rVnp.png,jawi,4
4vsRKfC5.png,jawi,5
gLNXyKXe.png,lampung,3
knxZO4EW.png,lontara,1
FpsnbGHn.png,sunda,4
SUok4D8r.png,jawi,3
rWXkcfa0.png,lampung,5
tritSZoH.png,bali,4
EPIYZUxI.png,jawi,5
EbZa6Fj2.png,jawi,4
ACYSNPoT.png,jawi,4
u2EF0WTd.png,jawi,4
txdbKyaq.png,jawa,1
wah3l5NK.png,pegon,4
zOs8P5Dh.png,lontara,3
8GaRNNLF.png,jawi,4
NQffCDbt.png,sunda,4
6Cwi1KvE.png,lampung,5
89JbH54L.png,jawa,5
lwmZCXrd.png,lampung,1
GjMPrJGz.png,pegon,1
rrY1vZZH.png,lampung,4
MMwsWkZg.png,pegon,4
0ITDkFx7.png,sunda,2
Tu8h12WA.png,bali,3
q2fheS4w.png,jawi,2
LSTWnSJd.png,bali,3
fNrvS2dT.png,jawi,5
4XsRQr0i.png,sunda,2
XjGWFKhm.png,sunda,3
5RxuUvWF.png,bali,1
mvKHuGol.png,sunda,3
88fSqUdC.png,jawi,3
7l7TeAo6.png,lontara,2
njX3Bz82.png,lampung,5
z9hZinrs.png,lampung,4
RuPBy7VZ.png,pegon,3
BPTUSR7Y.png,pegon,4
KJQ7rWl4.png,lampung,4
fq6xVRZJ.png,bali,5
OjEHrZnA.png,sunda,1
XLSl3aI9.png,lampung,3
wFh3nZYQ.png,sunda,3
BJbZlSiE.png,sunda,2
ee9Ga7OU.png,jawa,1
cQKPYabY.png,jawi,2
nmC6Idyn.png,lontara,3
Lie9VpkY.png,lampung,1
26L0JcuU.png,lampung,2
gnI8HK3N.png,jawi,3
95CbPmWy.png,jawi,2
cOuShrFp.png,sunda,3
BCsNKz6s.png,jawa,1
fePNcogx.png,jawa,3
Sn7jOspj.png,jawa,4
AzAcznHk.png,jawi,3
YMWrVZZM.png,pegon,1
oKdqQ5Qq.png,jawi,2
vkQTyyLc.png,lontara,2
V2rjzLxE.png,jawa,1
TQZN2SGL.png,lampung,3
snAFbtDr.png,pegon,1
eLAnsMOh.png,lontara,2
Q5JIWaRr.png,sunda,1
GWdvSt9r.png,lampung,1
kZwWwWaK.png,pegon,2
XsihEgPn.png,pegon,1
Sbzvd5lw.png,sunda,2
uSS2Q77g.png,pegon,1
hm4t99w6.png,jawa,5
Ig4HKh3P.png,jawi,2
WduD3kHy.png,jawi,4
akFfKAYh.png,jawi,4
SGNi9V0D.png,jawa,1
5axHk0Zr.png,sunda,2
BUbnBXtj.png,pegon,5
Tk5EWo6L.png,bali,4
HgTPEkNx.png,jawa,2
QtHRhxoj.png,sunda,4
eNU0EsR8.png,jawi,3
slmpFx0e.png,lampung,3
YPxX04FE.png,sunda,5
etoxWnSY.png,sunda,3
ypZVyTo6.png,pegon,2
HCsDEZyW.png,jawi,4
X4TYuC8B.png,lontara,4
4ozzZrsF.png,bali,1
q5BCdU39.png,lampung,2
lV4fnd8F.png,jawi,4
J4IRgv79.png,lampung,3
cmJVE9pE.png,lontara,3
8l8XVnER.png,sunda,5
U3beYWPb.png,jawa,3
azzecq3P.png,sunda,1
F8k2XFeR.png,jawa,4
tlvD40fL.png,lampung,3
lMvNQwyo.png,sunda,4
MKbKvlXR.png,lontara,1
0P1hIel1.png,lampung,5
ghEez4Xn.png,jawa,1
GWJE2q3K.png,jawi,3
c4Glgoct.png,pegon,4
wutMT2KP.png,bali,2
3m9u89Co.png,lampung,4
fXvWyXhZ.png,jawi,5
exjlcLmD.png,jawi,1
skkP0dPy.png,bali,3
mb7ZoXmC.png,jawi,3
pGAQK6aM.png,jawi,5
7lKgtsg7.png,lampung,4
wROuUFAf.png,pegon,3
nVCi1qwJ.png,jawi,2
MoHAMBo4.png,pegon,2
Iv5LLwp1.png,sunda,4
eDCZEZWN.png,sunda,1
Xp4LSHWY.png,lontara,3
0YYfj8x4.png,jawi,5
6apEDmLp.png,lontara,3
1viQr3tN.png,jawi,1
MwNfgpfj.png,jawa,3
uU65EtiP.png,lampung,2
oMDSNqTi.png,lampung,4
2en4TJss.png,jawa,1
wyRcidZa.png,sunda,2
AWXZHp1g.png,sunda,5
O8c4bZUP.png,sunda,1
OuRa6UzF.png,pegon,3
rV0Dti02.png,pegon,3
RsufypUI.png,sunda,5
UCwLYTVV.png,lontara,1
i75qBwst.png,lontara,1
D9q5d0d0.png,lontara,5
0f1lpn3d.png,jawa,5
vCmHQ6AS.png,jawa,2
o7Bem6Ry.png,lampung,3
J59J1uLT.png,sunda,4
ohh5uwTd.png,sunda,5
hF9EVJmD.png,lampung,1
CVH8mOlT.png,jawa,4
mQI8F8Ee.png,jawi,1
2xswc9B0.png,lontara,1
pKc8oV9J.png,lampung,2
9Z8ffJUg.png,jawi,5
ZMhhhhsO.png,jawa,3
LlpoHffP.png,sunda,4
kLTB7s8J.png,sunda,2
nDZvYsLs.png,pegon,4
x0aby3Y8.png,pegon,4
pQXVAoxJ.png,jawi,1
Yvcs9HB6.png,pegon,1
IsKLbvZE.png,jawi,3
mQAPKbS2.png,lontara,1
GECCV06c.png,jawa,3
bAIQViH0.png,jawa,3
2fhUf3dp.png,lampung,4
MU0ONRbm.png,sunda,1
cWgyWFiO.png,pegon,1
9nya48ry.png,lontara,2
bnH2AFm3.png,lampung,2
3R4ECYiB.png,sunda,2
3CZ1BtZ1.png,lontara,1
QqGP86DM.png,bali,3
oWHzuoWc.png,jawa,3
VrhmfdG0.png,jawi,4
y9xcJAWk.png,sunda,4
8NRPBmba.png,pegon,4
gYK1b3OS.png,pegon,5
H3uCqbNM.png,pegon,1
EBpwJQBl.png,sunda,4
ek1jlBYJ.png,lampung,1
kIDzEL2h.png,pegon,5
COIzDxwb.png,pegon,4
TUzVAkMo.png,jawi,1
W0QG1Kah.png,lampung,3
5kZL7ZOJ.png,jawi,2
AuedFrPz.png,sunda,1
ovuGKXXq.png,lontara,5
W8VuhI9m.png,bali,5
eEg8v7pe.png,lampung,1
HdBoWaUu.png,jawa,1
LH6ovCsu.png,jawi,4
ijXGPSJc.png,jawa,1
cdtABZzl.png,pegon,1
AWZyXL55.png,lampung,1
lHxQlWlC.png,lontara,1
9r05zL3u.png,jawa,4
CGYnRRuQ.png,pegon,1
y1ZwPjeZ.png,lampung,1
qbvCJuLX.png,lampung,3
naL9ltRt.png,bali,1
45OP5nze.png,jawi,1
LaJ8FL8v.png,jawi,4
gGK9qSM5.png,jawi,5
zIV981UN.png,lampung,3
JbdCqAec.png,pegon,2
7Q3alMCw.png,sunda,1
O4HONI6U.png,jawi,5
vVVfo1NX.png,pegon,1
HxWesQkU.png,pegon,4
2aFqtqPE.png,lontara,1
pLUsgLXs.png,jawi,1
OKVZlDu7.png,sunda,4
BVsPJhHR.png,sunda,5
9AfCzfed.png,jawi,2
6qouOsnF.png,pegon,3
D9YOSThj.png,sunda,1
hKTKSUtm.png,sunda,2
0NO2HmZY.png,jawi,2
5H6vAKUm.png,lontara,2
IXBkV9il.png,lampung,1
YRDdvXQW.png,bali,5
YlH1xvEM.png,lampung,5
rQ2am2AA.png,sunda,3
bRzorzsu.png,lontara,2
L7N16G72.png,jawa,3
XC37crB4.png,lontara,5
zf8g9Mcz.png,jawi,1
srnwhlHz.png,jawi,5
oSFFOCGq.png,jawi,5
nPC2cn3W.png,jawi,3
DcrqIXdQ.png,pegon,2
uykyOR2L.png,pegon,2
mb3MxXhM.png,sunda,1
VnZqJtaQ.png,sunda,3
iSOANV1u.png,pegon,1
AJoAFYv5.png,lontara,5
BLu4jSOQ.png,sunda,3
9Z9TXz5C.png,jawi,4
PYCZJLbJ.png,jawi,2
XO0Gjsmw.png,jawi,1
33ptUKR9.png,lampung,5
DednrmIG.png,lampung,3
IYtIiX69.png,jawi,4
5xVwAW8Q.png,lampung,4
u0PADPRw.png,lampung,3
m1sjAz06.png,sunda,1
B0rhXx4e.png,jawi,2
pAc0Lz4m.png,pegon,3
FAixk454.png,bali,1
2ai83QsJ.png,jawi,5
UcRIEfy8.png,jawa,3
vw5VFFkT.png,lampung,5
UH2qtwmF.png,lampung,4
GGiYvXcP.png,sunda,4
Dg8HW8b7.png,pegon,2
atmPZeH2.png,sunda,5
luiWBdAH.png,sunda,4
ukDsKJ3f.png,lampung,2
o1bsy7vZ.png,pegon,2
pe92ak0e.png,pegon,3
rOOIsx5n.png,sunda,2
WGlDihDR.png,pegon,3
mwfdU8Zh.png,sunda,3
20qSygmv.png,jawi,3
9SmEWFni.png,jawa,1
6ZEkTAJZ.png,jawa,4
1WOFPF9H.png,jawa,4
2UbepehD.png,jawi,4
OlvWlsFC.png,lampung,3
75UrHFpo.png,bali,4
rQX0Ofpc.png,bali,2
EM0XL13M.png,lampung,5
xlh7YOG0.png,lampung,1
mtPw7KAc.png,jawa,2
dCWUGtVP.png,pegon,5
0J9ll3XL.png,pegon,2
4xdprXtz.png,pegon,2
WqrEXrwL.png,jawa,3
kSeqJGGj.png,pegon,2
vQ9mpswY.png,lontara,1
L8xzqZny.png,jawi,1
CI2u76wa.png,pegon,4
uDOpsPz7.png,bali,5
sXgkzmHC.png,lontara,2
pF5Fh9Rh.png,bali,1
xkNiimIN.png,lampung,5
qip5xtev.png,jawa,5
RWfpOwJM.png,jawi,1
1zfzwRcg.png,jawi,2
xHK5Elf7.png,sunda,5
en69NuQR.png,lampung,2
xLrTWoJt.png,jawa,2
WSslc905.png,sunda,2
G3HhPZ2f.png,jawa,2
LaI51zEh.png,sunda,1
kdrgfK7L.png,pegon,3
LgY2oxRM.png,jawi,5
HnXxs0nj.png,pegon,4
NUG0ZCAD.png,sunda,5
QaoqPD7L.png,pegon,1
jt0aqwhU.png,jawi,5
BhiuLRr2.png,lampung,1
CAZa9BgO.png,lontara,1
BrTrh4N8.png,pegon,4
GHtlrUYI.png,lampung,5
7C4dhdUD.png,pegon,3
N9oIyPsL.png,jawa,5
UsOFPTQ6.png,jawa,5
PQ7tQnAM.png,bali,2
AV21BGRM.png,jawa,3
AGwnFjLN.png,jawi,5
z25GgvQ7.png,bali,1
Jigrj2ce.png,bali,1
LFeIfTGq.png,bali,3
n0goOgWX.png,jawi,3
rkMxZpwm.png,jawi,3
UYMVVXz7.png,sunda,2
sOdkpLe0.png,lampung,3
IQEADn7h.png,sunda,4
RKoBPxWp.png,jawi,2
pZUAPSJA.png,jawi,5
i5DPKVgT.png,pegon,1
yc6kptPg.png,pegon,5
WEIlqzCv.png,lampung,3
qOLZPadE.png,sunda,3
N7QvjGkQ.png,jawi,1
CMiSgpjz.png,lampung,5
IvNIEbH7.png,jawa,5
xbd4kNho.png,pegon,4
b8cnvvu8.png,jawi,3
059PtM6A.png,lampung,4
eZb2ZtKt.png,lampung,4
c3oMeXAl.png,lampung,5
IqddosIj.png,jawi,4
c2bTNPmY.png,jawa,3
7fghRvc5.png,pegon,1
mVMooAGj.png,jawa,5
EGZLyhHx.png,jawa,2
FFKi71pa.png,jawa,5
kgpc0efu.png,pegon,2
0ZwPS01z.png,lampung,1
WpCZ3yCp.png,pegon,1
jxGBmLgw.png,lampung,4
H6sPeZfX.png,sunda,5
LUx7dvO2.png,jawi,5
zVkuWjr5.png,jawi,5
nK5Xw7Ok.png,jawa,1
VZJcgBEk.png,jawi,4
BX4Gd0C8.png,sunda,4
dc2goLsE.png,jawi,2
BtU4g1Hx.png,jawi,5
eMvkTLqG.png,lampung,1
biDJRFFE.png,bali,2
xgSE9Xiu.png,sunda,1
3R1NnJ2M.png,bali,5
7ddFScRx.png,sunda,2
li75D5Fn.png,jawi,5
qfYf8tKY.png,jawi,2
HKhFOOH6.png,jawa,4
lS6hggH7.png,bali,1
VSr6yCsj.png,pegon,4
AloU5wrU.png,jawi,4
MISL9rCO.png,sunda,5
vKycnJKI.png,jawi,1
sYLybXp7.png,jawi,2
mu7kzU3n.png,jawi,1
ZkmxSFAa.png,jawa,3
nZz5GTFx.png,jawa,5
CmobSflw.png,sunda,4
QAKFrDgQ.png,jawa,1
K2PaiYL2.png,pegon,3
NMYP4oXy.png,bali,1
banMNyl9.png,jawa,5
9TIwmyrv.png,pegon,3
VMm4ACdA.png,jawi,3
k1HYZC3N.png,pegon,3
KfZGBti5.png,lampung,5
cOdlpeVb.png,lampung,2
GJn2h5si.png,sunda,4
Y8wwoa2G.png,sunda,3
s2Wia4bd.png,jawi,4
cofw2LvW.png,jawi,1
dc7ZRPdw.png,sunda,5
5T0dm9Gw.png,sunda,5
D2nMveQI.png,sunda,3
3ETWdE3i.png,jawi,1
v7fdXPDg.png,bali,3
50c0r3ps.png,lampung,4
uNiCVHcx.png,pegon,1
nm4GCtyx.png,jawi,3
UBZ0Xc6l.png,pegon,3
YecdarSS.png,jawa,2
OaN8pLgz.png,lampung,1
MX3Ji3AN.png,sunda,2
vgRJHnKD.png,jawi,1
hYC2zOw5.png,lampung,5
MSzffMvS.png,sunda,3
yyOXAE0f.png,jawa,4
oDQI5gsn.png,lampung,3
0Z2Jjwaj.png,bali,5
bwhFMiaz.png,lampung,3
ITFXxOsG.png,jawi,2
v0FFyutp.png,bali,5
4BRYud4M.png,jawa,5
EgX2GsDV.png,pegon,4
FAOJrTap.png,sunda,1
V3alfTzs.png,sunda,5
C4r0rPb0.png,lampung,1
TiF8BFmI.png,lampung,4
ItBpjENw.png,lampung,1
p7yDELw7.png,jawi,2
IOn7guJI.png,pegon,3
L7k1sFz3.png,jawi,1
7HLPSYjW.png,pegon,2
04PfhVTQ.png,lampung,3
ZJF4UG25.png,pegon,1
M4F2zReM.png,pegon,3
cfXrWE4c.png,pegon,4
YIKSmxn7.png,sunda,5
MrRRhwJU.png,sunda,1
ovMD4LsF.png,sunda,1
bEz398vp.png,bali,3
EiNupSzt.png,pegon,3
0v4qq5XW.png,jawi,1
f5CJwsoy.png,jawa,5
JHYA3rd3.png,lampung,3
qDrNSpsf.png,pegon,2
2EO9FTCE.png,jawa,2
KFJxWis1.png,sunda,5
vSycO5gD.png,sunda,1
KGpeYuie.png,jawi,2
NCEuKjzH.png,jawa,2
UBUA34MZ.png,lampung,3
awOVGOWV.png,jawa,5
HUHXbpnk.png,lampung,2
iOSiTh96.png,sunda,3
v25Qnp6n.png,jawa,5
SJL3X7Y0.png,sunda,5
CChOx7ZJ.png,lampung,3
O6Ox0y1L.png,jawi,1
4IKYdzor.png,jawa,2
kva2zkfH.png,jawa,4
YGpRlb2B.png,jawa,3
nokLBlBV.png,jawa,4
W4IGoj5g.png,jawi,5
LjlINc01.png,jawa,5
UczBR3oQ.png,jawi,1
SIG8yqHx.png,lampung,1
0jYWoewl.png,jawa,3
8u3hqe7I.png,pegon,2
Uv89X7tP.png,jawa,1
IhCWlw5s.png,jawi,5
UIHMlYRz.png,jawi,1
sB4HeRvh.png,pegon,5
OFEX7PTu.png,lampung,1
XKjfH0QS.png,pegon,5
L6JLMT8t.png,pegon,4
pFtAfUA2.png,jawa,4
x6oo9Aql.png,bali,3
gxawh0TK.png,jawa,3
rtw44wJm.png,lontara,2
4H4iNRc7.png,jawa,5
Hl8xjNWf.png,pegon,5
92dUXFMO.png,lampung,1
9PcFRZ1a.png,jawi,3
GBb3BoJ9.png,lontara,2
NeawVRDP.png,bali,4
F9CyrLAy.png,jawa,5
XI2R8ol5.png,pegon,4
pRUGvPz0.png,lampung,2
h5H6NqO6.png,lontara,5
L9sm0IQZ.png,jawi,4
omY5e6NR.png,jawa,5
TfWm5aLZ.png,bali,5
frP1Ukwx.png,jawa,1
tJFmzNpq.png,pegon,2
mCEbvbBD.png,jawa,1
rYqPG6oa.png,lampung,2
AZyLYkMY.png,pegon,4
PxN5O7vl.png,lampung,4
OGWZJ3Lo.png,bali,5
4Tj9ZWRb.png,jawi,2
m1olFPUG.png,lampung,2
6CO12kU7.png,pegon,4
Uih4QEem.png,jawa,1
Hqycc2CT.png,jawa,2
QDodtUa5.png,jawi,4
7XKbgUuw.png,lampung,2
jMM7yQDq.png,jawa,3
YNwn6zBy.png,sunda,5
OD1NxML4.png,sunda,3
mtXl8mWc.png,jawi,4
3pVcPUHm.png,pegon,5
dvNQ3ewl.png,lampung,5
K4f4r5sY.png,lampung,1
xSWRGy3W.png,pegon,2
MdcU56qK.png,pegon,5
5sy0IqlF.png,bali,3
pTUfcyY7.png,jawa,1
Oom4Ri7W.png,lampung,5
C560HZz8.png,sunda,1
cwHNpPeT.png,jawi,3
ZNS4VDpK.png,jawi,4
UQ9GdfEO.png,sunda,3
ZfFzg400.png,jawa,4
jAlMSOwd.png,lontara,3
jidw2Jb4.png,jawi,5
Xj5Wpd93.png,pegon,4
Pyd1AoDN.png,lontara,3
NpIPw3S7.png,lontara,2
a88RRy4F.png,lontara,4
TBPIecyV.png,jawi,4
kdPdi24C.png,sunda,4
BbQr3FWQ.png,sunda,2
lCltpq6D.png,lontara,2
Aba07xLP.png,jawa,4
FXBWYuzP.png,bali,5
1Qp2uts3.png,sunda,3
gVlgBbdG.png,jawi,3
fXO2nyNA.png,sunda,3
WNmGDNed.png,jawa,1
wVpJ4Ksb.png,pegon,5
q6G0VIbY.png,lampung,5
Sw0B6IsZ.png,sunda,5
HoKcpTr0.png,lampung,3
lYTUM12w.png,sunda,1
A7D61LYF.png,lampung,3
6OyKP4IH.png,lampung,1
bzwyPpve.png,lampung,4
b7Y33DMB.png,jawi,1
P4C9gxu6.png,pegon,4
h93bYqfg.png,jawa,4
cb9rjyqL.png,bali,1
D5crw9Eh.png,sunda,5
iNZ4BuiK.png,bali,1
dYpcQD9t.png,pegon,1
mLWT01gy.png,jawi,3
7y9aXDQr.png,lontara,3
PqfVijU9.png,pegon,4
CxHXAQm8.png,lontara,1
yiqF8QCu.png,lampung,1
9iUNEAlW.png,sunda,5
CbVd9pQj.png,jawa,5
cuPOZQqI.png,sunda,2
xdWsB2ue.png,bali,4
H6ZRsQu8.png,lampung,1
IXu0waxJ.png,sunda,1
Idz3ZeKB.png,lampung,1
LRKYKRRj.png,lampung,3
jVD7NbDr.png,jawi,1
nBRxUToa.png,pegon,4
gPy5quyo.png,lampung,5
hSZ0uUrp.png,sunda,2
JrXc2T11.png,jawi,4
gtuMHjua.png,sunda,1
Q4QYE4BU.png,jawa,4
DS1JxWyt.png,jawi,1
AkYVEgH5.png,lontara,5
eft7xgwP.png,lampung,2
OhnOPMDS.png,sunda,2
skeds835.png,pegon,2
zoaZ33qe.png,jawi,5
mnRwgtWC.png,bali,1
vIQ8bUn3.png,lampung,1
jzfrZCcV.png,sunda,2
N2lZSQx5.png,jawa,4
2TCrGHEY.png,sunda,5
sepgsbpK.png,lampung,3
bpM1L0YU.png,sunda,1
Gkt6R2hU.png,jawa,5
FaLd07gG.png,jawi,1
CDwQGzvG.png,jawa,5
mNNDbCbc.png,sunda,5
hRnz8bDl.png,lampung,4
MMI4Br4B.png,jawa,4
P8e7aw2E.png,jawa,1
pvZaNhMJ.png,sunda,1
mCM5fojo.png,lampung,5
zIZTR6NB.png,jawa,1
zVTNPC7I.png,jawa,1
aBxxQmvp.png,pegon,1
d6UmfdbO.png,pegon,3
lJgEV65w.png,lampung,1
uLik2Mic.png,pegon,3
yUVMO5qG.png,jawa,1
dNfOrGfQ.png,lampung,4
5kdb9OoQ.png,pegon,2
LsoqvjwM.png,lampung,2
lOgMq7yQ.png,sunda,3
I8VCU7ZW.png,pegon,2
p9vsuZZz.png,lontara,5
8kNJJLPM.png,jawi,5
cyKqY88y.png,sunda,1
6xrxYDDl.png,jawa,4
z1f7z3kk.png,jawa,3
Muy5AGQx.png,sunda,5
3MWDolhO.png,sunda,5
oYO6RsA7.png,sunda,3
7A2Pn7qW.png,lontara,1
A4FPrMVH.png,jawi,5
p9tPliQv.png,lontara,1
EmXlGCz6.png,lontara,2
k8F92nVC.png,lontara,2
52ZlMYx8.png,jawi,2
SNprzXc1.png,sunda,4
QtuWQqsY.png,lampung,1
weY0gsNd.png,sunda,1
8jmlE7EL.png,jawi,2
Z8SISDUi.png,lontara,2
G3HWtTBC.png,lontara,2
H4E5lG8W.png,sunda,3
U9uvcDLV.png,lontara,1
vYq142ou.png,bali,4
PL0A1oKJ.png,lampung,3
1zpoKMml.png,lontara,2
m5srt8Iw.png,jawa,2
G2yCEoRZ.png,jawi,5
Bx4XFOn6.png,jawi,3
SPTSdbY8.png,pegon,2
HiQpDzOX.png,sunda,3
cr6l2xZg.png,pegon,3
46RBQnXU.png,lampung,2
a4YijKsp.png,lampung,1
0IYlE6Qs.png,jawa,3
UyFlqvyU.png,sunda,1
RiqofR4E.png,pegon,3
IDALtTMR.png,lampung,2
HgSnbbkJ.png,lampung,3
pyLcaXqi.png,bali,3
yo273UE2.png,jawi,4
ioOoSjCm.png,jawi,3
Dwp2FbD4.png,lampung,1
kVsbfCLh.png,jawa,3
9FifrhkL.png,jawi,1
cFJGrF9B.png,jawi,2
n03TIbyl.png,jawa,3
wMOIJRjE.png,jawa,2
tx4F4oiF.png,bali,1
dDlkh7c0.png,jawa,1
Y7HF0rUi.png,sunda,2
vKlBdN8b.png,lampung,5
XNy4Q40j.png,lontara,3
61YSLBs3.png,lampung,3
9ljOkdkw.png,lontara,2
3KOZEeBl.png,lampung,2
tMFBq7y2.png,bali,1
Sc1E0PWO.png,bali,3
ftcakUxV.png,jawa,4
7e5SDrQc.png,pegon,4
1kJ3HQZk.png,sunda,3
D1dXd6Lh.png,lampung,2
2sXwORX2.png,jawi,5
uAxYAGo1.png,sunda,1
xzlLmcIf.png,bali,4
5iwefN07.png,jawi,5
Hi3AF3CP.png,sunda,3
Gf8xn292.png,sunda,5
yQAw47Kt.png,lampung,3
cuWgXYUS.png,jawa,1
oQwgrAal.png,bali,2
bpjjUNqd.png,sunda,2
eNlIGyCS.png,pegon,3
SGSwWNym.png,lampung,2
RbtuGLbZ.png,bali,2
vrWwsRe1.png,jawa,4
7cLsAQW5.png,lampung,5
f2GtJmBh.png,pegon,2
JKzpVuOy.png,jawa,5
3Pmsibjp.png,bali,2
pH2scRzt.png,bali,2
kIJmGBUy.png,bali,2
pMoMzBFy.png,lampung,3
pcOa3wc7.png,bali,1
iDFidsd3.png,jawi,1
mCzFqbmg.png,lampung,5
L1uhuG6b.png,sunda,2
Ya5Wrs6w.png,bali,4
YpBY6tVV.png,jawi,5
mrVVJCYe.png,lampung,2
sySorHqE.png,lampung,3
9OxMniUz.png,lampung,5
peYcc07x.png,sunda,3
tChVi4mS.png,jawi,1
A5UmJB3T.png,lampung,5
aNaBEBg4.png,jawa,1
yshb82lE.png,jawi,5
xgcSZ6xH.png,lampung,3
OeRKJdnU.png,pegon,5
LELiPluX.png,lontara,5
nxq94Uy5.png,lampung,3
fYCyFX8A.png,lampung,4
zv8Cr4M4.png,bali,1
H0CH99hz.png,pegon,1
aSsCQuvl.png,lampung,5
mW43NDuA.png,jawa,2
pBcVlUoo.png,pegon,5
B4iiSQwL.png,lampung,1
fOVZKkpC.png,pegon,1
e2YrPgmV.png,jawa,3
KD5ZKxg6.png,jawi,1
cM8RM42O.png,jawi,2
nEcREKC9.png,bali,3
sGiLgxcc.png,pegon,3
zuQUBXtL.png,jawa,2
olLg1W4U.png,sunda,1
VjqUxaLU.png,jawa,4
CnsPETlG.png,lampung,5
ha0P8KEw.png,lampung,3
tuZpurDO.png,jawa,2
XcQdzXON.png,pegon,1
nbIBLU4i.png,lampung,5
dt6lUNBd.png,jawi,3
F4Kg8XJg.png,bali,1
ENjkRnaR.png,sunda,3
QAoVAYoo.png,jawa,3
8EFXc9Bv.png,sunda,5
BOPEBHv6.png,sunda,3
4BngkObB.png,lontara,4
tZ4td6uE.png,sunda,1
Az8IBosM.png,jawi,1
NhygCNL9.png,bali,4
PGRDwuWk.png,lampung,4
0Fnt59Vz.png,sunda,4
RlXNamFF.png,pegon,3
pdKpU1Jr.png,sunda,1
vksGGrjf.png,sunda,3
EM3HHaAP.png,sunda,4
cqBmesnZ.png,sunda,1
MI2TDEy2.png,pegon,3
azCvcMg1.png,jawi,5
p4HXvNg7.png,pegon,2
8H7Rwqvn.png,jawi,4
yQQXOZTe.png,jawa,1
SScVelWT.png,pegon,4
U3hovf4B.png,jawa,2
3sB82hrw.png,sunda,4
T6tQ0CDb.png,lampung,4
yadJrPa1.png,lontara,1
iIHgBVdd.png,lontara,5
8X8ZNihR.png,bali,5
H29ZjFhk.png,jawa,3
hmb3cixu.png,lontara,4
En1n4yVd.png,jawi,1
JerWrcdn.png,jawa,5
1JIpMWlS.png,sunda,3
Jyq4821x.png,bali,4
cPg5LwT0.png,pegon,1
DBwqSh5V.png,jawi,4
1I7rUP6e.png,bali,5
KDOQRyml.png,lampung,5
3bJ8IwCF.png,sunda,5
lVxOtVbY.png,lampung,4
N0zFdcJx.png,lampung,4
vkqC6dIB.png,jawi,5
ok67wDdY.png,bali,3
1e4RYrc3.png,lampung,3
p9iGAY3n.png,bali,2
WNd8xBu0.png,jawa,4
75wthis6.png,lampung,5
LjSvTtSq.png,bali,2
2kkWz1MW.png,jawa,2
P6nBlhaM.png,jawi,3
xk33jPo0.png,bali,5
UohQNFh2.png,jawa,2
uz1mDG9L.png,pegon,4
sxg8ZDXl.png,jawa,5
WYbZ8YqA.png,lontara,3
dG7dRTQ8.png,pegon,1
r8d8MEe2.png,lontara,5
ctoU0dAx.png,jawi,3
hBmPax98.png,lampung,1
CpubJj5Q.png,jawi,2
XoYuLYvK.png,lampung,5
UQJcL9b3.png,bali,3
zVqTzlD2.png,pegon,5
Gzbi7yWR.png,jawi,1
bBDu0fNp.png,jawi,5
2IIFujRS.png,lampung,5
LmnJdurv.png,pegon,1
5PoppZ3A.png,jawa,4
eK0NTNXd.png,pegon,1
aairpVWQ.png,jawa,4
Z5w7vmQI.png,jawi,1
3yYtiRhH.png,pegon,2
Al1AfgUr.png,lampung,3
VfScwQyQ.png,lampung,3
Cu9dTGlX.png,lontara,3
yqZlKvNz.png,sunda,2
c4qcuheH.png,lontara,5
BOZewUVQ.png,pegon,3
lGU0Heyr.png,bali,5
VqRvgGxI.png,jawi,1
r0HP2SuA.png,jawi,4
nEDIsF4N.png,jawa,4
laeHyhSP.png,bali,4
q4l3dZu6.png,pegon,1
KE0WtNU8.png,jawa,3
IV2Aggeu.png,lampung,1
