image_id,label,split,w,h,fmt,ctype,pred_c,pred_x,conf_x,pred,conf,agree,pp_w,pp_h,raw_glyph_h,n_glyphs,v2_scale,v2_glyph_h,zoom_to_line_scale
zserujX8.jpg,bali,train,1280,720,JPEG,page,0.0,0.0,0.5728909256668322,,,,1280,707,22.0,78,0.2263083451202263,4.978783592644978,2.590909090909091
Pr22tEu7.jpg,pegon,train,600,400,JPEG,page,0.0,0.0,0.5787474205202349,,,,600,340,12.0,35,0.47058823529411764,5.647058823529411,4.75
AlMtohM9.jpg,jawi,train,1088,1316,JPEG,page,2.0,2.0,0.5872877046122829,,,,1088,1316,8.0,1603,0.12158054711246201,0.9726443768996961,7.125
jxh6yxyy.jpg,lontara,train,568,621,JPEG,page,4.0,4.0,0.9189677123810148,,,,568,500,14.0,56,0.32,4.48,4.071428571428571
lp1In676.jpg,lampung,train,1000,370,JPEG,page,3.0,3.0,0.930329830328908,,,,1000,370,9.0,225,0.43243243243243246,3.891891891891892,6.333333333333333
A3amnqqs.jpg,lampung,train,480,360,JPEG,page,3.0,3.0,0.9071473661863436,,,,439,245,16.0,92,0.6530612244897959,10.448979591836734,3.5625
DZlkHVVs.jpg,pegon,train,878,460,JPEG,page,5.0,5.0,0.7083532496835191,,,,840,460,10.0,1245,0.34782608695652173,3.4782608695652173,5.7
mU0VIMOM.jpg,jawi,train,750,469,JPEG,page,2.0,2.0,0.715637414481826,,,,750,469,12.5,207,0.3411513859275053,4.264392324093817,4.56
ArLIuehv.png,pegon,train,1521,750,PNG,page,2.0,5.0,0.5017935963044613,,,,1413,750,6.0,406,0.21333333333333335,1.28,9.5
3uZ754oe.jpg,jawa,train,1000,614,JPEG,page,1.0,1.0,0.8919118175377112,,,,982,557,20.0,271,0.2872531418312388,5.745062836624776,2.85
r3tGNzm6.jpg,jawa,train,2834,1223,JPEG,page,1.0,1.0,0.4427429653869843,,,,2834,1223,8.0,303,0.13082583810302534,1.0466067048242027,7.125
pugriEKg.jpg,pegon,train,768,768,JPEG,page,5.0,2.0,0.7526655241588147,,,,768,768,34.5,87,0.20833333333333334,7.1875,1.6521739130434783
VA317cEJ.jpg,pegon,train,677,453,JPEG,page,5.0,5.0,0.886845634126755,,,,677,445,12.0,476,0.3595505617977528,4.314606741573034,4.75
VvWr2DRJ.jpg,pegon,train,1280,720,JPEG,page,2.0,2.0,0.8230322092120732,,,,1280,720,26.0,151,0.2222222222222222,5.777777777777778,2.1923076923076925
VObY0cqk.jpg,pegon,train,1967,1724,JPEG,page,5.0,5.0,0.8740644868453192,,,,1864,1724,16.0,945,0.09280742459396751,1.4849187935034802,3.5625
9QkzJWYC.png,bali,train,864,864,PNG,page,0.0,0.0,0.9310591583386844,,,,570,856,,0,0.18691588785046728,,
isCRUjsC.jpg,pegon,train,1280,734,JPEG,page,2.0,2.0,0.56307146168658,,,,1280,724,13.0,1145,0.22099447513812154,2.87292817679558,4.384615384615385
rEohqrKO.webp,jawa,train,720,447,WEBP,page,1.0,1.0,0.8937263594781548,,,,585,447,7.0,32,0.3579418344519016,2.505592841163311,8.142857142857142
C5R3SyGp.png,jawi,train,49,266,PNG,page,2.0,2.0,0.8371286136531578,,,,49,266,39.0,7,0.6015037593984962,23.45864661654135,1.4615384615384615
H8tMgkXB.png,bali,train,700,663,PNG,page,0.0,0.0,0.9275518436567664,,,,700,651,32.0,99,0.2457757296466974,7.864823348694316,1.78125
JkcwfeWb.jpg,pegon,train,300,445,JPEG,page,5.0,2.0,0.2989666503383861,,,,300,445,9.0,22,0.3595505617977528,3.235955056179775,6.333333333333333
Sq4mQMmX.webp,lampung,train,500,281,WEBP,page,3.0,3.0,0.7539636843454207,,,,447,281,8.0,218,0.5693950177935944,4.555160142348755,7.125
lyRKrF1d.jpg,jawi,train,1200,1690,JPEG,page,5.0,3.0,0.2938175192131096,,,,1200,1690,29.0,297,0.09467455621301775,2.7455621301775146,1.9655172413793103
18Yut8y2.jpg,sunda,train,712,712,JPEG,page,6.0,1.0,0.8423946689886829,,,,507,697,30.0,145,0.22955523672883787,6.886657101865136,1.9
mS2kZ8fi.jpg,bali,train,668,375,JPEG,page,0.0,0.0,0.930412261109006,,,,664,338,8.0,183,0.47337278106508873,3.78698224852071,7.125
J5rUUjOm.jpg,lontara,train,2764,1849,JPEG,page,4.0,4.0,0.9319629048656236,,,,2208,784,52.5,97,0.20408163265306123,10.714285714285715,1.0857142857142856
LbdIIDPH.png,bali,train,1200,700,PNG,page,0.0,0.0,0.9337503223312392,,,,1200,700,43.0,102,0.22857142857142856,9.828571428571427,1.3255813953488371
vIX9hIjR.jpg,pegon,train,640,462,JPEG,page,5.0,5.0,0.9291068632978192,,,,640,462,12.5,108,0.3463203463203463,4.329004329004329,4.56
4cQJzJ58.jpg,pegon,train,1500,1225,JPEG,page,5.0,5.0,0.9244024627500756,,,,1500,1225,8.0,3953,0.1306122448979592,1.0448979591836736,7.125
Ifcb2r4C.jpg,jawa,train,1200,800,JPEG,page,1.0,1.0,0.8644680347352679,,,,1200,800,17.0,440,0.2,3.4000000000000004,3.3529411764705883
cSqToiMa.jpg,bali,train,640,589,JPEG,page,0.0,1.0,0.7891453179254851,,,,640,589,6.0,670,0.27164685908319186,1.6298811544991512,9.5
ZTjt1UNI.jpg,bali,train,393,577,JPEG,page,3.0,0.0,0.6278367591534569,,,,393,577,9.0,236,0.2772963604852686,2.4956672443674175,6.333333333333333
a4jh7wTT.jpg,jawa,train,700,441,JPEG,page,1.0,1.0,0.8993586163173262,,,,675,416,13.0,154,0.38461538461538464,5.0,4.384615384615385
L4cIkqat.jpg,bali,train,1280,1280,JPEG,page,0.0,0.0,0.8730932162234472,,,,1257,889,10.0,99,0.17997750281214847,1.7997750281214846,5.7
DOH3uoeR.jpg,bali,train,640,480,JPEG,page,0.0,1.0,0.8325101933312775,,,,640,480,17.0,51,0.3333333333333333,5.666666666666666,3.3529411764705883
lPJpDgwW.jpg,bali,train,1200,675,JPEG,page,0.0,1.0,0.4933803684161888,,,,1194,675,6.0,498,0.23703703703703705,1.4222222222222223,9.5
Vz1nxIKv.png,jawi,train,700,446,PNG,page,2.0,5.0,0.8658445349033739,,,,700,446,9.0,80,0.35874439461883406,3.2286995515695067,6.333333333333333
BH0R4c3B.jpg,bali,train,735,463,JPEG,page,0.0,0.0,0.935825028182264,,,,698,397,31.0,67,0.40302267002518893,12.493702770780857,1.8387096774193548
vgRH3hfk.webp,lontara,train,720,565,WEBP,page,4.0,4.0,0.9217425458149622,,,,544,565,16.0,72,0.2831858407079646,4.530973451327434,3.5625
FPo8eKNu.webp,jawa,train,1280,720,WEBP,page,1.0,1.0,0.9028591500599418,,,,1234,577,43.0,62,0.2772963604852686,11.92374350086655,1.3255813953488371
v0eRKhNN.jpg,lontara,train,750,500,JPEG,page,5.0,5.0,0.6711224911996756,,,,750,500,13.0,226,0.32,4.16,4.384615384615385
p1nlqTvi.jpg,jawi,train,742,1080,JPEG,page,2.0,2.0,0.7931187437299018,,,,742,1080,7.0,1047,0.14814814814814814,1.037037037037037,8.142857142857142
db0c2Z4p.png,lampung,train,1074,575,PNG,page,3.0,2.0,0.5167314720657116,,,,1019,575,17.0,254,0.2782608695652174,4.730434782608696,3.3529411764705883
1zxp9geQ.jpg,jawa,train,1200,675,JPEG,page,1.0,1.0,0.8977517344808489,,,,993,619,18.0,339,0.25848142164781907,4.652665589660743,3.1666666666666665
nGhp8rvR.jpg,lontara,train,528,800,JPEG,page,4.0,4.0,0.9237935208377586,,,,528,800,17.0,209,0.2,3.4000000000000004,3.3529411764705883
cM7aMsIP.jpg,jawa,train,1024,543,JPEG,page,1.0,1.0,0.8852654124892513,,,,1024,543,24.5,192,0.2946593001841621,7.219152854511971,2.326530612244898
4rzA2cl1.jpg,bali,train,1706,960,JPEG,page,0.0,0.0,0.8968878364093102,,,,1282,960,11.0,69,0.16666666666666666,1.8333333333333333,5.181818181818182
tviyv7W0.jpg,lampung,train,970,544,JPEG,page,3.0,3.0,0.916031198827102,,,,970,187,118.0,6,0.6597938144329897,77.85567010309278,0.4830508474576271
IcMQ729U.jpg,bali,train,480,360,JPEG,page,0.0,0.0,0.9247294796559312,,,,439,265,28.0,57,0.6037735849056604,16.90566037735849,2.0357142857142856
KQn86KbN.jpg,bali,train,503,856,JPEG,page,1.0,0.0,0.2488891819968223,,,,503,856,11.0,256,0.18691588785046728,2.05607476635514,5.181818181818182
A86cbI0P.png,sunda,train,300,282,PNG,page,6.0,5.0,0.8483087374809211,,,,300,282,7.0,244,0.5673758865248227,3.9716312056737593,8.142857142857142
qr0Dsa4r.png,jawa,train,700,730,PNG,page,1.0,1.0,0.8829613297164272,,,,700,730,9.0,804,0.2191780821917808,1.9726027397260273,6.333333333333333
wBLg71Yy.png,lontara,train,2000,1600,PNG,page,4.0,4.0,0.7969480095555701,,,,2000,1600,29.0,308,0.1,2.9000000000000004,1.9655172413793103
fuuZiyNB.jpg,lontara,train,433,616,JPEG,page,4.0,4.0,0.928466682115401,,,,433,616,18.0,107,0.2597402597402597,4.675324675324675,3.1666666666666665
MuR7rzdl.jpg,jawa,train,1654,2340,JPEG,page,1.0,4.0,0.3162927353633031,,,,1654,2340,21.5,381,0.06837606837606838,1.4700854700854702,2.6511627906976742
tVLTxNyb.jpg,pegon,train,561,561,JPEG,page,2.0,2.0,0.8215443024509529,,,,561,561,7.0,515,0.28520499108734404,1.9964349376114083,8.142857142857142
Pn2o0YTT.jpg,jawa,train,565,514,JPEG,page,1.0,1.0,0.8953182728204934,,,,565,514,22.0,184,0.311284046692607,6.848249027237355,2.590909090909091
aN9eOSXS.jpg,jawi,train,768,1024,JPEG,page,2.0,2.0,0.8608970703806537,,,,665,716,10.0,619,0.22346368715083798,2.2346368715083798,5.7
mX6JeAay.jpg,lontara,train,572,481,JPEG,page,4.0,4.0,0.9221696635897548,,,,566,481,12.5,153,0.33264033264033266,4.158004158004158,4.56
5ghxWNyR.jpg,jawa,train,585,329,JPEG,page,1.0,1.0,0.8965284216940832,,,,501,329,34.0,66,0.48632218844984804,16.534954407294833,1.6764705882352942
HSPlRvu6.jpg,lontara,train,355,259,JPEG,page,4.0,4.0,0.9077954178018413,,,,355,219,11.0,95,0.730593607305936,8.036529680365296,5.181818181818182
Ymh2tbFw.png,bali,train,864,864,PNG,page,0.0,0.0,0.9253907865543896,,,,570,496,,0,0.3225806451612903,,
7aDRp8vj.jpg,jawa,train,480,675,JPEG,page,1.0,1.0,0.9043355367337343,,,,480,675,34.0,70,0.23703703703703705,8.05925925925926,1.6764705882352942
WWCrZrGd.jpg,bali,train,1200,800,JPEG,page,1.0,1.0,0.8118945267124892,,,,1200,800,5.0,110,0.2,1.0,11.4
EAumamZe.jpg,jawi,train,1024,683,JPEG,page,5.0,5.0,0.9318316007343171,,,,1024,683,7.0,287,0.2342606149341142,1.6398243045387995,8.142857142857142
Qf2P4kf8.png,lontara,train,1160,676,PNG,page,4.0,4.0,0.6787077984073516,,,,587,405,,0,0.3950617283950617,,
QNEvz4dm.jpg,pegon,train,820,457,JPEG,page,5.0,5.0,0.9365838434364534,,,,820,457,7.0,52,0.350109409190372,2.450765864332604,8.142857142857142
lkZUfCn0.jpg,jawa,train,954,397,JPEG,page,1.0,1.0,0.881232602618345,,,,921,374,6.0,119,0.42780748663101603,2.5668449197860963,9.5
POApg2ai.png,sunda,train,640,404,PNG,page,1.0,5.0,0.3364924282410688,,,,640,404,6.0,9,0.39603960396039606,2.3762376237623766,9.5
zOMPhDUE.jpg,lampung,train,2192,1231,JPEG,page,3.0,2.0,0.2478011889326028,,,,2189,1231,63.0,78,0.12997562956945571,8.18846466287571,0.9047619047619048
WCHCFDE6.jpg,jawi,train,1024,766,JPEG,page,2.0,1.0,0.3853169173322234,,,,1024,713,10.0,537,0.2244039270687237,2.244039270687237,5.7
aaGL9ufc.jpg,sunda,train,650,488,JPEG,page,6.0,6.0,0.901699383848308,,,,600,472,30.0,121,0.3389830508474576,10.169491525423728,1.9
y0uFaJnx.png,jawa,train,1200,1200,PNG,page,1.0,1.0,0.5623862229458523,,,,862,1006,24.0,117,0.15904572564612326,3.817097415506958,2.375
hf1aJZJs.jpg,jawa,train,1080,589,JPEG,page,1.0,1.0,0.882099592181416,,,,1080,574,32.0,423,0.2787456445993031,8.9198606271777,1.78125
lUuAU6E8.jpg,jawi,train,830,468,JPEG,page,5.0,5.0,0.9367419847854636,,,,792,468,14.0,534,0.3418803418803419,4.786324786324786,4.071428571428571
W0b6uSzZ.jpg,jawa,train,800,800,JPEG,page,1.0,3.0,0.328599668749601,,,,800,800,11.0,84,0.2,2.2,5.181818181818182
slg7fj6Y.jpg,lampung,train,566,472,JPEG,page,3.0,3.0,0.9186450707543388,,,,566,472,14.0,202,0.3389830508474576,4.745762711864407,4.071428571428571
FSeTEL4D.jpg,sunda,train,2056,2704,JPEG,page,1.0,5.0,0.5435636732193115,,,,2056,2704,9.0,938,0.05917159763313609,0.5325443786982248,6.333333333333333
T5Q9z9Eg.jpg,sunda,train,768,1024,JPEG,page,3.0,1.0,0.3335018127629812,,,,511,898,13.0,276,0.17817371937639198,2.316258351893096,4.384615384615385
05E6cN2H.jpg,bali,train,696,464,JPEG,page,0.0,0.0,0.9275309543609596,,,,493,404,24.0,46,0.39603960396039606,9.504950495049506,2.375
yH2Pop2c.jpg,jawi,train,2098,1424,JPEG,page,5.0,5.0,0.8877055017551322,,,,2098,1424,24.0,1972,0.11235955056179775,2.696629213483146,2.375
bv4i3Hy5.jpg,lampung,train,387,516,JPEG,page,3.0,3.0,0.9191561481864392,,,,387,516,13.0,66,0.31007751937984496,4.0310077519379846,4.384615384615385
A2gApZnB.jpg,lampung,train,488,409,JPEG,page,2.0,2.0,0.4870808823139823,,,,488,409,15.0,16,0.39119804400978,5.8679706601467,3.8
7gXMJG6J.webp,lontara,train,720,405,WEBP,page,4.0,4.0,0.9293801455566204,,,,720,405,12.5,158,0.3950617283950617,4.938271604938271,4.56
f9cIdnQp.jpg,sunda,train,1024,581,JPEG,page,1.0,1.0,0.7599310288972292,,,,1024,581,10.0,295,0.27538726333907054,2.7538726333907055,5.7
XhzyZXBX.jpg,pegon,train,830,485,JPEG,page,5.0,5.0,0.9019720505614278,,,,830,485,5.0,610,0.32989690721649484,1.6494845360824741,11.4
Imsi27LU.jpg,lontara,train,645,923,JPEG,page,4.0,4.0,0.9428611960719824,,,,645,923,24.0,161,0.1733477789815818,4.160346695557963,2.375
MDiV8shM.jpg,lampung,train,1138,316,JPEG,page,3.0,3.0,0.917094230961702,,,,1055,305,17.0,125,0.5245901639344263,8.918032786885247,3.3529411764705883
wE8el0Ro.jpg,pegon,train,480,360,JPEG,page,5.0,5.0,0.9337101500282818,,,,480,360,18.0,31,0.4444444444444444,8.0,3.1666666666666665
lWjk9Tvo.jpg,lampung,train,1280,720,JPEG,page,3.0,3.0,0.914098498157099,,,,1280,720,10.5,12,0.2222222222222222,2.333333333333333,5.428571428571429
u6OG4OU1.jpg,jawa,train,449,252,JPEG,page,1.0,1.0,0.8948188583795159,,,,434,252,18.0,123,0.6349206349206349,11.428571428571427,3.1666666666666665
k2KtRniI.jpg,pegon,train,878,576,JPEG,page,5.0,5.0,0.9211575463497064,,,,854,539,11.0,1269,0.29684601113172543,3.2653061224489797,5.181818181818182
ze6LVt3f.jpg,jawa,train,1280,720,JPEG,page,1.0,1.0,0.8848327746694902,,,,1280,720,40.0,167,0.2222222222222222,8.88888888888889,1.425
goMVEr9M.jpg,jawi,train,1200,630,JPEG,page,2.0,5.0,0.9101775898770708,,,,1200,630,9.0,1392,0.25396825396825395,2.2857142857142856,6.333333333333333
nB7tdnSn.png,jawi,train,600,600,PNG,page,2.0,2.0,0.8521411789927036,,,,597,227,18.0,15,0.7048458149779736,12.687224669603525,3.1666666666666665
JfHP176N.jpg,lampung,train,1200,700,JPEG,page,3.0,3.0,0.8927198645106577,,,,1200,700,46.0,83,0.22857142857142856,10.514285714285714,1.2391304347826086
XmDXsCvc.webp,jawa,train,300,417,WEBP,page,1.0,1.0,0.9064667094924368,,,,300,417,13.0,116,0.38369304556354916,4.988009592326139,4.384615384615385
sgJcQYI6.jpg,lontara,train,444,280,JPEG,page,4.0,4.0,0.7348831252437436,,,,444,280,6.0,367,0.5714285714285714,3.4285714285714284,9.5
bIVEz5kB.jpg,sunda,train,354,355,JPEG,page,6.0,6.0,0.902884391490444,,,,160,193,,1,0.8290155440414507,,
WtdYMinR.jpg,pegon,train,410,418,JPEG,page,5.0,5.0,0.9406786811496224,,,,410,418,5.0,261,0.3827751196172249,1.9138755980861244,11.4
cLcF0nUi.png,lampung,train,640,758,PNG,page,3.0,3.0,0.921055853501889,,,,640,758,12.0,380,0.21108179419525067,2.532981530343008,4.75
TWaDlRbb.jpg,bali,train,960,1200,JPEG,page,0.0,0.0,0.9090423730384763,,,,960,1200,25.0,185,0.13333333333333333,3.3333333333333335,2.28
4sQkkgkH.png,lampung,train,425,521,PNG,page,2.0,2.0,0.4487759042245215,,,,425,521,6.0,144,0.30710172744721687,1.8426103646833012,9.5
Qq8v0hKp.jpg,jawa,train,423,568,JPEG,page,1.0,1.0,0.9096285914150606,,,,423,568,17.0,153,0.28169014084507044,4.788732394366197,3.3529411764705883
ydlfeeQR.jpg,bali,train,1477,1108,JPEG,page,0.0,0.0,0.9271621190160164,,,,1477,1108,13.0,945,0.1444043321299639,1.8772563176895307,4.384615384615385
CNGbKP8u.jpg,jawa,train,481,280,JPEG,page,1.0,1.0,0.898818737500003,,,,481,280,12.0,150,0.5714285714285714,6.857142857142857,4.75
nOkBZWxv.png,jawa,train,811,613,PNG,page,1.0,1.0,0.901631234267215,,,,811,613,28.0,74,0.26101141924959215,7.30831973898858,2.0357142857142856
zf8bKPv6.png,sunda,train,1200,900,PNG,page,6.0,6.0,0.9046164991846902,,,,1142,893,28.0,152,0.1791713325867861,5.016797312430011,2.0357142857142856
iWeZ1ZEc.jpg,jawi,train,235,300,JPEG,page,5.0,5.0,0.846037712542709,,,,235,300,6.0,245,0.5333333333333333,3.2,9.5
h0LtJbi8.jpg,jawi,train,360,466,JPEG,page,3.0,3.0,0.8848823623771748,,,,343,437,7.0,96,0.36613272311212813,2.5629290617848968,8.142857142857142
8dfolTMF.jpg,jawi,train,469,754,JPEG,page,5.0,5.0,0.878174665616576,,,,469,754,9.0,455,0.21220159151193635,1.9098143236074272,6.333333333333333
gb8TzDfD.webp,jawa,train,1200,675,WEBP,page,1.0,1.0,0.8988835103023805,,,,1200,675,38.0,91,0.23703703703703705,9.007407407407408,1.5
Q5TmKwnk.jpg,pegon,train,1280,720,JPEG,page,5.0,5.0,0.9357293815472034,,,,954,720,14.0,785,0.2222222222222222,3.1111111111111107,4.071428571428571
AKUar1TE.jpg,jawa,train,1280,720,JPEG,page,1.0,1.0,0.8922911466900715,,,,1001,720,34.0,80,0.2222222222222222,7.555555555555555,1.6764705882352942
kdPAng3j.jpg,lampung,train,1280,720,JPEG,page,3.0,3.0,0.9090088213820714,,,,1173,680,39.0,74,0.23529411764705882,9.176470588235293,1.4615384615384615
drKaI6XR.jpg,pegon,train,1247,980,JPEG,page,5.0,5.0,0.728451401484811,,,,1247,940,12.0,863,0.1702127659574468,2.0425531914893615,4.75
P5yudurv.jpg,lampung,train,952,476,JPEG,page,3.0,3.0,0.7834631158532435,,,,926,427,20.0,224,0.3747072599531616,7.494145199063232,2.85
dKpZfhoe.jpg,pegon,train,738,1600,JPEG,page,5.0,5.0,0.9083150551264824,,,,738,1600,20.0,177,0.1,2.0,2.85
kI1F48fG.jpg,sunda,train,566,619,JPEG,page,6.0,1.0,0.6450267940163985,,,,566,619,13.0,175,0.25848142164781907,3.360258481421648,4.384615384615385
QXjb5GEa.jpg,lampung,train,720,1280,JPEG,page,3.0,3.0,0.3506321200988587,,,,720,1280,19.0,207,0.125,2.375,3.0
2v8NSzWR.jpg,pegon,train,490,354,JPEG,page,2.0,5.0,0.5370383681028406,,,,490,354,6.0,456,0.4519774011299435,2.711864406779661,9.5
9l4LMazG.png,lontara,train,1366,768,PNG,page,4.0,1.0,0.5177816052960917,,,,1259,754,14.0,972,0.21220159151193635,2.970822281167109,4.071428571428571
d81F6pxi.jpg,lampung,train,735,1040,JPEG,page,3.0,3.0,0.8471420268364374,,,,697,1039,45.0,84,0.15399422521655437,6.9297401347449465,1.2666666666666666
KpRcwnvc.jpg,lontara,train,404,316,JPEG,page,4.0,4.0,0.9321818122536836,,,,404,178,30.0,26,0.898876404494382,26.96629213483146,1.9
cgV69blO.jpg,jawi,train,1080,763,JPEG,page,5.0,3.0,0.3693278905585086,,,,1055,752,9.0,423,0.2127659574468085,1.9148936170212767,6.333333333333333
DnWDDnKs.webp,pegon,train,600,338,WEBP,page,5.0,5.0,0.9303757423761272,,,,600,338,5.0,128,0.47337278106508873,2.3668639053254434,11.4
bSmzSSsW.jpg,lampung,train,700,350,JPEG,page,3.0,3.0,0.8606520828171519,,,,567,311,15.5,70,0.5144694533762058,7.974276527331189,3.6774193548387095
0lPkokiG.jpg,lampung,train,1000,915,JPEG,page,3.0,3.0,0.9059456305598532,,,,971,871,33.0,122,0.18369690011481057,6.061997703788749,1.7272727272727273
lWqGfthg.jpg,jawi,train,250,377,JPEG,page,5.0,5.0,0.9112074405533764,,,,250,377,7.0,4,0.4244031830238727,2.970822281167109,8.142857142857142
xoWpVy3M.jpg,bali,train,500,500,JPEG,page,0.0,0.0,0.9263803048636408,,,,500,500,16.0,185,0.32,5.12,3.5625
CqSvfsrM.jpg,lampung,train,570,588,JPEG,page,3.0,3.0,0.8982782734064276,,,,568,588,12.0,235,0.272108843537415,3.2653061224489797,4.75
wJLSOF58.jpg,lontara,train,770,450,JPEG,page,4.0,4.0,0.9147899480225246,,,,770,450,11.0,490,0.35555555555555557,3.9111111111111114,5.181818181818182
EnhSkTfz.png,jawa,train,306,300,PNG,page,1.0,1.0,0.7463949871474148,,,,135,99,55.0,5,1.6161616161616161,88.88888888888889,1.0363636363636364
u3c9ZTqQ.jpg,jawa,train,720,452,JPEG,page,1.0,1.0,0.8926363151847724,,,,720,426,8.0,520,0.3755868544600939,3.004694835680751,7.125
0RrfREkM.jpg,pegon,train,747,531,JPEG,page,2.0,5.0,0.5249411786795801,,,,747,531,8.0,188,0.3013182674199623,2.4105461393596985,7.125
14vVVl4E.png,pegon,train,800,595,PNG,page,5.0,5.0,0.8149203011128527,,,,800,595,8.0,607,0.2689075630252101,2.1512605042016806,7.125
BtN0snf5.jpg,pegon,train,744,536,JPEG,page,5.0,5.0,0.9294336870894078,,,,744,536,6.0,987,0.29850746268656714,1.7910447761194028,9.5
0qieWTAa.jpg,pegon,train,446,330,JPEG,page,5.0,1.0,0.8302357821623969,,,,415,326,4.0,16,0.49079754601226994,1.9631901840490797,14.25
JUcIlUlw.jpg,jawa,train,480,360,JPEG,page,1.0,1.0,0.9064877831500266,,,,480,360,10.0,315,0.4444444444444444,4.444444444444445,5.7
Pwxovv4w.jpg,pegon,train,768,472,JPEG,page,5.0,5.0,0.9453143572301737,,,,768,472,7.0,454,0.3389830508474576,2.3728813559322033,8.142857142857142
pVaurMOE.png,sunda,train,729,331,PNG,page,6.0,6.0,0.8954480818521448,,,,729,331,21.0,37,0.48338368580060426,10.15105740181269,2.7142857142857144
W9YzgCDe.jpg,bali,train,870,1160,JPEG,page,0.0,0.0,0.8860282745419523,,,,870,1160,8.0,1063,0.13793103448275862,1.103448275862069,7.125
crv2qL3d.jpg,jawa,train,483,341,JPEG,page,1.0,1.0,0.8775220973935347,,,,483,341,17.0,160,0.46920821114369504,7.976539589442815,3.3529411764705883
26CqbMpI.jpg,sunda,train,415,405,JPEG,page,3.0,6.0,0.4409777869201069,,,,292,331,12.0,15,0.48338368580060426,5.800604229607251,4.75
EIbBGv9G.jpg,bali,train,768,1024,JPEG,page,0.0,3.0,0.3567001409538264,,,,632,570,8.0,573,0.2807017543859649,2.245614035087719,7.125
fB1k6OYk.jpg,jawa,train,1000,750,JPEG,page,6.0,6.0,0.8193632493575636,,,,1000,750,23.0,131,0.21333333333333335,4.906666666666667,2.4782608695652173
NZrTPBsT.jpg,jawa,train,736,1308,JPEG,page,1.0,1.0,0.3294166018433773,,,,736,1308,35.0,124,0.12232415902140673,4.281345565749235,1.6285714285714286
QMe5Qa85.jpg,lampung,train,1200,675,JPEG,page,3.0,3.0,0.9188982022887396,,,,1200,670,41.0,61,0.23880597014925373,9.791044776119403,1.3902439024390243
9W5axwiz.jpg,pegon,train,1239,1800,JPEG,page,5.0,5.0,0.8843796470834941,,,,1239,1800,14.0,508,0.08888888888888889,1.2444444444444445,4.071428571428571
1aIVpZ2l.jpg,lampung,train,830,556,JPEG,page,3.0,3.0,0.9098466140114108,,,,830,556,11.0,227,0.28776978417266186,3.1654676258992804,5.181818181818182
Etv2CI1N.webp,lampung,train,136,296,WEBP,page,3.0,3.0,0.4395555865189585,,,,136,296,20.0,49,0.5405405405405406,10.81081081081081,2.85
vFnuGssw.jpg,lampung,train,1000,1673,JPEG,page,5.0,5.0,0.8824035624371099,,,,1000,1628,10.0,90,0.09828009828009827,0.9828009828009827,5.7
y3XQDMZv.jpg,sunda,train,960,1200,JPEG,page,1.0,1.0,0.9008005539798456,,,,960,1200,23.0,488,0.13333333333333333,3.0666666666666664,2.4782608695652173
Jm77pTKe.jpg,jawa,train,650,412,JPEG,page,1.0,1.0,0.896665626361441,,,,538,412,8.0,277,0.3883495145631068,3.1067961165048543,7.125
L5ew6cf9.jpg,pegon,train,1200,948,JPEG,page,5.0,5.0,0.9341408323774176,,,,1200,948,78.0,61,0.16877637130801687,13.164556962025316,0.7307692307692307
XE1yQhgw.webp,sunda,train,2048,1152,WEBP,page,6.0,6.0,0.8374439297612134,,,,2048,1152,28.0,363,0.1388888888888889,3.8888888888888893,2.0357142857142856
T4CwXbxe.jpg,bali,train,870,286,JPEG,page,0.0,0.0,0.9307604429547488,,,,833,286,28.0,93,0.5594405594405595,15.664335664335665,2.0357142857142856
qyPXddz2.jpg,pegon,train,800,800,JPEG,page,5.0,5.0,0.9301398698351504,,,,800,800,12.0,403,0.2,2.4000000000000004,4.75
AjwosTfp.png,pegon,train,625,905,PNG,page,2.0,5.0,0.5747490140219439,,,,625,905,15.0,269,0.17679558011049723,2.6519337016574585,3.8
RY9pKXN7.jpg,bali,train,500,300,JPEG,page,0.0,1.0,0.3868240291729332,,,,500,300,7.0,112,0.5333333333333333,3.7333333333333334,8.142857142857142
kne37dqn.jpg,jawa,train,1280,720,JPEG,page,1.0,1.0,0.910652043416404,,,,1276,676,35.0,136,0.23668639053254437,8.284023668639053,1.6285714285714286
ogPEoW0X.jpg,sunda,train,800,400,JPEG,page,1.0,6.0,0.5247873421039514,,,,800,400,8.0,570,0.4,3.2,7.125
HEcsD6AX.png,bali,train,5000,1705,PNG,page,0.0,0.0,0.9244571033699072,,,,4873,1705,,1,0.093841642228739,,
zasgaCVk.jpg,pegon,train,1320,990,JPEG,page,2.0,2.0,0.7552798902007719,,,,1320,990,17.0,234,0.16161616161616163,2.747474747474748,3.3529411764705883
Zm78KvRV.jpg,pegon,train,1360,903,JPEG,page,5.0,5.0,0.9288655349338264,,,,1360,903,5.0,24,0.17718715393134,0.8859357696567,11.4
pL1TEs2W.webp,pegon,train,759,450,WEBP,page,5.0,5.0,0.8810678307284744,,,,759,450,6.0,83,0.35555555555555557,2.1333333333333333,9.5
9rr8VvDa.jpg,jawa,train,640,492,JPEG,page,1.0,1.0,0.9009692777530643,,,,640,492,10.0,586,0.3252032520325203,3.252032520325203,5.7
NFZIt3sH.png,lontara,train,404,316,PNG,page,4.0,4.0,0.9218504089689143,,,,363,63,5.0,51,1.7630853994490359,8.81542699724518,11.4
bgn3EjVU.jpg,lampung,train,201,280,JPEG,page,3.0,3.0,0.917326410112129,,,,201,280,14.0,47,0.5714285714285714,8.0,4.071428571428571
WbYvLu7A.webp,pegon,train,2560,1440,WEBP,page,5.0,5.0,0.901113436607888,,,,2386,1440,34.0,789,0.1111111111111111,3.7777777777777777,1.6764705882352942
9N5DsZPR.jpg,lampung,train,736,1308,JPEG,page,3.0,3.0,0.5481413062913066,,,,736,1308,27.0,185,0.12232415902140673,3.3027522935779814,2.111111111111111
JEm2YNFD.jpg,jawa,train,600,356,JPEG,page,1.0,1.0,0.8987155152279587,,,,441,356,11.0,336,0.449438202247191,4.943820224719101,5.181818181818182
a2qh7aww.png,jawa,train,1024,335,PNG,page,1.0,1.0,0.8949164507136287,,,,1023,311,36.0,69,0.5144694533762058,18.520900321543408,1.5833333333333333
0pQOih09.jpg,jawa,train,626,338,JPEG,page,1.0,1.0,0.8923843919751734,,,,626,338,14.0,167,0.47337278106508873,6.627218934911243,4.071428571428571
tEXmYAkO.jpg,lontara,train,400,391,JPEG,page,4.0,4.0,0.897442904697388,,,,400,391,5.0,286,0.4092071611253197,2.0460358056265986,11.4
1icXIUfR.jpg,jawa,train,750,487,JPEG,page,5.0,5.0,0.5371277972452431,,,,679,487,16.0,83,0.32854209445585214,5.256673511293634,3.5625
EvWOEOgu.jpg,jawa,train,630,458,JPEG,page,1.0,5.0,0.8176849667317407,,,,630,458,11.0,147,0.34934497816593885,3.842794759825327,5.181818181818182
79vWCUW8.jpg,lampung,train,600,338,JPEG,page,4.0,4.0,0.5014535284744353,,,,600,338,6.0,38,0.47337278106508873,2.8402366863905324,9.5
Bz01Prso.jpg,jawi,train,689,591,JPEG,page,2.0,2.0,0.8207856405576184,,,,689,547,21.0,87,0.29250457038391225,6.1425959780621575,2.7142857142857144
johVZUvs.png,jawa,train,600,450,PNG,page,1.0,1.0,0.901373618248415,,,,600,450,12.0,135,0.35555555555555557,4.266666666666667,4.75
z5dSF1Z0.jpg,jawi,train,787,1106,JPEG,page,2.0,2.0,0.8604770097419463,,,,787,1106,6.0,1369,0.14466546112115733,0.867992766726944,9.5
GVqxMBMQ.jpg,bali,train,1706,960,JPEG,page,0.0,0.0,0.8888664673933401,,,,1706,960,6.0,2506,0.16666666666666666,1.0,9.5
3OW9abKi.webp,pegon,train,400,300,WEBP,page,5.0,5.0,0.929427250714942,,,,400,300,5.0,189,0.5333333333333333,2.6666666666666665,11.4
P7pWofbr.jpg,jawa,train,537,929,JPEG,page,1.0,1.0,0.4584840515541336,,,,537,901,12.0,242,0.17758046614872364,2.1309655937846834,4.75
oSjsdcIc.jpg,lontara,train,454,675,JPEG,page,4.0,4.0,0.6889021562978661,,,,454,675,7.0,619,0.23703703703703705,1.6592592592592594,8.142857142857142
QQXTSG81.jpg,lampung,train,781,622,JPEG,page,3.0,6.0,0.4461503823478273,,,,695,622,13.0,196,0.2572347266881029,3.3440514469453375,4.384615384615385
GoGj1Sor.webp,jawa,train,644,277,WEBP,page,1.0,1.0,0.9085347611880694,,,,644,277,14.0,160,0.5776173285198556,8.086642599277978,4.071428571428571
Upp8Rm0A.jpg,jawa,train,972,632,JPEG,page,1.0,1.0,0.9103131698243966,,,,972,632,44.0,68,0.25316455696202533,11.139240506329115,1.2954545454545454
ge440A3b.jpg,lontara,train,4608,3456,JPEG,page,4.0,4.0,0.4584703819643098,,,,4608,3456,16.0,846,0.046296296296296294,0.7407407407407407,3.5625
9D9NLBaF.jpg,sunda,train,736,1152,JPEG,page,1.0,5.0,0.8309195523677668,,,,736,1152,18.0,663,0.1388888888888889,2.5,3.1666666666666665
p1KvJOpI.jpg,jawa,train,768,1024,JPEG,page,1.0,1.0,0.8632336300913185,,,,700,933,9.0,414,0.1714898177920686,1.5434083601286173,6.333333333333333
4t6j7WDj.jpg,lampung,train,1270,954,JPEG,page,3.0,3.0,0.9248131341587964,,,,1270,954,21.0,403,0.16771488469601678,3.5220125786163523,2.7142857142857144
ZfZb7Wre.jpg,jawa,train,1440,1920,JPEG,page,1.0,1.0,0.8926189250626013,,,,1440,1920,27.0,840,0.08333333333333333,2.25,2.111111111111111
hz0i0VAL.jpg,jawi,train,654,480,JPEG,page,5.0,5.0,0.9268371488988852,,,,654,480,8.5,54,0.3333333333333333,2.833333333333333,6.705882352941177
o7wasDKU.jpg,jawi,train,1237,1600,JPEG,page,2.0,2.0,0.807836878790584,,,,1175,1498,17.0,234,0.1068090787716956,1.8157543391188251,3.3529411764705883
T5ThUHie.jpg,jawi,train,840,570,JPEG,page,2.0,2.0,0.7842377471964006,,,,840,570,5.0,311,0.2807017543859649,1.4035087719298245,11.4
S2lydPJ3.jpg,pegon,train,355,492,JPEG,page,5.0,5.0,0.8881184016608207,,,,355,492,6.0,59,0.3252032520325203,1.951219512195122,9.5
vFM0jy9H.jpg,jawa,train,847,999,JPEG,page,1.0,1.0,0.8860995013419569,,,,847,999,32.0,403,0.16016016016016016,5.125125125125125,1.78125
EYpmsJp4.jpg,bali,train,1024,768,JPEG,page,1.0,1.0,0.8975896606570122,,,,1024,656,22.0,208,0.24390243902439024,5.365853658536585,2.590909090909091
ItQogqk5.jpg,,test,720,961,JPEG,page,,,,0.0,0.8849919469134864,5.0,720,961,9.0,622,0.16649323621227888,1.4984391259105099,6.333333333333333
ZqydnzgJ.png,,test,423,340,PNG,page,,,,5.0,0.9141577680209996,5.0,385,340,11.0,289,0.47058823529411764,5.176470588235294,5.181818181818182
LYSJlPHg.jpg,,test,1024,1024,JPEG,page,,,,3.0,0.917033593306067,5.0,1024,1024,15.0,424,0.15625,2.34375,3.8
r0elQ0IA.jpg,,test,480,288,JPEG,page,,,,2.0,0.6026845155472145,5.0,480,288,10.0,55,0.5555555555555556,5.555555555555555,5.7
KTQSUrrc.jpg,,test,1200,800,JPEG,page,,,,2.0,0.7197551710639101,5.0,1200,602,9.0,78,0.26578073089701,2.39202657807309,6.333333333333333
KEu2kTL0.jpg,,test,1503,986,JPEG,page,,,,0.0,0.9315791475408824,5.0,1342,828,94.0,11,0.1932367149758454,18.164251207729468,0.6063829787234043
vlFWLeRt.jpg,,test,750,938,JPEG,page,,,,2.0,0.5576112350315545,3.0,750,938,39.0,99,0.17057569296375266,6.652452025586354,1.4615384615384615
OejnTLcZ.png,,test,665,525,PNG,page,,,,5.0,0.7930863135410124,5.0,519,521,10.0,119,0.30710172744721687,3.071017274472169,5.7
XSED2XWK.jpg,,test,1080,1440,JPEG,page,,,,1.0,0.8958258738176287,5.0,1080,1440,33.0,210,0.1111111111111111,3.6666666666666665,1.7272727272727273
ndpkiGAu.jpg,,test,405,626,JPEG,page,,,,1.0,0.8694818491318065,5.0,405,626,13.0,330,0.25559105431309903,3.322683706070287,4.384615384615385
HC8195r5.jpg,,test,1024,683,JPEG,page,,,,1.0,0.4014946432710288,4.0,1024,683,25.0,118,0.2342606149341142,5.856515373352855,2.28
DouTwCmZ.jpg,,test,768,503,JPEG,page,,,,3.0,0.9186638566384996,5.0,752,461,14.0,185,0.3470715835140998,4.859002169197397,4.071428571428571
26WUdDnL.jpg,,test,500,333,JPEG,page,,,,1.0,0.9049604488222056,5.0,500,333,21.0,92,0.4804804804804805,10.09009009009009,2.7142857142857144
MXzGfFQm.jpg,,test,716,476,JPEG,page,,,,5.0,0.8434450552153241,5.0,716,476,7.0,157,0.33613445378151263,2.3529411764705883,8.142857142857142
TWwOlCLX.webp,,test,700,436,WEBP,page,,,,2.0,0.7688789634244633,5.0,700,421,42.5,33,0.38004750593824227,16.152019002375297,1.3411764705882352
VjUX1UMA.jpg,,test,1500,1600,JPEG,page,,,,1.0,0.8996469250469719,5.0,1500,1600,162.0,119,0.1,16.2,0.35185185185185186
yDpRmpun.jpg,,test,3120,4160,JPEG,page,,,,2.0,0.508669480954764,4.0,3120,4133,9.0,1956,0.03871279941930801,0.3484151947737721,6.333333333333333
ih56UWvz.jpg,,test,1706,960,JPEG,page,,,,0.0,0.9346437762444244,5.0,1487,960,13.5,86,0.16666666666666666,2.25,4.222222222222222
fWSSeXCX.webp,,test,960,695,WEBP,page,,,,5.0,0.9272401053061554,5.0,960,695,9.0,680,0.2302158273381295,2.0719424460431655,6.333333333333333
YZumQKNy.jpg,,test,720,985,JPEG,page,,,,6.0,0.2899450304774777,4.0,720,985,8.0,276,0.16243654822335024,1.299492385786802,7.125
dzq5cujj.jpg,,test,1000,1778,JPEG,page,,,,5.0,0.729550474336768,4.0,982,1511,30.5,406,0.10589013898080742,3.229649238914626,1.8688524590163935
q0xsg3Dy.jpg,,test,4608,3456,JPEG,page,,,,4.0,0.5453602908589705,3.0,4608,3456,14.0,1250,0.046296296296296294,0.6481481481481481,4.071428571428571
lUuephPg.jpg,,test,824,448,JPEG,page,,,,4.0,0.3640306285291471,3.0,824,448,13.0,375,0.35714285714285715,4.642857142857143,4.384615384615385
aQis1ndJ.jpg,,test,236,376,JPEG,page,,,,1.0,0.8958202353343943,5.0,236,376,8.0,353,0.425531914893617,3.404255319148936,7.125
zFNBzMgh.jpg,,test,1080,1440,JPEG,page,,,,2.0,0.6365242928337248,3.0,888,1440,7.0,215,0.1111111111111111,0.7777777777777777,8.142857142857142
BKre5xTa.jpg,,test,1024,1024,JPEG,page,,,,1.0,0.8908079512908058,5.0,1024,944,17.0,661,0.1694915254237288,2.8813559322033897,3.3529411764705883
vE1lC5ua.jpg,,test,800,437,JPEG,page,,,,2.0,0.739054013383047,5.0,641,437,9.0,228,0.36613272311212813,3.2951945080091534,6.333333333333333
F50UsMaR.webp,,test,2048,2899,WEBP,page,,,,2.0,0.5720180170273909,5.0,2048,2899,,0,0.055191445325974475,,
26z1ANyb.jpg,,test,768,1024,JPEG,page,,,,2.0,0.8337796258846962,5.0,619,1024,8.0,560,0.15625,1.25,7.125
rHj8SiVp.png,,test,601,897,PNG,page,,,,5.0,0.9082480681126718,5.0,601,897,9.0,424,0.17837235228539577,1.605351170568562,6.333333333333333
UnwSaMS8.png,,test,1400,990,PNG,page,,,,1.0,0.8866264168123827,5.0,1364,988,46.0,130,0.16194331983805668,7.449392712550607,1.2391304347826086
Fj83bcac.jpg,,test,794,1024,JPEG,page,,,,1.0,0.8908974287012154,5.0,794,1024,13.0,695,0.15625,2.03125,4.384615384615385
FWqUTKFt.jpg,,test,4344,3258,JPEG,page,,,,4.0,0.9277310822799578,5.0,4344,3258,15.0,540,0.04910988336402701,0.7366482504604052,3.8
GtqK3cHR.jpg,,test,480,357,JPEG,page,,,,1.0,0.8902211607812364,5.0,466,357,7.0,217,0.4481792717086835,3.1372549019607843,8.142857142857142
Xre8jQe3.webp,,test,952,700,WEBP,page,,,,5.0,0.262309244152959,3.0,952,700,6.0,117,0.22857142857142856,1.3714285714285714,9.5
k5xdnWK8.png,,test,500,380,PNG,page,,,,6.0,0.9045325915791826,5.0,493,370,18.0,94,0.43243243243243246,7.783783783783784,3.1666666666666665
1RE1VcHj.jpg,,test,1080,687,JPEG,page,,,,6.0,0.4353502790384782,2.0,1080,687,9.0,235,0.2328966521106259,2.096069868995633,6.333333333333333
H036HViM.jpg,,test,601,563,JPEG,page,,,,6.0,0.8424897269394023,5.0,601,563,8.0,929,0.2841918294849023,2.2735346358792183,7.125
yuiAa6pM.jpg,,test,1024,416,JPEG,page,,,,1.0,0.8941727235010111,5.0,1024,416,15.0,155,0.38461538461538464,5.769230769230769,3.8
PFdjl0p9.jpg,,test,480,354,JPEG,page,,,,5.0,0.8837465822098217,5.0,480,354,10.0,151,0.4519774011299435,4.519774011299435,5.7
ItKYqOPE.jpg,,test,830,556,JPEG,page,,,,1.0,0.9025060934701244,5.0,830,532,35.0,129,0.3007518796992481,10.526315789473683,1.6285714285714286
a9BmtPJb.jpg,,test,768,544,JPEG,page,,,,3.0,0.9167321229501162,5.0,743,479,11.0,241,0.33402922755741127,3.674321503131524,5.181818181818182
y4Div1Ps.jpg,,test,404,316,JPEG,page,,,,4.0,0.7402015633400995,5.0,404,285,16.0,15,0.5614035087719298,8.982456140350877,3.5625
6nRakZMt.png,,test,864,864,PNG,page,,,,0.0,0.9290069298811316,5.0,581,311,,0,0.5144694533762058,,
4sMBUagD.png,,test,1200,800,PNG,page,,,,1.0,0.9013397268711052,5.0,1193,476,27.0,140,0.33613445378151263,9.075630252100842,2.111111111111111
ipYw1jbF.jpg,,test,1320,990,JPEG,page,,,,5.0,0.6835102471852309,4.0,1320,990,17.0,234,0.16161616161616163,2.747474747474748,3.3529411764705883
zpaJVslx.png,,test,640,279,PNG,page,,,,5.0,0.9300894401515798,5.0,640,262,9.0,106,0.6106870229007634,5.4961832061068705,6.333333333333333
K3eaNag9.png,,test,1707,900,PNG,page,,,,0.0,0.9326749776676864,5.0,1698,900,7.0,245,0.17777777777777778,1.2444444444444445,8.142857142857142
Y43lbNxD.jpg,,test,660,400,JPEG,page,,,,5.0,0.8761376043195828,5.0,660,400,19.0,16,0.4,7.6000000000000005,3.0
056AqPTe.jpg,,test,800,439,JPEG,page,,,,5.0,0.9347707770334632,5.0,800,439,14.0,450,0.36446469248291574,5.10250569476082,4.071428571428571
tuQn2tFG.jpg,,test,1280,720,JPEG,page,,,,2.0,0.6070267235183036,4.0,1269,720,39.0,177,0.2222222222222222,8.666666666666666,1.4615384615384615
kOzZg1JG.jpg,,test,1280,720,JPEG,page,,,,0.0,0.9004197047307032,5.0,1280,720,18.0,34,0.2222222222222222,4.0,3.1666666666666665
l7zErLnw.jpg,,test,279,494,JPEG,page,,,,6.0,0.4914011370513902,3.0,279,494,11.0,213,0.32388663967611336,3.562753036437247,5.181818181818182
uneupKp4.jpg,,test,1024,714,JPEG,page,,,,5.0,0.9301641158772808,5.0,1024,714,8.0,960,0.22408963585434175,1.792717086834734,7.125
gCeXTM6f.png,,test,2226,3356,PNG,page,,,,2.0,0.8471153311881702,5.0,2226,3356,40.0,822,0.04767580452920143,1.907032181168057,1.425
YwAccQRI.jpg,,test,600,423,JPEG,page,,,,3.0,0.919151163905655,5.0,600,423,18.0,171,0.37825059101654845,6.808510638297872,3.1666666666666665
EkcAINcb.jpg,,test,395,720,JPEG,page,,,,5.0,0.7912800604006937,5.0,395,692,8.0,466,0.23121387283236994,1.8497109826589595,7.125
OxqIjBqf.png,,test,1280,865,PNG,page,,,,2.0,0.8647966795334103,5.0,1040,678,43.0,86,0.2359882005899705,10.14749262536873,1.3255813953488371
eQdRb66P.bmp,,test,822,667,BMP,page,,,,3.0,0.915118598090125,5.0,822,667,21.0,197,0.239880059970015,5.037481259370315,2.7142857142857144
rAp05mwt.jpg,,test,1200,750,JPEG,page,,,,3.0,0.9149740015828184,5.0,860,750,10.0,551,0.21333333333333335,2.1333333333333333,5.7
2JOdaZIF.jpg,,test,449,252,JPEG,page,,,,1.0,0.8813531956813664,5.0,449,252,20.0,35,0.6349206349206349,12.698412698412698,2.85
8oq6zqeT.jpg,,test,768,1024,JPEG,page,,,,4.0,0.821263194053075,4.0,682,944,8.0,1132,0.1694915254237288,1.3559322033898304,7.125
wHZdMejr.jpg,,test,768,1024,JPEG,page,,,,2.0,0.4730745527786588,3.0,698,857,8.0,1048,0.1866977829638273,1.4935822637106184,7.125
oY0gb7Sn.jpg,,test,750,500,JPEG,page,,,,1.0,0.7434888941846696,4.0,750,500,11.0,266,0.32,3.52,5.181818181818182
Ep42uvIt.jpg,,test,736,515,JPEG,page,,,,0.0,0.9234259811887606,5.0,561,506,26.0,90,0.31620553359683795,8.221343873517787,2.1923076923076925
3thCZSyH.jpg,,test,569,753,JPEG,page,,,,1.0,0.479536213704624,3.0,569,753,10.0,481,0.21248339973439576,2.1248339973439574,5.7
LiB3gmQw.png,,test,1299,1672,PNG,page,,,,1.0,0.884031803111958,5.0,1299,1672,48.0,75,0.09569377990430622,4.5933014354066986,1.1875
VbUDzy4i.jpg,,test,500,291,JPEG,page,,,,4.0,0.9289325290452832,5.0,383,264,7.0,248,0.6060606060606061,4.242424242424242,8.142857142857142
o6wvvIED.jpg,,test,330,255,JPEG,page,,,,4.0,0.6682489683569072,5.0,330,255,5.0,106,0.6274509803921569,3.1372549019607843,11.4
KjfiynKK.jpg,,test,600,450,JPEG,page,,,,1.0,0.903983701660992,5.0,589,450,26.0,132,0.35555555555555557,9.244444444444445,2.1923076923076925
aFNQd7Wq.jpg,,test,640,480,JPEG,page,,,,1.0,0.9083547990405088,5.0,640,393,17.0,120,0.4071246819338422,6.921119592875318,3.3529411764705883
Ybv4ejqR.jpg,,test,1024,1024,JPEG,page,,,,3.0,0.9201465697137448,5.0,838,1024,13.0,291,0.15625,2.03125,4.384615384615385
l7zm4ex5.jpg,,test,640,558,JPEG,page,,,,4.0,0.6736191511024201,4.0,640,558,9.0,1384,0.2867383512544803,2.5806451612903225,6.333333333333333
bdWh7vZy.jpg,,test,774,1032,JPEG,page,,,,1.0,0.7837915624121923,5.0,774,1032,10.0,263,0.15503875968992248,1.550387596899225,5.7
Osr6x8QO.jpg,,test,790,445,JPEG,page,,,,3.0,0.9157336901569476,5.0,790,445,33.0,87,0.3595505617977528,11.865168539325843,1.7272727272727273
rCFHzah9.jpg,,test,750,375,JPEG,page,,,,1.0,0.5310480517056209,3.0,736,375,39.5,93,0.4266666666666667,16.853333333333335,1.4430379746835442
H2wD2Cwp.jpg,,test,800,534,JPEG,page,,,,1.0,0.901190247273639,5.0,766,534,21.0,143,0.299625468164794,6.292134831460674,2.7142857142857144
pOdWxgnU.jpg,,test,743,534,JPEG,page,,,,5.0,0.9378938733249236,5.0,743,534,5.0,217,0.299625468164794,1.4981273408239701,11.4
3WOfUs8V.jpg,,test,780,552,JPEG,page,,,,5.0,0.7550075430705754,4.0,780,552,8.0,705,0.2898550724637681,2.318840579710145,7.125
QnomGMrW.png,,test,830,805,PNG,page,,,,2.0,0.6681904257286674,4.0,770,805,15.0,328,0.19875776397515527,2.981366459627329,3.8
bzYOfktG.jpg,,test,1706,960,JPEG,page,,,,0.0,0.7204948941349951,4.0,1706,960,11.0,407,0.16666666666666666,1.8333333333333333,5.181818181818182
MEIIpTFk.jpg,,test,1200,800,JPEG,page,,,,3.0,0.9134830328951592,5.0,1155,800,23.0,149,0.2,4.6000000000000005,2.4782608695652173
ANvXuugy.jpg,,test,750,500,JPEG,page,,,,1.0,0.61658522575896,5.0,750,471,5.0,361,0.33970276008492567,1.6985138004246283,11.4
ZBvUKEFY.jpg,,test,700,493,JPEG,page,,,,3.0,0.8890943385753847,5.0,700,493,,1,0.32454361054766734,,
pmpFP6tE.jpg,,test,1200,800,JPEG,page,,,,1.0,0.8967968010534172,5.0,1145,684,49.0,55,0.23391812865497075,11.461988304093566,1.163265306122449
2T7yQYeE.jpg,,test,600,471,JPEG,page,,,,4.0,0.8866967141398737,5.0,600,471,15.0,166,0.33970276008492567,5.095541401273885,3.8
3Ab69ql6.jpg,,test,640,376,JPEG,page,,,,5.0,0.9322822513042396,5.0,640,376,5.0,423,0.425531914893617,2.127659574468085,11.4
o36fxQgG.jpg,,test,600,600,JPEG,page,,,,1.0,0.8949624095687394,5.0,600,588,14.0,109,0.272108843537415,3.8095238095238098,4.071428571428571
94w0nbLY.jpg,,test,1158,1600,JPEG,page,,,,3.0,0.9182606722581322,5.0,1158,1600,29.0,125,0.1,2.9000000000000004,1.9655172413793103
T0d4kIfP.jpg,,test,480,272,JPEG,page,,,,4.0,0.940082962938292,5.0,480,272,7.0,177,0.5882352941176471,4.11764705882353,8.142857142857142
EnCEWDE8.jpg,,test,750,500,JPEG,page,,,,4.0,0.91767787795387,5.0,750,500,10.0,390,0.32,3.2,5.7
KBBAssZV.webp,,test,750,500,WEBP,page,,,,6.0,0.5458771350464291,4.0,750,500,7.0,691,0.32,2.24,8.142857142857142
9KPYHyTK.jpg,,test,768,1024,JPEG,page,,,,0.0,0.4680089523424704,2.0,561,948,9.0,333,0.16877637130801687,1.5189873417721518,6.333333333333333
SCCerkBY.jpg,,test,1654,2340,JPEG,page,,,,0.0,0.4042176344751693,2.0,1654,2340,33.0,359,0.06837606837606838,2.256410256410257,1.7272727272727273
IINdF7pr.webp,,test,1200,676,WEBP,page,,,,5.0,0.89065320245548,5.0,1200,664,11.0,907,0.24096385542168675,2.6506024096385543,5.181818181818182
chtz5jzk.jpg,,test,768,1024,JPEG,page,,,,4.0,0.902631998696647,5.0,714,953,15.0,886,0.16789087093389296,2.5183630640083945,3.8
WsL7EGKU.jpg,,test,801,435,JPEG,page,,,,4.0,0.9353067489489872,5.0,724,435,7.0,380,0.367816091954023,2.574712643678161,8.142857142857142
TttzcFgE.jpg,,test,650,367,JPEG,page,,,,0.0,0.9222203104422828,5.0,649,367,6.0,397,0.4359673024523161,2.6158038147138964,9.5
vI3WShwa.bmp,,test,144,254,BMP,page,,,,6.0,0.8926251047482857,5.0,144,251,21.0,75,0.6374501992031872,13.386454183266933,2.7142857142857144
4OR8cPdh.jpg,,test,1082,767,JPEG,page,,,,3.0,0.917863818955475,5.0,984,746,24.0,75,0.21447721179624665,5.1474530831099194,2.375
W2n52G1r.jpg,,test,1024,874,JPEG,page,,,,5.0,0.7628571739195329,5.0,825,681,31.0,137,0.23494860499265785,7.283406754772393,1.8387096774193548
hgfKArJw.png,,test,480,309,PNG,page,,,,1.0,0.5411592558442044,4.0,480,300,17.0,229,0.5333333333333333,9.066666666666666,3.3529411764705883
QlEiR0iG.jpg,,test,1280,720,JPEG,page,,,,2.0,0.3770696752165021,5.0,1114,709,14.0,132,0.22566995768688294,3.159379407616361,4.071428571428571
6walxVK4.jpg,,test,768,768,JPEG,page,,,,2.0,0.5662333263034391,3.0,729,768,36.0,151,0.20833333333333334,7.5,1.5833333333333333
pWnaLPgR.jpg,,test,736,515,JPEG,page,,,,0.0,0.927571279275947,5.0,734,515,23.0,87,0.3106796116504854,7.1456310679611645,2.4782608695652173
TkcyO0pK.jpg,,test,768,1024,JPEG,page,,,,3.0,0.925167998607731,5.0,768,1024,6.0,122,0.15625,0.9375,9.5
WrucuNTl.jpg,,test,830,1478,JPEG,page,,,,5.0,0.4719534546870029,3.0,830,1336,40.0,141,0.11976047904191617,4.790419161676647,1.425
zT9aeQxi.jpg,,test,1706,960,JPEG,page,,,,0.0,0.9232301890771192,5.0,1706,960,9.0,957,0.16666666666666666,1.5,6.333333333333333
Q9imR7oT.jpg,,test,768,544,JPEG,page,,,,0.0,0.9088662050101398,5.0,705,540,9.0,308,0.2962962962962963,2.6666666666666665,6.333333333333333
HUGi0nLM.jpg,,test,500,330,JPEG,page,,,,5.0,0.2637006428208369,2.0,500,330,10.0,17,0.48484848484848486,4.848484848484849,5.7
2yagSjhm.png,,test,243,286,PNG,page,,,,4.0,0.895513056273964,5.0,243,286,8.0,25,0.5594405594405595,4.475524475524476,7.125
TXkxko1i.jpg,,test,1033,774,JPEG,page,,,,5.0,0.9353290344323254,5.0,1033,774,20.0,352,0.20671834625322996,4.134366925064599,2.85
BF2a88L9.webp,,test,1200,728,WEBP,page,,,,3.0,0.9117922953445812,5.0,1200,728,24.0,63,0.21978021978021978,5.274725274725275,2.375
iiCd7aNl.jpg,,test,242,280,JPEG,page,,,,0.0,0.931596642490626,5.0,234,280,14.0,85,0.5714285714285714,8.0,4.071428571428571
CURsUyvi.jpg,,test,480,360,JPEG,page,,,,3.0,0.9242169241033475,5.0,480,360,8.0,382,0.4444444444444444,3.5555555555555554,7.125
TSJcHALM.jpg,,test,700,368,JPEG,page,,,,6.0,0.9144201562403362,5.0,685,347,8.0,160,0.4610951008645533,3.6887608069164264,7.125
gxSxzmWq.png,,test,626,443,PNG,page,,,,4.0,0.7938167055577638,5.0,626,443,12.0,467,0.3611738148984199,4.334085778781039,4.75
KJdY1jWR.jpg,,test,752,564,JPEG,page,,,,1.0,0.891175940174203,5.0,649,497,6.0,507,0.32193158953722334,1.93158953722334,9.5
qO6OKcRs.jpg,,test,716,537,JPEG,page,,,,5.0,0.719509339660947,4.0,716,537,18.0,309,0.297951582867784,5.363128491620112,3.1666666666666665
XMWlmHYn.webp,,test,1200,675,WEBP,page,,,,1.0,0.898578365970726,5.0,1143,512,14.0,223,0.3125,4.375,4.071428571428571
cIvpkHsH.jpg,,test,453,472,JPEG,page,,,,2.0,0.8037328625380503,5.0,453,472,15.0,140,0.3389830508474576,5.084745762711864,3.8
Y978qcT3.jpg,,test,705,667,JPEG,page,,,,3.0,0.9167926885653556,5.0,705,667,16.0,224,0.239880059970015,3.83808095952024,3.5625
0GsnAjkh.jpg,,test,1200,677,JPEG,page,,,,3.0,0.9142052085639496,5.0,1194,677,28.0,79,0.2363367799113737,6.617429837518463,2.0357142857142856
UtmpkmTz.jpg,,test,736,1164,JPEG,page,,,,1.0,0.7945832568926414,5.0,736,1164,18.0,474,0.13745704467353953,2.4742268041237114,3.1666666666666665
u18BMse4.jpg,,test,1024,535,JPEG,page,,,,1.0,0.7093340906491851,5.0,1024,535,8.0,1195,0.29906542056074764,2.392523364485981,7.125
yEwOuwUz.jpg,,test,1200,1599,JPEG,page,,,,2.0,0.6099890465711602,5.0,1200,1520,15.0,887,0.10526315789473684,1.5789473684210527,3.8
FNnSLEoz.jpg,,test,700,700,JPEG,page,,,,3.0,0.9171738529899454,5.0,700,420,21.0,106,0.38095238095238093,8.0,2.7142857142857144
WUwowK3j.jpg,,test,736,1004,JPEG,page,,,,1.0,0.899393720271674,5.0,736,1004,18.0,284,0.1593625498007968,2.8685258964143427,3.1666666666666665
3nA3W49u.jpg,,test,588,971,JPEG,page,,,,5.0,0.8674175906701102,5.0,588,971,11.0,392,0.164778578784758,1.8125643666323379,5.181818181818182
nq6bdC2J.jpg,,test,330,549,JPEG,page,,,,1.0,0.808522718474074,5.0,330,549,9.0,170,0.29143897996357016,2.6229508196721314,6.333333333333333
0QmUSo8n.jpg,,test,774,947,JPEG,page,,,,1.0,0.7003177692468544,5.0,774,947,8.0,7,0.1689545934530095,1.351636747624076,7.125
kSLTls5b.jpg,,test,768,1024,JPEG,page,,,,2.0,0.654518703672226,4.0,750,1024,21.0,228,0.15625,3.28125,2.7142857142857144
cGozUXSG.jpg,,test,790,445,JPEG,page,,,,3.0,0.9143562631753632,5.0,790,445,18.0,203,0.3595505617977528,6.47191011235955,3.1666666666666665
hqJ103Sp.jpg,,test,1024,768,JPEG,page,,,,0.0,0.673960277459884,4.0,1024,740,32.0,200,0.21621621621621623,6.918918918918919,1.78125
raGbK5Tu.png,,test,625,630,PNG,page,,,,1.0,0.8467494885402431,5.0,625,630,13.0,348,0.25396825396825395,3.3015873015873014,4.384615384615385
qATEq0HP.jpg,,test,414,276,JPEG,page,,,,1.0,0.6069434472897933,5.0,375,260,12.0,43,0.6153846153846154,7.384615384615385,4.75
oMiIYb91.jpg,,test,1366,616,JPEG,page,,,,5.0,0.590560513124566,4.0,1325,616,13.0,1358,0.2597402597402597,3.3766233766233764,4.384615384615385
pZsW1GoY.jpg,,test,1200,800,JPEG,page,,,,0.0,0.9209610780491368,5.0,1199,652,14.0,474,0.24539877300613497,3.4355828220858897,4.071428571428571
hSxVaXor.jpg,,test,739,492,JPEG,page,,,,0.0,0.921448822734814,5.0,739,492,10.0,599,0.3252032520325203,3.252032520325203,5.7
fCHu0AYO.jpg,,test,1060,597,JPEG,page,,,,5.0,0.9340826279854362,5.0,1060,597,9.0,476,0.26800670016750416,2.4120603015075375,6.333333333333333
fgVE5ccy.png,,test,864,864,PNG,page,,,,1.0,0.7156472366079736,5.0,398,304,,0,0.5263157894736842,,
myxkjkgQ.webp,,test,1200,675,WEBP,page,,,,0.0,0.931603509753158,5.0,1192,618,29.0,122,0.2588996763754045,7.508090614886731,1.9655172413793103
OEWabCe7.jpg,,test,790,444,JPEG,page,,,,3.0,0.9177252490179248,5.0,459,444,8.0,75,0.36036036036036034,2.8828828828828827,7.125
z2vsKyPU.jpg,,test,500,272,JPEG,page,,,,4.0,0.8913997311231361,5.0,500,272,7.0,392,0.5882352941176471,4.11764705882353,8.142857142857142
CXBsxs5B.png,,test,895,260,PNG,page,,,,2.0,0.7747785481433449,5.0,810,190,14.0,28,0.7901234567901234,11.061728395061728,4.071428571428571
Orjz0RPU.jpg,,test,347,280,JPEG,page,,,,0.0,0.4286037669319458,3.0,347,280,7.0,290,0.5714285714285714,4.0,8.142857142857142
a5zGM5iK.jpg,,test,1200,675,JPEG,page,,,,3.0,0.9130008708189148,5.0,1196,350,,2,0.45714285714285713,,
oam3a8sH.png,,test,750,375,PNG,page,,,,0.0,0.9159095778110852,5.0,470,375,17.0,176,0.4266666666666667,7.253333333333334,3.3529411764705883
731K7Cai.jpg,,test,768,1024,JPEG,page,,,,0.0,0.7807821263379106,5.0,768,1024,11.0,1009,0.15625,1.71875,5.181818181818182
dUllUsCz.jpg,,test,960,1449,JPEG,page,,,,2.0,0.6394197805006488,4.0,960,1449,9.0,22,0.11042097998619738,0.9937888198757764,6.333333333333333
feCJMsmX.png,,test,437,703,PNG,page,,,,4.0,0.9121831819448382,5.0,437,703,18.0,105,0.22759601706970128,4.096728307254623,3.1666666666666665
54J05dmZ.png,,test,905,1280,PNG,page,,,,3.0,0.4475102104204397,3.0,905,1269,38.0,45,0.12608353033884948,4.79117415287628,1.5
edRKaasR.jpg,,test,768,1024,JPEG,page,,,,6.0,0.8588297023226502,5.0,417,910,8.0,531,0.17582417582417584,1.4065934065934067,7.125
JYfbeH12.jpg,,test,1024,768,JPEG,page,,,,1.0,0.8126047673772788,5.0,1024,768,7.0,451,0.20833333333333334,1.4583333333333335,8.142857142857142
MCWevjoy.jpg,,test,657,720,JPEG,page,,,,4.0,0.9331723168470996,5.0,620,720,26.0,86,0.2222222222222222,5.777777777777778,2.1923076923076925
tKOzQYKm.png,,test,840,450,PNG,page,,,,1.0,0.8999719511373663,5.0,840,450,16.0,315,0.35555555555555557,5.688888888888889,3.5625
59tDe5Gv.webp,,test,2048,2899,WEBP,page,,,,2.0,0.827096073771283,5.0,2048,2899,,0,0.055191445325974475,,
6VezOnWn.jpg,,test,889,500,JPEG,page,,,,5.0,0.9302919844722662,5.0,888,500,17.0,201,0.32,5.44,3.3529411764705883
AnSP4JJ3.jpg,,test,870,653,JPEG,page,,,,0.0,0.6286531145808745,4.0,870,653,8.0,346,0.2450229709035222,1.9601837672281777,7.125
Krjvxple.jpg,,test,1700,2313,JPEG,page,,,,5.0,0.5707987644980961,3.0,1700,2313,57.0,211,0.06917423259835712,3.9429312581063556,1.0
dfssXIo8.jpg,,test,1280,720,JPEG,page,,,,2.0,0.5917534831242397,4.0,1280,720,9.0,18,0.2222222222222222,2.0,6.333333333333333
OeILLbO4.jpg,,test,665,374,JPEG,page,,,,0.0,0.9260555952040624,5.0,665,374,19.0,152,0.42780748663101603,8.128342245989305,3.0
bn00IwdS.jpg,,test,2448,3696,JPEG,page,,,,2.0,0.6527392038499159,4.0,2448,3696,11.0,48,0.04329004329004329,0.47619047619047616,5.181818181818182
KEBMdQDz.jpg,,test,1024,1024,JPEG,page,,,,1.0,0.895569704079875,5.0,946,821,41.0,127,0.19488428745432398,7.990255785627284,1.3902439024390243
u8gRNSJu.jpg,,test,768,1024,JPEG,page,,,,3.0,0.2676553591663507,3.0,746,1006,8.0,1022,0.15904572564612326,1.2723658051689861,7.125
4Pc0Kc1p.jpg,,test,830,556,JPEG,page,,,,5.0,0.9232572654450109,5.0,830,546,14.0,561,0.29304029304029305,4.102564102564103,4.071428571428571
eiFKAMFN.png,,test,2822,1698,PNG,page,,,,1.0,0.8945026022501434,5.0,2658,1015,,0,0.15763546798029557,,
XOb5w4Tj.jpg,,test,768,1024,JPEG,page,,,,3.0,0.9242942305304436,5.0,686,934,15.0,151,0.17130620985010706,2.569593147751606,3.8
dZIHQ6IO.jpg,,test,1200,800,JPEG,page,,,,4.0,0.9376639339859352,5.0,1200,800,10.0,192,0.2,2.0,5.7
PgHL2J1Y.jpg,,test,400,300,JPEG,page,,,,3.0,0.9271090842593828,5.0,358,300,15.0,42,0.5333333333333333,8.0,3.8
NHCgSr47.jpg,,test,740,454,JPEG,page,,,,5.0,0.8350882254467973,5.0,726,454,9.0,69,0.3524229074889868,3.1718061674008813,6.333333333333333
40oY2xIY.jpg,,test,1600,1100,JPEG,page,,,,5.0,0.2983813424512588,2.0,1600,1100,10.0,2196,0.14545454545454545,1.4545454545454546,5.7
BNarjjGj.png,,test,1200,800,PNG,page,,,,3.0,0.9152817044113434,5.0,1200,800,12.0,111,0.2,2.4000000000000004,4.75
uZCXeRsn.jpg,,test,404,316,JPEG,page,,,,1.0,0.8787256368464529,5.0,404,300,8.0,222,0.5333333333333333,4.266666666666667,7.125
hiiIL22I.jpg,,test,932,719,JPEG,page,,,,6.0,0.8999246095742995,5.0,891,654,9.0,111,0.24464831804281345,2.2018348623853212,6.333333333333333
bVqDZDkZ.jpg,,test,800,800,JPEG,page,,,,3.0,0.918000127523762,5.0,720,800,9.0,290,0.2,1.8,6.333333333333333
NlR91Rwp.webp,,test,710,473,WEBP,page,,,,5.0,0.9293674643687164,5.0,710,473,5.0,84,0.3382663847780127,1.6913319238900635,11.4
w3IjrsOh.jpg,,test,5664,4248,JPEG,page,,,,2.0,0.8237019264202422,5.0,4964,4171,11.0,1487,0.0383601054902901,0.4219611603931911,5.181818181818182
JPtO2j4w.jpg,,test,800,535,JPEG,page,,,,5.0,0.9405541819417744,5.0,751,520,10.0,35,0.3076923076923077,3.076923076923077,5.7
XHbRwo0Z.jpg,,test,400,290,JPEG,page,,,,2.0,0.683723035092936,4.0,400,290,7.0,267,0.5517241379310345,3.862068965517241,8.142857142857142
m2kSqjTS.png,,test,1299,1672,PNG,page,,,,1.0,0.8978290638504332,5.0,1299,1672,53.0,92,0.09569377990430622,5.07177033492823,1.0754716981132075
wNwpg3Ar.jpg,,test,300,400,JPEG,page,,,,2.0,0.8669274858728541,5.0,300,400,8.0,120,0.4,3.2,7.125
eSQjEze4.jpg,,test,300,407,JPEG,page,,,,5.0,0.9059212223933432,5.0,300,390,7.0,487,0.41025641025641024,2.871794871794872,8.142857142857142
NbEwAuct.jpg,,test,1000,430,JPEG,page,,,,3.0,0.9225165860199448,5.0,1000,430,,0,0.37209302325581395,,
Li8nbn2t.jpg,,test,2288,3612,JPEG,page,,,,2.0,0.8501397318472372,5.0,2288,3612,32.0,1234,0.044296788482835,1.41749723145072,1.78125
K9e8TMyg.jpg,,test,448,323,JPEG,page,,,,1.0,0.8988782562541735,5.0,448,323,10.0,69,0.4953560371517028,4.953560371517028,5.7
3asehMfn.jpg,,test,1280,720,JPEG,page,,,,3.0,0.9140917284019172,5.0,1280,720,30.0,121,0.2222222222222222,6.666666666666666,1.9
hhV3ZKbu.jpg,,test,696,461,JPEG,page,,,,5.0,0.9305080833201694,5.0,696,461,7.5,313,0.3470715835140998,2.6030368763557483,7.6
VJM1WbBN.jpg,,test,579,530,JPEG,page,,,,3.0,0.9091725865055768,5.0,563,505,21.0,115,0.31683168316831684,6.653465346534653,2.7142857142857144
c8MnpMk4.jpg,,test,1200,1200,JPEG,page,,,,3.0,0.9167612460836134,5.0,1107,1055,66.0,39,0.15165876777251186,10.009478672985782,0.8636363636363636
kJJAyZKM.jpg,,test,768,512,JPEG,page,,,,1.0,0.8891645144419659,5.0,759,512,20.0,256,0.3125,6.25,2.85
MUAVkDjK.jpg,,test,600,450,JPEG,page,,,,4.0,0.9242241914575428,5.0,600,450,22.0,101,0.35555555555555557,7.822222222222223,2.590909090909091
BzZAMGZC.jpg,,test,1150,1500,JPEG,page,,,,1.0,0.897666584727915,5.0,1150,1500,28.0,340,0.10666666666666667,2.986666666666667,2.0357142857142856
5p0Dj1Vk.webp,,test,678,828,WEBP,page,,,,6.0,0.9032776479942524,5.0,677,828,61.0,40,0.1932367149758454,11.787439613526569,0.9344262295081968
zMMYfB6o.jpg,,test,1200,677,JPEG,page,,,,1.0,0.8950817481936142,5.0,847,639,40.0,67,0.25039123630672927,10.015649452269171,1.425
1aQ8f5iK.png,,test,82,633,PNG,page,,,,4.0,0.8910772843893323,5.0,82,633,40.0,28,0.2527646129541864,10.110584518167457,1.425
rWnMvbQk.jpg,,test,840,840,JPEG,page,,,,3.0,0.9174843147607292,5.0,840,612,16.5,186,0.26143790849673204,4.313725490196079,3.4545454545454546
ZebzJoUL.jpg,,test,236,312,JPEG,page,,,,1.0,0.4915178994546271,3.0,236,312,9.0,88,0.5128205128205128,4.615384615384615,6.333333333333333
ycdhjkBF.png,,test,1160,676,PNG,page,,,,4.0,0.9169408452646344,5.0,440,251,,0,0.6374501992031872,,
uP9TwtV2.jpg,,test,960,720,JPEG,page,,,,1.0,0.9019872768646956,5.0,943,720,28.0,87,0.2222222222222222,6.222222222222221,2.0357142857142856
4Jij6v9g.jpg,,test,1024,1024,JPEG,page,,,,1.0,0.8170375167970636,5.0,1024,1024,30.0,223,0.15625,4.6875,1.9
UzaG4Ggg.jpg,,test,612,408,JPEG,page,,,,5.0,0.9201880130179636,5.0,612,408,11.0,165,0.39215686274509803,4.313725490196078,5.181818181818182
X5VKmeBa.jpg,,test,399,501,JPEG,page,,,,3.0,0.9143181397169976,5.0,399,501,14.0,134,0.3193612774451098,4.471057884231537,4.071428571428571
aaqExlVp.jpg,,test,870,660,JPEG,page,,,,4.0,0.9244544183121988,5.0,821,622,111.0,12,0.2572347266881029,28.55305466237942,0.5135135135135135
HOYLoAta.jpg,,test,620,350,JPEG,page,,,,1.0,0.8866216811192983,5.0,583,350,10.0,306,0.45714285714285713,4.571428571428571,5.7
vvTcbLTG.jpg,,test,1920,1080,JPEG,page,,,,3.0,0.8959483820583627,5.0,1920,1080,13.0,299,0.14814814814814814,1.9259259259259258,4.384615384615385
xKb8yzNs.jpg,,test,700,500,JPEG,page,,,,3.0,0.9164773613153508,5.0,555,500,9.0,80,0.32,2.88,6.333333333333333
QzYrzlso.webp,,test,1200,1200,WEBP,page,,,,1.0,0.8930807987155719,5.0,1200,1200,25.0,212,0.13333333333333333,3.3333333333333335,2.28
ol8RyevU.jpg,,test,1280,720,JPEG,page,,,,1.0,0.880892958361969,5.0,1280,720,28.0,111,0.2222222222222222,6.222222222222221,2.0357142857142856
dRCVp0zD.jpg,,test,1200,630,JPEG,page,,,,4.0,0.9291434682204072,5.0,1200,630,,2,0.25396825396825395,,
5CHegCkK.jpg,,test,741,400,JPEG,page,,,,4.0,0.9209470039197044,5.0,264,24,17.0,9,2.4242424242424243,41.21212121212121,3.3529411764705883
Bp5dKMs8.jpg,,test,992,1256,JPEG,page,,,,6.0,0.3678050301842924,3.0,992,1256,22.0,959,0.12738853503184713,2.8025477707006368,2.590909090909091
HDUihU2T.jpg,,test,250,357,JPEG,page,,,,1.0,0.9011982138901652,5.0,207,304,9.0,118,0.5263157894736842,4.7368421052631575,6.333333333333333
aOLaO5JM.jpg,,test,640,480,JPEG,page,,,,3.0,0.911194167941962,5.0,640,480,12.5,68,0.3333333333333333,4.166666666666666,4.56
ZKfXeHba.jpg,,test,5664,4248,JPEG,page,,,,5.0,0.8970730873843076,5.0,5664,4248,11.0,5902,0.03766478342749529,0.4143126177024482,5.181818181818182
RzcsA0iU.jpg,,test,270,300,JPEG,page,,,,1.0,0.8872141837962877,5.0,270,300,11.0,142,0.5333333333333333,5.866666666666666,5.181818181818182
lYKRQ4Ej.jpg,,test,500,252,JPEG,page,,,,1.0,0.5673096179174499,4.0,482,248,8.0,253,0.6451612903225806,5.161290322580645,7.125
xHufZeXk.jpg,,test,1024,576,JPEG,page,,,,5.0,0.9206495068106652,5.0,1024,576,8.0,465,0.2777777777777778,2.2222222222222223,7.125
pqiXIbz1.jpg,,test,260,280,JPEG,page,,,,1.0,0.8952168875621664,5.0,260,280,14.0,85,0.5714285714285714,8.0,4.071428571428571
gZ6JRRo1.jpg,,test,320,266,JPEG,page,,,,1.0,0.8949749473773148,5.0,320,266,19.0,61,0.6015037593984962,11.428571428571427,3.0
1bSnuvCQ.jpg,,test,4608,3456,JPEG,page,,,,4.0,0.769243947306314,4.0,4608,3456,33.0,1114,0.046296296296296294,1.5277777777777777,1.7272727272727273
w1TYNXxv.png,,test,864,864,PNG,page,,,,0.0,0.9238184758567602,5.0,388,417,,0,0.38369304556354916,,
9uBBnvVC.jpg,,test,1280,720,JPEG,page,,,,3.0,0.9173617893082684,5.0,1280,720,44.0,74,0.2222222222222222,9.777777777777777,1.2954545454545454
gwK0nORp.jpg,,test,301,276,JPEG,page,,,,1.0,0.8882479568109091,5.0,301,276,15.0,53,0.5797101449275363,8.695652173913043,3.8
dvQD5M5A.jpg,,test,770,434,JPEG,page,,,,1.0,0.905703155896986,5.0,664,360,56.0,23,0.4444444444444444,24.888888888888886,1.0178571428571428
nMQ4F1xT.jpg,,test,679,455,JPEG,page,,,,5.0,0.9179578150924594,5.0,679,455,6.0,133,0.3516483516483517,2.10989010989011,9.5
j9Sd0Ui3.webp,,test,700,465,WEBP,page,,,,1.0,0.9045617029801484,5.0,340,465,14.0,141,0.34408602150537637,4.817204301075269,4.071428571428571
dox3Caag.jpg,,test,310,320,JPEG,page,,,,3.0,0.9110085544307654,5.0,310,320,7.0,103,0.5,3.5,8.142857142857142
CO9rKb3f.png,,test,1001,280,PNG,page,,,,1.0,0.4591069046862969,3.0,992,247,17.0,123,0.6451612903225806,10.96774193548387,3.3529411764705883
GYZj43GE.jpg,,test,768,1024,JPEG,page,,,,3.0,0.9251535203290884,5.0,762,765,7.0,354,0.20915032679738563,1.4640522875816995,8.142857142857142
uT2vYMoU.jpg,,test,1200,675,JPEG,page,,,,5.0,0.932845988306322,5.0,1200,675,,0,0.23703703703703705,,
bop5vEvK.png,,test,993,558,PNG,page,,,,1.0,0.8993643144883011,5.0,993,558,19.0,330,0.2867383512544803,5.448028673835125,3.0
3XYHokqa.png,,test,404,316,PNG,page,,,,4.0,0.9219465187352752,5.0,285,48,39.0,6,2.245614035087719,87.57894736842104,1.4615384615384615
93NRlevh.jpg,,test,628,1141,JPEG,page,,,,3.0,0.3171601522333153,2.0,628,1139,27.0,116,0.14047410008779632,3.7928007023705006,2.111111111111111
fpIL7VTV.jpg,,test,750,544,JPEG,page,,,,5.0,0.921481436150908,5.0,750,544,9.0,1012,0.29411764705882354,2.6470588235294117,6.333333333333333
bO7P6Bkt.png,,test,1200,800,PNG,page,,,,1.0,0.89315978785653,5.0,1085,677,31.5,142,0.2363367799113737,7.444608567208271,1.8095238095238095
x8uS9FTz.png,,test,1280,671,PNG,page,,,,6.0,0.9055190436897902,5.0,1178,592,106.0,37,0.2702702702702703,28.64864864864865,0.5377358490566038
FFjj4Gt3.jpg,,test,812,1024,JPEG,page,,,,6.0,0.8749438720340524,5.0,812,1024,6.0,543,0.15625,0.9375,9.5
WPH4MRoI.jpg,,test,768,1024,JPEG,page,,,,6.0,0.2389677655927498,1.0,736,991,9.0,864,0.16145307769929365,1.453077699293643,6.333333333333333
JDK2V2xX.jpg,,test,868,868,JPEG,page,,,,4.0,0.9256415684788424,5.0,799,818,30.0,161,0.19559902200489,5.8679706601467,1.9
DA4kTYgw.jpg,,test,500,500,JPEG,page,,,,3.0,0.7825452357567567,5.0,462,458,6.0,68,0.34934497816593885,2.096069868995633,9.5
Zz2volKH.jpg,,test,1200,800,JPEG,page,,,,2.0,0.6971650524807733,5.0,1200,800,22.0,445,0.2,4.4,2.590909090909091
NDvBjnG7.jpg,,test,502,720,JPEG,page,,,,1.0,0.9062635358861691,5.0,502,720,18.0,110,0.2222222222222222,4.0,3.1666666666666665
9HLf4SFI.jpg,,test,1080,1080,JPEG,page,,,,1.0,0.815338500809402,5.0,1048,1080,22.0,615,0.14814814814814814,3.259259259259259,2.590909090909091
5qer90We.jpg,,test,640,480,JPEG,page,,,,4.0,0.856408435104472,5.0,640,405,7.0,321,0.3950617283950617,2.765432098765432,8.142857142857142
z1R8PWlY.jpg,,test,1024,538,JPEG,page,,,,4.0,0.858470734215787,5.0,905,491,27.0,72,0.3258655804480652,8.79837067209776,2.111111111111111
MBKVuyos.jpg,,test,260,280,JPEG,page,,,,1.0,0.8869332567539283,5.0,252,274,17.0,100,0.583941605839416,9.927007299270072,3.3529411764705883
dozYNIIq.jpg,,test,875,535,JPEG,page,,,,5.0,0.611870999371184,5.0,749,535,10.0,451,0.29906542056074764,2.9906542056074765,5.7
hFzwSHJo.jpg,,test,800,500,JPEG,page,,,,1.0,0.8944856358997354,5.0,746,500,47.0,74,0.32,15.040000000000001,1.2127659574468086
DKYyzKJl.webp,,test,800,449,WEBP,page,,,,3.0,0.911892782596763,5.0,800,449,13.0,85,0.35634743875278396,4.632516703786192,4.384615384615385
KrSZbpXE.webp,,test,1200,675,WEBP,page,,,,1.0,0.8978520325541306,5.0,1062,675,25.0,76,0.23703703703703705,5.9259259259259265,2.28
lWLK4H0M.jpg,,test,686,386,JPEG,page,,,,1.0,0.8376092197353021,5.0,686,386,9.0,191,0.41450777202072536,3.7305699481865284,6.333333333333333
YM3XRFaS.jpg,,test,1024,678,JPEG,page,,,,2.0,0.4982493439018828,5.0,1024,678,20.0,156,0.2359882005899705,4.71976401179941,2.85
VrkXL7CM.jpg,,test,674,505,JPEG,page,,,,3.0,0.916333474749458,5.0,674,505,23.0,90,0.31683168316831684,7.287128712871287,2.4782608695652173
L5aixmxr.jpg,,test,1200,675,JPEG,page,,,,2.0,0.8541362636842702,5.0,1199,675,19.0,382,0.23703703703703705,4.503703703703704,3.0
mPJCe6hs.jpg,,test,600,400,JPEG,page,,,,1.0,0.8931109891302788,5.0,515,399,38.0,113,0.40100250626566414,15.238095238095237,1.5
WcjGi7bD.jpg,,test,433,559,JPEG,page,,,,4.0,0.9302890860172646,5.0,386,559,8.0,95,0.28622540250447226,2.289803220035778,7.125
R180IYOy.jpg,,test,900,1200,JPEG,page,,,,2.0,0.8046089877658276,5.0,900,1200,15.0,432,0.13333333333333333,2.0,3.8
oRHEsOjD.jpg,,test,1123,816,JPEG,page,,,,5.0,0.4859492926364628,3.0,1123,816,14.0,847,0.19607843137254902,2.7450980392156863,4.071428571428571
a9Fj36gc.jpg,,test,610,409,JPEG,page,,,,5.0,0.907307273379377,5.0,610,409,,0,0.39119804400978,,
ZiyyJUyV.jpg,,test,1200,672,JPEG,page,,,,1.0,0.9058749965112723,5.0,1200,672,43.0,118,0.23809523809523808,10.238095238095237,1.3255813953488371
1yKxPNOF.jpg,,test,728,450,JPEG,page,,,,2.0,0.6820882486050561,5.0,728,386,8.0,478,0.41450777202072536,3.316062176165803,7.125
d8vlc36Q.jpg,,test,840,672,JPEG,page,,,,2.0,0.8241012704742718,5.0,840,648,36.0,61,0.24691358024691357,8.88888888888889,1.5833333333333333
bnfVNZsA.jpg,,test,977,570,JPEG,page,,,,6.0,0.6484007912086526,3.0,679,570,20.0,194,0.2807017543859649,5.614035087719298,2.85
VznA3kbQ.jpg,,test,2512,1752,JPEG,page,,,,1.0,0.4696924715816467,3.0,2512,1740,39.0,852,0.09195402298850575,3.586206896551724,1.4615384615384615
mVeOzpW4.jpg,,test,245,400,JPEG,page,,,,5.0,0.7495990307877084,5.0,245,400,8.5,372,0.4,3.4000000000000004,6.705882352941177
AOijj7wu.jpg,,test,675,450,JPEG,page,,,,0.0,0.7596784680141893,4.0,639,405,7.0,47,0.3950617283950617,2.765432098765432,8.142857142857142
pqfcNQl2.jpg,,test,673,373,JPEG,page,,,,5.0,0.927904397097645,5.0,673,373,5.0,75,0.4289544235924933,2.1447721179624666,11.4
ErQMK3aS.jpg,,test,376,484,JPEG,page,,,,1.0,0.8958959449747923,5.0,376,484,22.0,141,0.3305785123966942,7.272727272727273,2.590909090909091
tZXzX4LT.jpg,,test,1079,1015,JPEG,page,,,,3.0,0.543287879410599,3.0,1079,1015,17.0,541,0.15763546798029557,2.6798029556650245,3.3529411764705883
x6XqsJiB.jpg,,test,768,1024,JPEG,page,,,,3.0,0.9216100696556762,5.0,710,970,7.0,1809,0.16494845360824742,1.1546391752577319,8.142857142857142
CAtOcJgM.webp,,test,1200,675,WEBP,page,,,,5.0,0.9219262943606672,5.0,1200,675,8.0,747,0.23703703703703705,1.8962962962962964,7.125
0wyhwwt2.jpg,,test,475,267,JPEG,page,,,,5.0,0.6693250056317093,4.0,475,267,8.0,113,0.599250936329588,4.794007490636704,7.125
ldyaKhEA.jpg,,test,358,1024,JPEG,page,,,,1.0,0.8174207844596812,5.0,358,1024,11.0,595,0.15625,1.71875,5.181818181818182
NCCpBo66.jpg,,test,1000,1414,JPEG,page,,,,3.0,0.9172666392345336,5.0,1000,1382,20.0,338,0.11577424023154848,2.3154848046309695,2.85
BWwQs87e.jpg,,test,850,803,JPEG,page,,,,5.0,0.7923274933429875,5.0,850,803,37.0,202,0.199252801992528,7.372353673723536,1.5405405405405406
edJIl8Kh.jpg,,test,495,640,JPEG,page,,,,0.0,0.9264232535901696,5.0,412,344,6.0,178,0.46511627906976744,2.7906976744186047,9.5
D5zDImAS.jpg,,test,736,1308,JPEG,page,,,,3.0,0.9103774839304608,5.0,736,1219,31.0,217,0.13125512715340443,4.068908941755537,1.8387096774193548
0w9yioJV.png,,test,638,479,PNG,page,,,,5.0,0.7942211679667657,5.0,628,479,17.0,222,0.33402922755741127,5.6784968684759916,3.3529411764705883
Z9wTjC40.png,,test,595,842,PNG,page,,,,0.0,0.7677163638594068,5.0,595,842,12.0,302,0.19002375296912113,2.2802850356294537,4.75
ML8Xiqip.jpg,,test,453,642,JPEG,page,,,,5.0,0.8532895566485464,5.0,453,642,12.0,493,0.24922118380062305,2.9906542056074765,4.75
Pye0QO61.jpg,,test,245,300,JPEG,page,,,,5.0,0.9260540190227036,5.0,245,300,6.0,433,0.5333333333333333,3.2,9.5
HJRFkhWu.webp,,test,1200,675,WEBP,page,,,,4.0,0.9206117547934042,5.0,1191,674,49.0,56,0.23738872403560832,11.632047477744807,1.163265306122449
fJmQsHZ2.jpg,,test,1200,675,JPEG,page,,,,5.0,0.9222402521982632,5.0,1200,675,10.0,1304,0.23703703703703705,2.3703703703703702,5.7
hkcIa6sl.jpg,,test,570,932,JPEG,page,,,,2.0,0.815880823600048,5.0,570,797,10.0,614,0.20075282308657466,2.0075282308657467,5.7
CaBDFN2e.jpg,,test,1284,1011,JPEG,page,,,,0.0,0.9318177821488728,5.0,1284,1011,21.0,282,0.1582591493570722,3.323442136498516,2.7142857142857144
ZRD0PMLB.jpg,,test,1500,1600,JPEG,page,,,,1.0,0.8888770357384799,5.0,1500,1600,55.0,115,0.1,5.5,1.0363636363636364
rAHK0E32.jpg,,test,600,423,JPEG,page,,,,3.0,0.919151163905655,5.0,600,423,18.0,171,0.37825059101654845,6.808510638297872,3.1666666666666665
fLQ84oD6.jpg,,test,1200,799,JPEG,page,,,,1.0,0.5784968970213834,4.0,1200,799,7.0,1585,0.2002503128911139,1.4017521902377972,8.142857142857142
k6yv0IDG.png,,test,1500,500,PNG,page,,,,6.0,0.9017014284056458,5.0,1412,280,34.0,140,0.45325779036827196,15.410764872521247,1.6764705882352942
wKwx8cCl.jpg,,test,500,690,JPEG,page,,,,5.0,0.5913150160650325,4.0,500,690,8.0,678,0.2318840579710145,1.855072463768116,7.125
XHYDtihP.jpg,,test,870,1160,JPEG,page,,,,0.0,0.8791675415528222,5.0,552,456,,2,0.3508771929824561,,
Dhc3vAQj.jpg,,test,1108,1477,JPEG,page,,,,0.0,0.9193957878191836,5.0,1108,1477,39.0,362,0.1083276912660799,4.224779959377116,1.4615384615384615
CMo54J89.jpg,,test,634,634,JPEG,page,,,,1.0,0.4855879464737871,5.0,631,634,14.0,40,0.25236593059936907,3.533123028391167,4.071428571428571
LoxzO9bz.png,,test,864,864,PNG,page,,,,0.0,0.5499880319772082,3.0,416,307,,0,0.5211726384364821,,
mNAn6g2p.jpg,,test,1108,1477,JPEG,page,,,,0.0,0.9330952728245288,5.0,1108,1000,64.0,42,0.16,10.24,0.890625
2YSySWcS.jpg,,test,1477,1108,JPEG,page,,,,0.0,0.9288488428353368,5.0,1477,1108,13.5,394,0.1444043321299639,1.9494584837545126,4.222222222222222
WAwRYLGo.jpg,,test,500,396,JPEG,page,,,,1.0,0.6641566852216856,4.0,459,396,3.0,309,0.40404040404040403,1.2121212121212122,19.0
BCm3HwjR.jpg,,test,640,375,JPEG,page,,,,6.0,0.3483834604489005,4.0,640,369,7.0,266,0.43360433604336046,3.035230352303523,8.142857142857142
WRwiRSHE.png,,test,694,461,PNG,page,,,,0.0,0.9172803028776848,5.0,694,461,9.0,495,0.3470715835140998,3.123644251626898,6.333333333333333
