image_id,label,split,ctype,v2,conf,w,h,fmt,colourful,bg,dark_frac,sat,aspect,key
zserujX8.jpg,bali,train,page,,,1280,720,JPEG,40.16094970703125,248.0,0.32025146484375,40.55584716796875,1.7777777777777777,bali
Pr22tEu7.jpg,pegon,train,page,,,600,400,JPEG,39.5057373046875,76.66666412353516,0.70111083984375,39.767578125,1.5,pegon
AlMtohM9.jpg,jawi,train,page,,,1088,1316,JPEG,31.78631591796875,145.83334350585938,0.17303466796875,32.24102783203125,0.8267477203647416,jawi
jxh6yxyy.jpg,lontara,train,page,,,568,621,JPEG,31.35626220703125,157.0,0.21331787109375,31.4195556640625,0.9146537842190016,lontara
lp1In676.jpg,lampung,train,page,,,1000,370,JPEG,49.02935791015625,174.3333282470703,0.22198486328125,49.35540771484375,2.7027027027027026,lampung
A3amnqqs.jpg,lampung,train,page,,,480,360,JPEG,35.3592529296875,203.3333282470703,0.28680419921875,35.368408203125,1.3333333333333333,lampung
DZlkHVVs.jpg,pegon,train,page,,,878,460,JPEG,51.9346923828125,139.6666717529297,0.11614990234375,52.05291748046875,1.9086956521739131,pegon
mU0VIMOM.jpg,jawi,train,page,,,750,469,JPEG,83.05426025390625,189.6666717529297,0.19476318359375,83.06146240234375,1.5991471215351811,jawi
ArLIuehv.png,pegon,train,page,,,1521,750,PNG,31.43011474609375,136.6666717529297,0.31146240234375,31.50433349609375,2.028,pegon
3uZ754oe.jpg,jawa,train,page,,,1000,614,JPEG,9.8212890625,111.0,0.47503662109375,10.2027587890625,1.6286644951140066,jawa
r3tGNzm6.jpg,jawa,train,page,,,2834,1223,JPEG,18.12127685546875,148.0,0.20782470703125,19.8330078125,2.3172526573998367,jawa
pugriEKg.jpg,pegon,train,page,,,768,768,JPEG,25.60943603515625,197.3333282470703,0.017578125,26.6705322265625,1.0,pegon
VA317cEJ.jpg,pegon,train,page,,,677,453,JPEG,0.0,253.0,0.009033203125,0.0,1.4944812362030906,pegon
VvWr2DRJ.jpg,pegon,train,page,,,1280,720,JPEG,7.84027099609375,255.0,0.0067138671875,7.9227294921875,1.7777777777777777,pegon
VObY0cqk.jpg,pegon,train,page,,,1967,1724,JPEG,31.92449951171875,108.66666412353516,0.3096923828125,31.92449951171875,1.1409512761020881,pegon
9QkzJWYC.png,bali,train,page,,,864,864,PNG,0.0,255.0,0.090576171875,0.0,1.0,bali
isCRUjsC.jpg,pegon,train,page,,,1280,734,JPEG,0.0,249.0,0.0517578125,0.0,1.7438692098092643,pegon
rEohqrKO.webp,jawa,train,page,,,720,447,WEBP,97.89727783203125,121.66666412353516,0.292236328125,97.8992919921875,1.610738255033557,jawa
C5R3SyGp.png,jawi,train,page,,,49,266,PNG,0.0,255.0,0.147705078125,0.0,0.18421052631578946,jawi
H8tMgkXB.png,bali,train,page,,,700,663,PNG,0.0,255.0,0.03759765625,0.0,1.0558069381598794,bali
JkcwfeWb.jpg,pegon,train,page,,,300,445,JPEG,40.88397216796875,142.3333282470703,0.428955078125,40.92242431640625,0.6741573033707865,pegon
Sq4mQMmX.webp,lampung,train,page,,,500,281,WEBP,1.94146728515625,254.3333282470703,0.008056640625,2.01605224609375,1.7793594306049823,lampung
lyRKrF1d.jpg,jawi,train,page,,,1200,1690,JPEG,59.7421875,189.0,0.01055908203125,63.4608154296875,0.7100591715976331,jawi
18Yut8y2.jpg,sunda,train,page,,,712,712,JPEG,4.198486328125,8.333333015441895,0.9547119140625,4.292724609375,1.0,sunda
mS2kZ8fi.jpg,bali,train,page,,,668,375,JPEG,0.06085205078125,255.0,0.0003662109375,0.0625,1.7813333333333334,bali
J5rUUjOm.jpg,lontara,train,page,,,2764,1849,JPEG,144.32696533203125,129.16665649414062,0.038818359375,144.32696533203125,1.494862087614927,lontara
LbdIIDPH.png,bali,train,page,,,1200,700,PNG,0.11663818359375,204.0,0.06036376953125,0.14324951171875,1.7142857142857142,bali
vIX9hIjR.jpg,pegon,train,page,,,640,462,JPEG,15.74298095703125,202.0,0.0255126953125,17.71124267578125,1.3852813852813852,pegon
4cQJzJ58.jpg,pegon,train,page,,,1500,1225,JPEG,19.957275390625,179.3333282470703,0.08807373046875,20.158935546875,1.2244897959183674,pegon
Ifcb2r4C.jpg,jawa,train,page,,,1200,800,JPEG,21.63116455078125,175.0,0.1329345703125,22.2799072265625,1.5,jawa
cSqToiMa.jpg,bali,train,page,,,640,589,JPEG,41.2196044921875,232.0,0.0,41.2196044921875,1.0865874363327674,bali
ZTjt1UNI.jpg,bali,train,page,,,393,577,JPEG,6.1456298828125,192.6666717529297,0.0174560546875,7.07757568359375,0.6811091854419411,bali
a4jh7wTT.jpg,jawa,train,page,,,700,441,JPEG,4.923095703125,254.0,0.0316162109375,6.6739501953125,1.5873015873015872,jawa
L4cIkqat.jpg,bali,train,page,,,1280,1280,JPEG,32.7530517578125,218.6666717529297,0.212890625,32.81817626953125,1.0,bali
DOH3uoeR.jpg,bali,train,page,,,640,480,JPEG,23.779052734375,134.6666717529297,0.31866455078125,25.92010498046875,1.3333333333333333,bali
lPJpDgwW.jpg,bali,train,page,,,1200,675,JPEG,21.6727294921875,157.6666717529297,0.152099609375,22.47412109375,1.7777777777777777,bali
Vz1nxIKv.png,jawi,train,page,,,700,446,PNG,2.04779052734375,162.6666717529297,0.26806640625,2.082275390625,1.5695067264573992,jawi
BH0R4c3B.jpg,bali,train,page,,,735,463,JPEG,0.0,255.0,0.02386474609375,0.0,1.5874730021598271,bali
vgRH3hfk.webp,lontara,train,page,,,720,565,WEBP,0.10394287109375,255.0,0.04931640625,0.154052734375,1.2743362831858407,lontara
FPo8eKNu.webp,jawa,train,page,,,1280,720,WEBP,83.76361083984375,212.6666717529297,0.076904296875,83.76361083984375,1.7777777777777777,jawa
v0eRKhNN.jpg,lontara,train,page,,,750,500,JPEG,69.83636474609375,187.0,0.008544921875,69.83892822265625,1.5,lontara
p1nlqTvi.jpg,jawi,train,page,,,742,1080,JPEG,68.664306640625,132.6666717529297,0.23455810546875,68.69439697265625,0.687037037037037,jawi
db0c2Z4p.png,lampung,train,page,,,1074,575,PNG,0.0,244.0,0.0003662109375,0.0,1.8678260869565217,lampung
1zxp9geQ.jpg,jawa,train,page,,,1200,675,JPEG,70.66595458984375,161.3333282470703,0.03240966796875,70.66595458984375,1.7777777777777777,jawa
nGhp8rvR.jpg,lontara,train,page,,,528,800,JPEG,59.70452880859375,70.66666412353516,0.8753662109375,83.75164794921875,0.66,lontara
cM7aMsIP.jpg,jawa,train,page,,,1024,543,JPEG,34.6678466796875,222.0,0.05438232421875,34.67047119140625,1.8858195211786373,jawa
4rzA2cl1.jpg,bali,train,page,,,1706,960,JPEG,29.813232421875,186.6666717529297,0.36737060546875,30.02423095703125,1.7770833333333333,bali
tviyv7W0.jpg,lampung,train,page,,,970,544,JPEG,0.0,253.0,0.037353515625,0.0,1.7830882352941178,lampung
IcMQ729U.jpg,bali,train,page,,,480,360,JPEG,18.57684326171875,181.3333282470703,0.2984619140625,19.46124267578125,1.3333333333333333,bali
KQn86KbN.jpg,bali,train,page,,,503,856,JPEG,1.162109375,253.0,0.00115966796875,1.19268798828125,0.5876168224299065,bali
A86cbI0P.png,sunda,train,page,,,300,282,PNG,12.86285400390625,95.33333587646484,0.538818359375,12.8673095703125,1.0638297872340425,sunda
qr0Dsa4r.png,jawa,train,page,,,700,730,PNG,13.0924072265625,236.0,0.00152587890625,13.85906982421875,0.958904109589041,jawa
wBLg71Yy.png,lontara,train,page,,,2000,1600,PNG,3.694580078125,170.0,0.38336181640625,4.68060302734375,1.25,lontara
fuuZiyNB.jpg,lontara,train,page,,,433,616,JPEG,0.6910400390625,255.0,0.09112548828125,0.80133056640625,0.702922077922078,lontara
MuR7rzdl.jpg,jawa,train,page,,,1654,2340,JPEG,0.0,255.0,0.0,0.0,0.7068376068376069,jawa
tVLTxNyb.jpg,pegon,train,page,,,561,561,JPEG,36.20916748046875,120.66666412353516,0.2132568359375,36.578125,1.0,pegon
Pn2o0YTT.jpg,jawa,train,page,,,565,514,JPEG,0.0,255.0,0.1041259765625,0.0,1.0992217898832686,jawa
aN9eOSXS.jpg,jawi,train,page,,,768,1024,JPEG,0.0,255.0,0.00018310546875,0.0,0.75,jawi
mX6JeAay.jpg,lontara,train,page,,,572,481,JPEG,10.53564453125,255.0,0.034423828125,18.17132568359375,1.1891891891891893,lontara
5ghxWNyR.jpg,jawa,train,page,,,585,329,JPEG,81.873046875,193.3333282470703,0.0924072265625,81.9495849609375,1.778115501519757,jawa
HSPlRvu6.jpg,lontara,train,page,,,355,259,JPEG,80.0087890625,180.3333282470703,0.04669189453125,80.021484375,1.3706563706563706,lontara
Ymh2tbFw.png,bali,train,page,,,864,864,PNG,0.0,255.0,0.0616455078125,0.0,1.0,bali
7aDRp8vj.jpg,jawa,train,page,,,480,675,JPEG,15.936279296875,204.0,0.02850341796875,15.9512939453125,0.7111111111111111,jawa
WWCrZrGd.jpg,bali,train,page,,,1200,800,JPEG,60.93896484375,112.66666412353516,0.3763427734375,61.02667236328125,1.5,bali
EAumamZe.jpg,jawi,train,page,,,1024,683,JPEG,24.32794189453125,106.66666412353516,0.47467041015625,24.36865234375,1.499267935578331,jawi
Qf2P4kf8.png,lontara,train,page,,,1160,676,PNG,0.0,255.0,0.06658935546875,0.0,1.7159763313609468,lontara
QNEvz4dm.jpg,pegon,train,page,,,820,457,JPEG,30.62884521484375,1.3333333730697632,0.57818603515625,30.63946533203125,1.7943107221006565,pegon
lkZUfCn0.jpg,jawa,train,page,,,954,397,JPEG,34.4766845703125,77.66666412353516,0.62176513671875,34.84759521484375,2.403022670025189,jawa
POApg2ai.png,sunda,train,page,,,640,404,PNG,3.830078125,3.0,0.70135498046875,4.4561767578125,1.5841584158415842,sunda
zOMPhDUE.jpg,lampung,train,page,,,2192,1231,JPEG,110.60302734375,153.0,0.03570556640625,110.60302734375,1.7806661251015434,lampung
WCHCFDE6.jpg,jawi,train,page,,,1024,766,JPEG,22.95721435546875,107.33333587646484,0.41741943359375,27.2435302734375,1.3368146214099217,jawi
aaGL9ufc.jpg,sunda,train,page,,,650,488,JPEG,0.0,255.0,0.051025390625,0.0,1.3319672131147542,sunda
y0uFaJnx.png,jawa,train,page,,,1200,1200,PNG,0.6231689453125,252.0,0.0,0.6982421875,1.0,jawa
hf1aJZJs.jpg,jawa,train,page,,,1080,589,JPEG,84.29632568359375,102.0,0.46112060546875,84.32073974609375,1.833616298811545,jawa
lUuAU6E8.jpg,jawi,train,page,,,830,468,JPEG,14.6800537109375,216.6666717529297,0.0018310546875,14.6990966796875,1.7735042735042734,jawi
W0b6uSzZ.jpg,jawa,train,page,,,800,800,JPEG,26.710693359375,83.66666412353516,0.5972900390625,28.142578125,1.0,jawa
slg7fj6Y.jpg,lampung,train,page,,,566,472,JPEG,1.9991455078125,254.3333282470703,0.0059814453125,2.0662841796875,1.1991525423728813,lampung
FSeTEL4D.jpg,sunda,train,page,,,2056,2704,JPEG,7.16851806640625,122.33333587646484,0.392333984375,7.31231689453125,0.7603550295857988,sunda
T5Q9z9Eg.jpg,sunda,train,page,,,768,1024,JPEG,2.77642822265625,255.0,0.000732421875,2.77685546875,0.75,sunda
05E6cN2H.jpg,bali,train,page,,,696,464,JPEG,62.0994873046875,221.3333282470703,0.0128173828125,62.09967041015625,1.5,bali
yH2Pop2c.jpg,jawi,train,page,,,2098,1424,JPEG,37.942138671875,189.6666717529297,0.11944580078125,38.03955078125,1.473314606741573,jawi
bv4i3Hy5.jpg,lampung,train,page,,,387,516,JPEG,2.5548095703125,178.3333282470703,0.1016845703125,3.0284423828125,0.75,lampung
A2gApZnB.jpg,lampung,train,page,,,488,409,JPEG,14.53668212890625,30.66666603088379,0.752685546875,15.04876708984375,1.1931540342298288,lampung
7gXMJG6J.webp,lontara,train,page,,,720,405,WEBP,0.26165771484375,255.0,0.03472900390625,0.30548095703125,1.7777777777777777,lontara
f9cIdnQp.jpg,sunda,train,page,,,1024,581,JPEG,77.3583984375,111.66666412353516,0.39630126953125,78.06256103515625,1.7624784853700517,sunda
XhzyZXBX.jpg,pegon,train,page,,,830,485,JPEG,51.17510986328125,178.0,0.0714111328125,51.19940185546875,1.711340206185567,pegon
Imsi27LU.jpg,lontara,train,page,,,645,923,JPEG,29.718505859375,216.0,0.06048583984375,40.7967529296875,0.6988082340195017,lontara
MDiV8shM.jpg,lampung,train,page,,,1138,316,JPEG,0.04632568359375,255.0,0.01898193359375,0.098388671875,3.6012658227848102,lampung
wE8el0Ro.jpg,pegon,train,page,,,480,360,JPEG,131.1142578125,140.0,0.16436767578125,131.30316162109375,1.3333333333333333,pegon
lWjk9Tvo.jpg,lampung,train,page,,,1280,720,JPEG,6.085205078125,174.0,0.0419921875,10.22039794921875,1.7777777777777777,lampung
u6OG4OU1.jpg,jawa,train,page,,,449,252,JPEG,110.4937744140625,91.33333587646484,0.66815185546875,110.4937744140625,1.7817460317460319,jawa
k2KtRniI.jpg,pegon,train,page,,,878,576,JPEG,49.62646484375,144.0,0.09698486328125,49.841064453125,1.5243055555555556,pegon
ze6LVt3f.jpg,jawa,train,page,,,1280,720,JPEG,85.821044921875,163.3333282470703,0.19482421875,85.91192626953125,1.7777777777777777,jawa
goMVEr9M.jpg,jawi,train,page,,,1200,630,JPEG,61.455078125,161.6666717529297,0.07501220703125,61.47967529296875,1.9047619047619047,jawi
nB7tdnSn.png,jawi,train,page,,,600,600,PNG,0.0,255.0,0.050537109375,0.0,1.0,jawi
JfHP176N.jpg,lampung,train,page,,,1200,700,JPEG,7.3662109375,202.6666717529297,0.02532958984375,10.53668212890625,1.7142857142857142,lampung
XmDXsCvc.webp,jawa,train,page,,,300,417,WEBP,30.72442626953125,145.6666717529297,0.371337890625,30.87921142578125,0.7194244604316546,jawa
sgJcQYI6.jpg,lontara,train,page,,,444,280,JPEG,38.47216796875,215.3333282470703,0.03125,38.47216796875,1.5857142857142856,lontara
bIVEz5kB.jpg,sunda,train,page,,,354,355,JPEG,0.19293212890625,255.0,0.001953125,0.27752685546875,0.9971830985915493,sunda
WtdYMinR.jpg,pegon,train,page,,,410,418,JPEG,71.45440673828125,150.0,0.05078125,71.45703125,0.9808612440191388,pegon
cLcF0nUi.png,lampung,train,page,,,640,758,PNG,1.43536376953125,248.0,0.00201416015625,1.54107666015625,0.8443271767810027,lampung
TWaDlRbb.jpg,bali,train,page,,,960,1200,JPEG,29.81817626953125,255.0,0.02520751953125,29.821533203125,0.8,bali
4sQkkgkH.png,lampung,train,page,,,425,521,PNG,29.7218017578125,174.0,0.23370361328125,36.09332275390625,0.8157389635316699,lampung
Qq8v0hKp.jpg,jawa,train,page,,,423,568,JPEG,0.29656982421875,255.0,0.00128173828125,0.29986572265625,0.7447183098591549,jawa
ydlfeeQR.jpg,bali,train,page,,,1477,1108,JPEG,38.5009765625,84.0,0.6470947265625,47.1416015625,1.3330324909747293,bali
CNGbKP8u.jpg,jawa,train,page,,,481,280,JPEG,10.88507080078125,245.3333282470703,0.265380859375,10.991943359375,1.7178571428571427,jawa
nOkBZWxv.png,jawa,train,page,,,811,613,PNG,72.58087158203125,194.0,0.0218505859375,75.36468505859375,1.3230016313213704,jawa
zf8bKPv6.png,sunda,train,page,,,1200,900,PNG,2.44677734375,255.0,0.01470947265625,2.4874267578125,1.3333333333333333,sunda
iWeZ1ZEc.jpg,jawi,train,page,,,235,300,JPEG,43.0333251953125,208.3333282470703,0.01007080078125,43.0333251953125,0.7833333333333333,jawi
h0LtJbi8.jpg,jawi,train,page,,,360,466,JPEG,9.812255859375,255.0,0.00177001953125,9.82330322265625,0.7725321888412017,jawi
8dfolTMF.jpg,jawi,train,page,,,469,754,JPEG,125.12091064453125,146.3333282470703,0.0655517578125,125.13531494140625,0.6220159151193634,jawi
gb8TzDfD.webp,jawa,train,page,,,1200,675,WEBP,0.99249267578125,215.0,0.03448486328125,1.70684814453125,1.7777777777777777,jawa
Q5TmKwnk.jpg,pegon,train,page,,,1280,720,JPEG,36.53033447265625,157.0,0.04669189453125,36.53106689453125,1.7777777777777777,pegon
AKUar1TE.jpg,jawa,train,page,,,1280,720,JPEG,18.3524169921875,246.6666717529297,0.02410888671875,18.35699462890625,1.7777777777777777,jawa
kdPAng3j.jpg,lampung,train,page,,,1280,720,JPEG,149.71044921875,186.0,0.046875,149.71044921875,1.7777777777777777,lampung
drKaI6XR.jpg,pegon,train,page,,,1247,980,JPEG,94.4261474609375,157.6666717529297,0.04815673828125,94.4267578125,1.2724489795918368,pegon
P5yudurv.jpg,lampung,train,page,,,952,476,JPEG,0.0,255.0,0.005859375,0.0,2.0,lampung
dKpZfhoe.jpg,pegon,train,page,,,738,1600,JPEG,67.3348388671875,127.0,0.31927490234375,70.999755859375,0.46125,pegon
kI1F48fG.jpg,sunda,train,page,,,566,619,JPEG,9.63531494140625,242.0,0.0032958984375,9.6634521484375,0.9143780290791599,sunda
QXjb5GEa.jpg,lampung,train,page,,,720,1280,JPEG,9.240234375,253.6666717529297,0.01080322265625,9.5299072265625,0.5625,lampung
2v8NSzWR.jpg,pegon,train,page,,,490,354,JPEG,4.62615966796875,218.0,0.0,4.71697998046875,1.384180790960452,pegon
9l4LMazG.png,lontara,train,page,,,1366,768,PNG,15.069580078125,0.0,0.98223876953125,15.069580078125,1.7786458333333333,lontara
d81F6pxi.jpg,lampung,train,page,,,735,1040,JPEG,24.8760986328125,255.0,0.1046142578125,24.89202880859375,0.7067307692307693,lampung
KpRcwnvc.jpg,lontara,train,page,,,404,316,JPEG,79.15655517578125,100.66666412353516,0.44805908203125,99.841552734375,1.2784810126582278,lontara
cgV69blO.jpg,jawi,train,page,,,1080,763,JPEG,0.34613037109375,255.0,0.00067138671875,0.349609375,1.4154652686762779,jawi
DnWDDnKs.webp,pegon,train,page,,,600,338,WEBP,67.8856201171875,150.6666717529297,0.19573974609375,69.684326171875,1.7751479289940828,pegon
bSmzSSsW.jpg,lampung,train,page,,,700,350,JPEG,2.14874267578125,255.0,0.0030517578125,2.23846435546875,2.0,lampung
0lPkokiG.jpg,lampung,train,page,,,1000,915,JPEG,200.38385009765625,147.3333282470703,0.080078125,200.41534423828125,1.092896174863388,lampung
lWqGfthg.jpg,jawi,train,page,,,250,377,JPEG,29.42584228515625,91.66666412353516,0.54644775390625,29.43878173828125,0.6631299734748011,jawi
xoWpVy3M.jpg,bali,train,page,,,500,500,JPEG,14.13018798828125,79.33333587646484,0.59136962890625,15.514404296875,1.0,bali
CqSvfsrM.jpg,lampung,train,page,,,570,588,JPEG,12.3934326171875,255.0,0.0123291015625,18.0814208984375,0.9693877551020408,lampung
wJLSOF58.jpg,lontara,train,page,,,770,450,JPEG,3.3070068359375,231.0,0.03271484375,4.133056640625,1.711111111111111,lontara
EnhSkTfz.png,jawa,train,page,,,306,300,PNG,0.0,255.0,0.00018310546875,0.0,1.02,jawa
u3c9ZTqQ.jpg,jawa,train,page,,,720,452,JPEG,11.365234375,204.6666717529297,0.00439453125,12.3416748046875,1.592920353982301,jawa
0RrfREkM.jpg,pegon,train,page,,,747,531,JPEG,12.05120849609375,186.6666717529297,0.04119873046875,12.1695556640625,1.4067796610169492,pegon
14vVVl4E.png,pegon,train,page,,,800,595,PNG,48.67340087890625,178.0,0.165283203125,49.2125244140625,1.3445378151260505,pegon
BtN0snf5.jpg,pegon,train,page,,,744,536,JPEG,18.6414794921875,140.6666717529297,0.28424072265625,18.77813720703125,1.3880597014925373,pegon
0qieWTAa.jpg,pegon,train,page,,,446,330,JPEG,1.81103515625,185.0,0.3238525390625,1.81158447265625,1.3515151515151516,pegon
JUcIlUlw.jpg,jawa,train,page,,,480,360,JPEG,3.17816162109375,245.0,0.00592041015625,3.1832275390625,1.3333333333333333,jawa
Pwxovv4w.jpg,pegon,train,page,,,768,472,JPEG,70.38299560546875,139.6666717529297,0.2105712890625,70.38787841796875,1.6271186440677967,pegon
pVaurMOE.png,sunda,train,page,,,729,331,PNG,25.24627685546875,238.0,0.01055908203125,25.24627685546875,2.202416918429003,sunda
W9YzgCDe.jpg,bali,train,page,,,870,1160,JPEG,21.989501953125,161.6666717529297,0.0850830078125,22.24383544921875,0.75,bali
crv2qL3d.jpg,jawa,train,page,,,483,341,JPEG,5.16583251953125,243.0,0.0870361328125,5.177490234375,1.4164222873900294,jawa
26CqbMpI.jpg,sunda,train,page,,,415,405,JPEG,2.90484619140625,252.3333282470703,0.0,2.92816162109375,1.0246913580246915,sunda
EIbBGv9G.jpg,bali,train,page,,,768,1024,JPEG,1.97821044921875,255.0,0.0,1.996337890625,0.75,bali
fB1k6OYk.jpg,jawa,train,page,,,1000,750,JPEG,6.344482421875,143.6666717529297,0.24859619140625,6.4805908203125,1.3333333333333333,jawa
NZrTPBsT.jpg,jawa,train,page,,,736,1308,JPEG,0.0,0.0,0.91888427734375,0.0,0.5626911314984709,jawa
QMe5Qa85.jpg,lampung,train,page,,,1200,675,JPEG,45.62908935546875,234.3333282470703,0.0965576171875,45.64752197265625,1.7777777777777777,lampung
9W5axwiz.jpg,pegon,train,page,,,1239,1800,JPEG,58.26141357421875,148.0,0.09564208984375,58.26220703125,0.6883333333333334,pegon
1aIVpZ2l.jpg,lampung,train,page,,,830,556,JPEG,0.0211181640625,252.0,0.00299072265625,0.02197265625,1.4928057553956835,lampung
Etv2CI1N.webp,lampung,train,page,,,136,296,WEBP,91.212890625,198.3333282470703,0.04638671875,91.51947021484375,0.4594594594594595,lampung
vFnuGssw.jpg,lampung,train,page,,,1000,1673,JPEG,7.15460205078125,248.0,0.0650634765625,7.210693359375,0.5977286312014346,lampung
y3XQDMZv.jpg,sunda,train,page,,,960,1200,JPEG,0.0,255.0,0.04949951171875,0.0,0.8,sunda
Jm77pTKe.jpg,jawa,train,page,,,650,412,JPEG,2.7281494140625,255.0,0.00030517578125,2.94635009765625,1.5776699029126213,jawa
L5ew6cf9.jpg,pegon,train,page,,,1200,948,JPEG,43.87744140625,231.6666717529297,0.04779052734375,44.1966552734375,1.2658227848101267,pegon
XE1yQhgw.webp,sunda,train,page,,,2048,1152,WEBP,68.36163330078125,122.33333587646484,0.40155029296875,68.36163330078125,1.7777777777777777,sunda
T4CwXbxe.jpg,bali,train,page,,,870,286,JPEG,7.73748779296875,177.3333282470703,0.0679931640625,9.38824462890625,3.041958041958042,bali
qyPXddz2.jpg,pegon,train,page,,,800,800,JPEG,45.04864501953125,181.6666717529297,0.229736328125,45.088623046875,1.0,pegon
AjwosTfp.png,pegon,train,page,,,625,905,PNG,27.97760009765625,200.3333282470703,0.28668212890625,29.49212646484375,0.6906077348066298,pegon
RY9pKXN7.jpg,bali,train,page,,,500,300,JPEG,24.0826416015625,110.33333587646484,0.38848876953125,25.216064453125,1.6666666666666667,bali
kne37dqn.jpg,jawa,train,page,,,1280,720,JPEG,27.50537109375,232.6666717529297,0.101318359375,27.916015625,1.7777777777777777,jawa
ogPEoW0X.jpg,sunda,train,page,,,800,400,JPEG,0.0,143.0,0.30047607421875,0.0,2.0,sunda
HEcsD6AX.png,bali,train,page,,,5000,1705,PNG,0.0,255.0,0.07537841796875,0.0,2.932551319648094,bali
zasgaCVk.jpg,pegon,train,page,,,1320,990,JPEG,36.78955078125,165.6666717529297,0.426513671875,36.86474609375,1.3333333333333333,pegon
Zm78KvRV.jpg,pegon,train,page,,,1360,903,JPEG,41.915771484375,7.666666507720947,0.819580078125,42.075439453125,1.5060908084163898,pegon
pL1TEs2W.webp,pegon,train,page,,,759,450,WEBP,8.09564208984375,0.0,0.638427734375,8.43902587890625,1.6866666666666668,pegon
9rr8VvDa.jpg,jawa,train,page,,,640,492,JPEG,0.0,254.0,0.03472900390625,0.0,1.3008130081300813,jawa
NFZIt3sH.png,lontara,train,page,,,404,316,PNG,13.28546142578125,44.66666793823242,0.973876953125,18.1529541015625,1.2784810126582278,lontara
bgn3EjVU.jpg,lampung,train,page,,,201,280,JPEG,0.0758056640625,253.0,0.14715576171875,0.15753173828125,0.7178571428571429,lampung
WbYvLu7A.webp,pegon,train,page,,,2560,1440,WEBP,18.0906982421875,179.0,0.14935302734375,18.09783935546875,1.7777777777777777,pegon
9N5DsZPR.jpg,lampung,train,page,,,736,1308,JPEG,79.13037109375,194.0,0.40771484375,79.2691650390625,0.5626911314984709,lampung
JEm2YNFD.jpg,jawa,train,page,,,600,356,JPEG,0.0,255.0,0.01715087890625,0.0,1.6853932584269662,jawa
a2qh7aww.png,jawa,train,page,,,1024,335,PNG,0.0,255.0,0.0384521484375,0.0,3.056716417910448,jawa
0pQOih09.jpg,jawa,train,page,,,626,338,JPEG,12.565673828125,236.0,0.24884033203125,12.643310546875,1.8520710059171597,jawa
tEXmYAkO.jpg,lontara,train,page,,,400,391,JPEG,0.05029296875,240.0,0.00115966796875,0.0770263671875,1.0230179028132993,lontara
1icXIUfR.jpg,jawa,train,page,,,750,487,JPEG,15.28021240234375,154.3333282470703,0.192626953125,15.55810546875,1.540041067761807,jawa
EvWOEOgu.jpg,jawa,train,page,,,630,458,JPEG,16.74615478515625,138.0,0.11700439453125,18.5791015625,1.3755458515283843,jawa
79vWCUW8.jpg,lampung,train,page,,,600,338,JPEG,28.229736328125,135.0,0.18389892578125,28.51263427734375,1.7751479289940828,lampung
Bz01Prso.jpg,jawi,train,page,,,689,591,JPEG,0.8272705078125,255.0,0.02960205078125,0.83209228515625,1.1658206429780034,jawi
johVZUvs.png,jawa,train,page,,,600,450,PNG,92.322265625,147.3333282470703,0.11016845703125,100.54315185546875,1.3333333333333333,jawa
z5dSF1Z0.jpg,jawi,train,page,,,787,1106,JPEG,3.01043701171875,245.3333282470703,0.0133056640625,3.0555419921875,0.7115732368896925,jawi
GVqxMBMQ.jpg,bali,train,page,,,1706,960,JPEG,11.30657958984375,103.33333587646484,0.481689453125,12.43023681640625,1.7770833333333333,bali
3OW9abKi.webp,pegon,train,page,,,400,300,WEBP,67.6524658203125,161.6666717529297,0.09075927734375,68.141357421875,1.3333333333333333,pegon
P7pWofbr.jpg,jawa,train,page,,,537,929,JPEG,6.7198486328125,240.6666717529297,0.00018310546875,7.966796875,0.5780409041980624,jawa
oSjsdcIc.jpg,lontara,train,page,,,454,675,JPEG,16.96142578125,234.6666717529297,0.003173828125,26.2127685546875,0.6725925925925926,lontara
QQXTSG81.jpg,lampung,train,page,,,781,622,JPEG,0.0,243.0,0.004638671875,0.0,1.2556270096463023,lampung
GoGj1Sor.webp,jawa,train,page,,,644,277,WEBP,1.27923583984375,255.0,0.046142578125,3.61370849609375,2.324909747292419,jawa
Upp8Rm0A.jpg,jawa,train,page,,,972,632,JPEG,6.51171875,158.0,0.109130859375,6.5733642578125,1.5379746835443038,jawa
ge440A3b.jpg,lontara,train,page,,,4608,3456,JPEG,8.248291015625,181.3333282470703,0.10479736328125,10.694091796875,1.3333333333333333,lontara
9D9NLBaF.jpg,sunda,train,page,,,736,1152,JPEG,1.1943359375,237.3333282470703,0.0020751953125,1.50750732421875,0.6388888888888888,sunda
p1KvJOpI.jpg,jawa,train,page,,,768,1024,JPEG,16.1156005859375,255.0,0.00604248046875,16.14349365234375,0.75,jawa
4t6j7WDj.jpg,lampung,train,page,,,1270,954,JPEG,4.7591552734375,244.0,0.00372314453125,4.790283203125,1.3312368972746331,lampung
ZfZb7Wre.jpg,jawa,train,page,,,1440,1920,JPEG,3.2557373046875,139.3333282470703,0.08990478515625,4.7021484375,0.75,jawa
hz0i0VAL.jpg,jawi,train,page,,,654,480,JPEG,41.58770751953125,200.0,0.1700439453125,41.73321533203125,1.3625,jawi
o7wasDKU.jpg,jawi,train,page,,,1237,1600,JPEG,0.0,255.0,0.0,0.0,0.773125,jawi
T5ThUHie.jpg,jawi,train,page,,,840,570,JPEG,49.98309326171875,115.0,0.40032958984375,51.24847412109375,1.4736842105263157,jawi
S2lydPJ3.jpg,pegon,train,page,,,355,492,JPEG,13.41729736328125,171.0,0.19342041015625,13.5509033203125,0.7215447154471545,pegon
vFM0jy9H.jpg,jawa,train,page,,,847,999,JPEG,0.0,148.0,0.1717529296875,0.0,0.8478478478478478,jawa
EYpmsJp4.jpg,bali,train,page,,,1024,768,JPEG,28.84478759765625,160.0,0.09698486328125,30.265380859375,1.3333333333333333,bali
ItQogqk5.jpg,,test,page,bali,0.8849919469134864,720,961,JPEG,65.84259033203125,160.6666717529297,0.16595458984375,65.9290771484375,0.7492195629552549,bali
ZqydnzgJ.png,,test,page,pegon,0.9141577680209996,423,340,PNG,18.562255859375,183.0,0.028564453125,18.70989990234375,1.2441176470588236,pegon
LYSJlPHg.jpg,,test,page,lampung,0.917033593306067,1024,1024,JPEG,91.30487060546875,122.0,0.21044921875,96.08099365234375,1.0,lampung
r0elQ0IA.jpg,,test,page,jawi,0.6026845155472145,480,288,JPEG,34.029541015625,99.0,0.51947021484375,55.535888671875,1.6666666666666667,jawi
KTQSUrrc.jpg,,test,page,jawi,0.7197551710639101,1200,800,JPEG,51.5780029296875,198.6666717529297,0.0953369140625,53.08587646484375,1.5,jawi
KEu2kTL0.jpg,,test,page,bali,0.9315791475408824,1503,986,JPEG,0.0,255.0,0.03875732421875,0.0,1.524340770791075,bali
vlFWLeRt.jpg,,test,page,jawi,0.5576112350315545,750,938,JPEG,3.6417236328125,254.0,0.03033447265625,4.01361083984375,0.7995735607675906,jawi
OejnTLcZ.png,,test,page,pegon,0.7930863135410124,665,525,PNG,37.02655029296875,211.3333282470703,0.04815673828125,37.03106689453125,1.2666666666666666,pegon
XSED2XWK.jpg,,test,page,jawa,0.8958258738176287,1080,1440,JPEG,8.94073486328125,239.0,0.0755615234375,14.87860107421875,0.75,jawa
ndpkiGAu.jpg,,test,page,jawa,0.8694818491318065,405,626,JPEG,69.13623046875,203.0,0.09326171875,69.13623046875,0.646964856230032,jawa
HC8195r5.jpg,,test,page,jawa,0.4014946432710288,1024,683,JPEG,51.87567138671875,134.3333282470703,0.3646240234375,51.970458984375,1.499267935578331,jawa
DouTwCmZ.jpg,,test,page,lampung,0.9186638566384996,768,503,JPEG,12.939208984375,243.0,0.0098876953125,15.2476806640625,1.5268389662027833,lampung
26WUdDnL.jpg,,test,page,jawa,0.9049604488222056,500,333,JPEG,26.00146484375,178.6666717529297,0.218994140625,26.0712890625,1.5015015015015014,jawa
MXzGfFQm.jpg,,test,page,pegon,0.8434450552153241,716,476,JPEG,96.359619140625,99.66666412353516,0.501953125,96.360595703125,1.504201680672269,pegon
TWwOlCLX.webp,,test,page,jawi,0.7688789634244633,700,436,WEBP,8.93701171875,201.6666717529297,0.05865478515625,8.93853759765625,1.6055045871559632,jawi
VjUX1UMA.jpg,,test,page,jawa,0.8996469250469719,1500,1600,JPEG,1.02545166015625,231.0,0.229736328125,1.02606201171875,0.9375,jawa
yDpRmpun.jpg,,test,page,jawi,0.508669480954764,3120,4160,JPEG,18.88037109375,146.6666717529297,0.37109375,50.724365234375,0.75,jawi
ih56UWvz.jpg,,test,page,bali,0.9346437762444244,1706,960,JPEG,47.64447021484375,170.3333282470703,0.3638916015625,49.6336669921875,1.7770833333333333,bali
fWSSeXCX.webp,,test,page,pegon,0.9272401053061554,960,695,WEBP,41.93701171875,187.3333282470703,0.1092529296875,42.03515625,1.381294964028777,pegon
YZumQKNy.jpg,,test,page,sunda,0.2899450304774777,720,985,JPEG,37.42816162109375,100.33333587646484,0.4967041015625,37.52838134765625,0.7309644670050761,sunda
dzq5cujj.jpg,,test,page,pegon,0.729550474336768,1000,1778,JPEG,11.9443359375,151.3333282470703,0.05804443359375,12.58575439453125,0.562429696287964,pegon
q0xsg3Dy.jpg,,test,page,lontara,0.5453602908589705,4608,3456,JPEG,43.54119873046875,186.0,0.2281494140625,50.2747802734375,1.3333333333333333,lontara
lUuephPg.jpg,,test,page,lontara,0.3640306285291471,824,448,JPEG,0.0,252.0,0.01690673828125,0.0,1.8392857142857142,lontara
aQis1ndJ.jpg,,test,page,jawa,0.8958202353343943,236,376,JPEG,12.16259765625,228.6666717529297,0.03924560546875,13.76318359375,0.6276595744680851,jawa
zFNBzMgh.jpg,,test,page,jawi,0.6365242928337248,1080,1440,JPEG,55.37054443359375,215.6666717529297,0.00579833984375,55.37054443359375,0.75,jawi
BKre5xTa.jpg,,test,page,jawa,0.8908079512908058,1024,1024,JPEG,28.508056640625,204.3333282470703,0.026123046875,29.214111328125,1.0,jawa
vE1lC5ua.jpg,,test,page,jawi,0.739054013383047,800,437,JPEG,10.5172119140625,255.0,0.0076904296875,10.53900146484375,1.8306636155606408,jawi
F50UsMaR.webp,,test,page,jawi,0.5720180170273909,2048,2899,WEBP,8.00164794921875,181.0,0.0108642578125,8.7227783203125,0.7064505001724732,jawi
26z1ANyb.jpg,,test,page,jawi,0.8337796258846962,768,1024,JPEG,0.0,255.0,6.103515625e-05,0.0,0.75,jawi
rHj8SiVp.png,,test,page,pegon,0.9082480681126718,601,897,PNG,35.88665771484375,168.6666717529297,0.32666015625,36.09539794921875,0.6700111482720178,pegon
UnwSaMS8.png,,test,page,jawa,0.8866264168123827,1400,990,PNG,20.40472412109375,221.0,0.042724609375,20.40472412109375,1.4141414141414141,jawa
Fj83bcac.jpg,,test,page,jawa,0.8908974287012154,794,1024,JPEG,76.82440185546875,206.0,0.0,76.82537841796875,0.775390625,jawa
FWqUTKFt.jpg,,test,page,lontara,0.9277310822799578,4344,3258,JPEG,36.83740234375,164.6666717529297,0.22491455078125,37.1197509765625,1.3333333333333333,lontara
GtqK3cHR.jpg,,test,page,jawa,0.8902211607812364,480,357,JPEG,3.2052001953125,255.0,0.0006103515625,3.52984619140625,1.3445378151260505,jawa
Xre8jQe3.webp,,test,page,pegon,0.262309244152959,952,700,WEBP,40.74664306640625,137.0,0.230224609375,40.7872314453125,1.36,pegon
k5xdnWK8.png,,test,page,sunda,0.9045325915791826,500,380,PNG,11.03497314453125,255.0,0.02532958984375,11.04522705078125,1.3157894736842106,sunda
1RE1VcHj.jpg,,test,page,sunda,0.4353502790384782,1080,687,JPEG,8.278564453125,141.3333282470703,0.2088623046875,9.44061279296875,1.5720524017467248,sunda
H036HViM.jpg,,test,page,sunda,0.8424897269394023,601,563,JPEG,0.0,88.0,0.57177734375,0.0,1.0674955595026643,sunda
yuiAa6pM.jpg,,test,page,jawa,0.8941727235010111,1024,416,JPEG,0.23565673828125,231.0,0.12353515625,0.23626708984375,2.4615384615384617,jawa
PFdjl0p9.jpg,,test,page,pegon,0.8837465822098217,480,354,JPEG,51.4644775390625,153.3333282470703,0.15576171875,51.4644775390625,1.3559322033898304,pegon
ItKYqOPE.jpg,,test,page,jawa,0.9025060934701244,830,556,JPEG,0.50445556640625,248.0,0.1226806640625,1.22369384765625,1.4928057553956835,jawa
a9BmtPJb.jpg,,test,page,lampung,0.9167321229501162,768,544,JPEG,6.4844970703125,251.6666717529297,0.00946044921875,7.11810302734375,1.411764705882353,lampung
y4Div1Ps.jpg,,test,page,lontara,0.7402015633400995,404,316,JPEG,49.4615478515625,199.0,0.321044921875,49.5914306640625,1.2784810126582278,lontara
6nRakZMt.png,,test,page,bali,0.9290069298811316,864,864,PNG,0.0,255.0,0.0538330078125,0.0,1.0,bali
4sMBUagD.png,,test,page,jawa,0.9013397268711052,1200,800,PNG,0.0,255.0,0.00628662109375,0.0,1.5,jawa
ipYw1jbF.jpg,,test,page,pegon,0.6835102471852309,1320,990,JPEG,36.78955078125,165.6666717529297,0.426513671875,36.86474609375,1.3333333333333333,pegon
zpaJVslx.png,,test,page,pegon,0.9300894401515798,640,279,PNG,5.03875732421875,147.0,0.019287109375,5.4429931640625,2.293906810035842,pegon
K3eaNag9.png,,test,page,bali,0.9326749776676864,1707,900,PNG,51.4385986328125,120.33333587646484,0.44061279296875,52.377685546875,1.8966666666666667,bali
Y43lbNxD.jpg,,test,page,pegon,0.8761376043195828,660,400,JPEG,39.73138427734375,153.0,0.091552734375,40.33905029296875,1.65,pegon
056AqPTe.jpg,,test,page,pegon,0.9347707770334632,800,439,JPEG,12.65948486328125,180.6666717529297,0.11602783203125,13.14129638671875,1.8223234624145785,pegon
tuQn2tFG.jpg,,test,page,jawi,0.6070267235183036,1280,720,JPEG,11.38812255859375,167.0,0.189697265625,13.07745361328125,1.7777777777777777,jawi
kOzZg1JG.jpg,,test,page,bali,0.9004197047307032,1280,720,JPEG,47.58160400390625,144.3333282470703,0.3465576171875,47.69805908203125,1.7777777777777777,bali
l7zErLnw.jpg,,test,page,sunda,0.4914011370513902,279,494,JPEG,0.57330322265625,251.3333282470703,0.012939453125,0.959228515625,0.5647773279352226,sunda
uneupKp4.jpg,,test,page,pegon,0.9301641158772808,1024,714,JPEG,33.3983154296875,129.6666717529297,0.1273193359375,34.133544921875,1.4341736694677871,pegon
gCeXTM6f.png,,test,page,jawi,0.8471153311881702,2226,3356,PNG,0.00408935546875,239.0,0.00115966796875,10.15716552734375,0.6632896305125149,jawi
YwAccQRI.jpg,,test,page,lampung,0.919151163905655,600,423,JPEG,72.07977294921875,206.6666717529297,0.07928466796875,72.08453369140625,1.4184397163120568,lampung
EkcAINcb.jpg,,test,page,pegon,0.7912800604006937,395,720,JPEG,65.17181396484375,170.6666717529297,0.1859130859375,65.208251953125,0.5486111111111112,pegon
OxqIjBqf.png,,test,page,jawi,0.8647966795334103,1280,865,PNG,39.2236328125,152.3333282470703,0.05120849609375,39.2236328125,1.4797687861271676,jawi
eQdRb66P.bmp,,test,page,lampung,0.915118598090125,822,667,BMP,2.25537109375,253.3333282470703,0.0101318359375,2.3616943359375,1.232383808095952,lampung
rAp05mwt.jpg,,test,page,lampung,0.9149740015828184,1200,750,JPEG,39.04840087890625,226.3333282470703,0.1341552734375,39.5550537109375,1.6,lampung
2JOdaZIF.jpg,,test,page,jawa,0.8813531956813664,449,252,JPEG,63.2447509765625,207.6666717529297,0.083984375,63.24530029296875,1.7817460317460319,jawa
8oq6zqeT.jpg,,test,page,lontara,0.821263194053075,768,1024,JPEG,0.04107666015625,255.0,0.00128173828125,0.04107666015625,0.75,lontara
wHZdMejr.jpg,,test,page,jawi,0.4730745527786588,768,1024,JPEG,0.51934814453125,255.0,0.0001220703125,0.61798095703125,0.75,jawi
oY0gb7Sn.jpg,,test,page,jawa,0.7434888941846696,750,500,JPEG,39.72235107421875,173.3333282470703,0.22088623046875,40.04296875,1.5,jawa
Ep42uvIt.jpg,,test,page,bali,0.9234259811887606,736,515,JPEG,208.46600341796875,113.0,0.11163330078125,208.4661865234375,1.429126213592233,bali
3thCZSyH.jpg,,test,page,jawa,0.479536213704624,569,753,JPEG,1.84320068359375,255.0,0.00927734375,1.95880126953125,0.7556440903054449,jawa
LiB3gmQw.png,,test,page,jawa,0.884031803111958,1299,1672,PNG,77.173095703125,138.0,0.06158447265625,77.17315673828125,0.7769138755980861,jawa
VbUDzy4i.jpg,,test,page,lontara,0.9289325290452832,500,291,JPEG,0.0,236.0,0.00311279296875,0.0,1.7182130584192439,lontara
o6wvvIED.jpg,,test,page,lontara,0.6682489683569072,330,255,JPEG,18.80853271484375,132.0,0.30633544921875,19.569580078125,1.2941176470588236,lontara
KjfiynKK.jpg,,test,page,jawa,0.903983701660992,600,450,JPEG,29.61810302734375,225.5,0.02655029296875,49.9156494140625,1.3333333333333333,jawa
aFNQd7Wq.jpg,,test,page,jawa,0.9083547990405088,640,480,JPEG,5.0328369140625,221.0,0.31072998046875,5.3658447265625,1.3333333333333333,jawa
Ybv4ejqR.jpg,,test,page,lampung,0.9201465697137448,1024,1024,JPEG,82.3929443359375,182.33334350585938,0.149169921875,90.3758544921875,1.0,lampung
l7zm4ex5.jpg,,test,page,lontara,0.6736191511024201,640,558,JPEG,20.26312255859375,193.0,0.0460205078125,20.29144287109375,1.146953405017921,lontara
bdWh7vZy.jpg,,test,page,jawa,0.7837915624121923,774,1032,JPEG,9.57012939453125,97.0,0.508056640625,10.37274169921875,0.75,jawa
Osr6x8QO.jpg,,test,page,lampung,0.9157336901569476,790,445,JPEG,33.52349853515625,214.6666717529297,0.1551513671875,36.43792724609375,1.7752808988764044,lampung
rCFHzah9.jpg,,test,page,jawa,0.5310480517056209,750,375,JPEG,35.3541259765625,165.0,0.0810546875,35.4278564453125,2.0,jawa
H2wD2Cwp.jpg,,test,page,jawa,0.901190247273639,800,534,JPEG,0.0,246.0,0.020263671875,0.0,1.4981273408239701,jawa
pOdWxgnU.jpg,,test,page,pegon,0.9378938733249236,743,534,JPEG,0.0,124.0,0.3896484375,0.0,1.3913857677902621,pegon
3WOfUs8V.jpg,,test,page,pegon,0.7550075430705754,780,552,JPEG,55.97393798828125,149.6666717529297,0.02056884765625,55.98638916015625,1.4130434782608696,pegon
QnomGMrW.png,,test,page,jawi,0.6681904257286674,830,805,PNG,16.19464111328125,253.3333282470703,0.0079345703125,17.01165771484375,1.031055900621118,jawi
bzYOfktG.jpg,,test,page,bali,0.7204948941349951,1706,960,JPEG,29.81365966796875,115.33333587646484,0.44036865234375,39.58770751953125,1.7770833333333333,bali
MEIIpTFk.jpg,,test,page,lampung,0.9134830328951592,1200,800,JPEG,19.31671142578125,177.0,0.08721923828125,22.59912109375,1.5,lampung
ANvXuugy.jpg,,test,page,jawa,0.61658522575896,750,500,JPEG,32.330078125,112.33333587646484,0.398681640625,32.40032958984375,1.5,jawa
ZBvUKEFY.jpg,,test,page,lampung,0.8890943385753847,700,493,JPEG,57.4931640625,113.0,0.2744140625,57.50982666015625,1.4198782961460445,lampung
pmpFP6tE.jpg,,test,page,jawa,0.8967968010534172,1200,800,JPEG,27.00543212890625,83.33333587646484,0.6871337890625,38.33135986328125,1.5,jawa
2T7yQYeE.jpg,,test,page,lontara,0.8866967141398737,600,471,JPEG,71.0499267578125,110.0,0.39794921875,71.73486328125,1.2738853503184713,lontara
3Ab69ql6.jpg,,test,page,pegon,0.9322822513042396,640,376,JPEG,72.75238037109375,132.3333282470703,0.247314453125,72.77044677734375,1.702127659574468,pegon
o36fxQgG.jpg,,test,page,jawa,0.8949624095687394,600,600,JPEG,0.0,255.0,0.0399169921875,0.0,1.0,jawa
94w0nbLY.jpg,,test,page,lampung,0.9182606722581322,1158,1600,JPEG,1.14471435546875,250.0,0.20361328125,1.27239990234375,0.72375,lampung
T0d4kIfP.jpg,,test,page,lontara,0.940082962938292,480,272,JPEG,64.0372314453125,200.0,0.02484130859375,64.0372314453125,1.7647058823529411,lontara
EnCEWDE8.jpg,,test,page,lontara,0.91767787795387,750,500,JPEG,38.490234375,215.6666717529297,0.03472900390625,38.490234375,1.5,lontara
KBBAssZV.webp,,test,page,sunda,0.5458771350464291,750,500,WEBP,12.65374755859375,181.0,0.08984375,19.81756591796875,1.5,sunda
9KPYHyTK.jpg,,test,page,bali,0.4680089523424704,768,1024,JPEG,0.0,255.0,6.103515625e-05,0.0,0.75,bali
SCCerkBY.jpg,,test,page,bali,0.4042176344751693,1654,2340,JPEG,0.0,254.0,0.0,0.0,0.7068376068376069,bali
IINdF7pr.webp,,test,page,pegon,0.89065320245548,1200,676,WEBP,4.1025390625,146.3333282470703,0.26422119140625,4.3154296875,1.7751479289940828,pegon
chtz5jzk.jpg,,test,page,lontara,0.902631998696647,768,1024,JPEG,0.0,255.0,0.0076904296875,0.0,0.75,lontara
WsL7EGKU.jpg,,test,page,lontara,0.9353067489489872,801,435,JPEG,7.7906494140625,0.0,0.9044189453125,7.80401611328125,1.8413793103448275,lontara
TttzcFgE.jpg,,test,page,bali,0.9222203104422828,650,367,JPEG,41.423828125,233.0,0.0010986328125,41.423828125,1.771117166212534,bali
vI3WShwa.bmp,,test,page,sunda,0.8926251047482857,144,254,BMP,85.2020263671875,118.66666412353516,0.28240966796875,85.37164306640625,0.5669291338582677,sunda
4OR8cPdh.jpg,,test,page,lampung,0.917863818955475,1082,767,JPEG,2.934326171875,253.3333282470703,0.0023193359375,4.02398681640625,1.410691003911343,lampung
W2n52G1r.jpg,,test,page,pegon,0.7628571739195329,1024,874,JPEG,0.445068359375,255.0,0.01177978515625,0.5474853515625,1.17162471395881,pegon
hgfKArJw.png,,test,page,jawa,0.5411592558442044,480,309,PNG,4.94293212890625,138.6666717529297,0.05682373046875,5.250732421875,1.5533980582524272,jawa
QlEiR0iG.jpg,,test,page,jawi,0.3770696752165021,1280,720,JPEG,18.91082763671875,95.66666412353516,0.782958984375,54.60205078125,1.7777777777777777,jawi
6walxVK4.jpg,,test,page,jawi,0.5662333263034391,768,768,JPEG,12.9273681640625,200.6666717529297,0.0657958984375,12.9525146484375,1.0,jawi
pWnaLPgR.jpg,,test,page,bali,0.927571279275947,736,515,JPEG,0.0,255.0,0.04351806640625,0.0,1.429126213592233,bali
TkcyO0pK.jpg,,test,page,lampung,0.925167998607731,768,1024,JPEG,27.97576904296875,241.6666717529297,0.02862548828125,29.0513916015625,0.75,lampung
WrucuNTl.jpg,,test,page,pegon,0.4719534546870029,830,1478,JPEG,32.076171875,229.3333282470703,0.01861572265625,32.412109375,0.5615696887686062,pegon
zT9aeQxi.jpg,,test,page,bali,0.9232301890771192,1706,960,JPEG,28.0830078125,127.66666412353516,0.36492919921875,38.10968017578125,1.7770833333333333,bali
Q9imR7oT.jpg,,test,page,bali,0.9088662050101398,768,544,JPEG,0.0,255.0,0.0064697265625,0.0,1.411764705882353,bali
HUGi0nLM.jpg,,test,page,pegon,0.2637006428208369,500,330,JPEG,74.018310546875,103.0,0.4896240234375,74.52178955078125,1.5151515151515151,pegon
2yagSjhm.png,,test,page,lontara,0.895513056273964,243,286,PNG,28.5015869140625,109.33333587646484,0.3951416015625,28.6854248046875,0.8496503496503497,lontara
TXkxko1i.jpg,,test,page,pegon,0.9353290344323254,1033,774,JPEG,8.39117431640625,241.6666717529297,0.0013427734375,8.62091064453125,1.334625322997416,pegon
BF2a88L9.webp,,test,page,lampung,0.9117922953445812,1200,728,WEBP,36.4549560546875,239.3333282470703,0.04632568359375,36.45513916015625,1.6483516483516483,lampung
iiCd7aNl.jpg,,test,page,bali,0.931596642490626,242,280,JPEG,3.585693359375,246.0,0.0267333984375,4.58319091796875,0.8642857142857143,bali
CURsUyvi.jpg,,test,page,lampung,0.9242169241033475,480,360,JPEG,3.3460693359375,243.0,0.0032958984375,3.64208984375,1.3333333333333333,lampung
TSJcHALM.jpg,,test,page,sunda,0.9144201562403362,700,368,JPEG,33.93182373046875,224.6666717529297,0.02435302734375,33.93194580078125,1.9021739130434783,sunda
gxSxzmWq.png,,test,page,lontara,0.7938167055577638,626,443,PNG,0.0,255.0,0.0250244140625,0.0,1.4130925507900678,lontara
KJdY1jWR.jpg,,test,page,jawa,0.891175940174203,752,564,JPEG,27.07537841796875,243.0,0.0224609375,27.0765380859375,1.3333333333333333,jawa
qO6OKcRs.jpg,,test,page,pegon,0.719509339660947,716,537,JPEG,10.49267578125,224.6666717529297,0.0047607421875,10.74188232421875,1.3333333333333333,pegon
XMWlmHYn.webp,,test,page,jawa,0.898578365970726,1200,675,WEBP,0.0,254.0,0.01214599609375,0.02569580078125,1.7777777777777777,jawa
cIvpkHsH.jpg,,test,page,jawi,0.8037328625380503,453,472,JPEG,0.0,246.0,0.0318603515625,0.0,0.9597457627118644,jawi
Y978qcT3.jpg,,test,page,lampung,0.9167926885653556,705,667,JPEG,1.186279296875,255.0,0.00189208984375,1.2581787109375,1.0569715142428786,lampung
0GsnAjkh.jpg,,test,page,lampung,0.9142052085639496,1200,677,JPEG,5.98614501953125,255.0,0.0042724609375,7.28143310546875,1.7725258493353029,lampung
UtmpkmTz.jpg,,test,page,jawa,0.7945832568926414,736,1164,JPEG,1.146728515625,246.6666717529297,0.00469970703125,2.01824951171875,0.6323024054982818,jawa
u18BMse4.jpg,,test,page,jawa,0.7093340906491851,1024,535,JPEG,10.34442138671875,118.33333587646484,0.36431884765625,10.92987060546875,1.9140186915887851,jawa
yEwOuwUz.jpg,,test,page,jawi,0.6099890465711602,1200,1599,JPEG,24.9332275390625,146.3333282470703,0.05670166015625,25.04443359375,0.7504690431519699,jawi
FNnSLEoz.jpg,,test,page,lampung,0.9171738529899454,700,700,JPEG,31.53570556640625,240.0,0.0322265625,31.58856201171875,1.0,lampung
WUwowK3j.jpg,,test,page,jawa,0.899393720271674,736,1004,JPEG,39.093505859375,203.0,0.07635498046875,45.2437744140625,0.7330677290836654,jawa
3nA3W49u.jpg,,test,page,pegon,0.8674175906701102,588,971,JPEG,7.38323974609375,130.6666717529297,0.06219482421875,7.5845947265625,0.6055612770339855,pegon
nq6bdC2J.jpg,,test,page,jawa,0.808522718474074,330,549,JPEG,4.1673583984375,238.0,0.0,4.98663330078125,0.6010928961748634,jawa
0QmUSo8n.jpg,,test,page,jawa,0.7003177692468544,774,947,JPEG,9.7750244140625,118.0,0.41009521484375,10.705078125,0.8173178458289335,jawa
kSLTls5b.jpg,,test,page,jawi,0.654518703672226,768,1024,JPEG,12.60968017578125,249.0,0.00946044921875,15.319091796875,0.75,jawi
cGozUXSG.jpg,,test,page,lampung,0.9143562631753632,790,445,JPEG,13.75640869140625,241.0,0.04473876953125,17.85479736328125,1.7752808988764044,lampung
hqJ103Sp.jpg,,test,page,bali,0.673960277459884,1024,768,JPEG,30.30224609375,144.0,0.19903564453125,30.3988037109375,1.3333333333333333,bali
raGbK5Tu.png,,test,page,jawa,0.8467494885402431,625,630,PNG,47.7655029296875,153.3333282470703,0.390869140625,47.7655029296875,0.9920634920634921,jawa
qATEq0HP.jpg,,test,page,jawa,0.6069434472897933,414,276,JPEG,2.98309326171875,255.0,0.0147705078125,4.01385498046875,1.5,jawa
oMiIYb91.jpg,,test,page,pegon,0.590560513124566,1366,616,JPEG,0.0,218.0,0.023681640625,0.0,2.2175324675324677,pegon
pZsW1GoY.jpg,,test,page,bali,0.9209610780491368,1200,800,JPEG,70.59375,194.3333282470703,0.03497314453125,70.62396240234375,1.5,bali
hSxVaXor.jpg,,test,page,bali,0.921448822734814,739,492,JPEG,105.90283203125,187.6666717529297,0.071044921875,105.90289306640625,1.5020325203252032,bali
fCHu0AYO.jpg,,test,page,pegon,0.9340826279854362,1060,597,JPEG,16.664306640625,157.3333282470703,0.1083984375,17.05523681640625,1.7755443886097153,pegon
fgVE5ccy.png,,test,page,jawa,0.7156472366079736,864,864,PNG,0.0,255.0,0.02447509765625,0.0,1.0,jawa
myxkjkgQ.webp,,test,page,bali,0.931603509753158,1200,675,WEBP,95.2032470703125,170.0,0.0814208984375,95.3441162109375,1.7777777777777777,bali
OEWabCe7.jpg,,test,page,lampung,0.9177252490179248,790,444,JPEG,1.71527099609375,254.0,0.01666259765625,1.71600341796875,1.7792792792792793,lampung
z2vsKyPU.jpg,,test,page,lontara,0.8913997311231361,500,272,JPEG,65.41064453125,191.3333282470703,0.0404052734375,65.41064453125,1.838235294117647,lontara
CXBsxs5B.png,,test,page,jawi,0.7747785481433449,895,260,PNG,1.1309814453125,255.0,0.03857421875,1.13214111328125,3.4423076923076925,jawi
Orjz0RPU.jpg,,test,page,bali,0.4286037669319458,347,280,JPEG,16.96356201171875,173.6666717529297,0.00537109375,17.47601318359375,1.2392857142857143,bali
a5zGM5iK.jpg,,test,page,lampung,0.9130008708189148,1200,675,JPEG,0.0,255.0,0.059814453125,0.0,1.7777777777777777,lampung
oam3a8sH.png,,test,page,bali,0.9159095778110852,750,375,PNG,130.95855712890625,112.33333587646484,0.1337890625,154.16943359375,2.0,bali
731K7Cai.jpg,,test,page,bali,0.7807821263379106,768,1024,JPEG,44.11859130859375,194.6666717529297,0.02490234375,44.11859130859375,0.75,bali
dUllUsCz.jpg,,test,page,jawi,0.6394197805006488,960,1449,JPEG,29.73773193359375,92.0,0.54376220703125,29.74237060546875,0.6625258799171843,jawi
feCJMsmX.png,,test,page,lontara,0.9121831819448382,437,703,PNG,90.49566650390625,148.0,0.289794921875,90.5946044921875,0.6216216216216216,lontara
54J05dmZ.png,,test,page,lampung,0.4475102104204397,905,1280,PNG,37.8406982421875,220.6666717529297,0.1317138671875,62.89422607421875,0.70703125,lampung
edRKaasR.jpg,,test,page,sunda,0.8588297023226502,768,1024,JPEG,1.79339599609375,255.0,0.00115966796875,1.80694580078125,0.75,sunda
JYfbeH12.jpg,,test,page,jawa,0.8126047673772788,1024,768,JPEG,49.6368408203125,107.33333587646484,0.425048828125,49.71978759765625,1.3333333333333333,jawa
MCWevjoy.jpg,,test,page,lontara,0.9331723168470996,657,720,JPEG,16.6968994140625,183.3333282470703,0.07550048828125,17.3297119140625,0.9125,lontara
tKOzQYKm.png,,test,page,jawa,0.8999719511373663,840,450,PNG,104.62054443359375,154.6666717529297,0.15875244140625,104.7474365234375,1.8666666666666667,jawa
59tDe5Gv.webp,,test,page,jawi,0.827096073771283,2048,2899,WEBP,7.7041015625,172.3333282470703,0.0341796875,8.19464111328125,0.7064505001724732,jawi
6VezOnWn.jpg,,test,page,pegon,0.9302919844722662,889,500,JPEG,4.1817626953125,152.3333282470703,0.1439208984375,8.04608154296875,1.778,pegon
AnSP4JJ3.jpg,,test,page,bali,0.6286531145808745,870,653,JPEG,20.66229248046875,101.33333587646484,0.486572265625,21.37652587890625,1.332312404287902,bali
Krjvxple.jpg,,test,page,pegon,0.5707987644980961,1700,2313,JPEG,59.00616455078125,217.6666717529297,0.0130615234375,59.00616455078125,0.7349762213575444,pegon
dfssXIo8.jpg,,test,page,jawi,0.5917534831242397,1280,720,JPEG,46.71783447265625,119.0,0.39703369140625,46.759765625,1.7777777777777777,jawi
OeILLbO4.jpg,,test,page,bali,0.9260555952040624,665,374,JPEG,0.85174560546875,254.6666717529297,0.10858154296875,1.041748046875,1.7780748663101604,bali
bn00IwdS.jpg,,test,page,jawi,0.6527392038499159,2448,3696,JPEG,29.6834716796875,92.0,0.5433349609375,29.68585205078125,0.6623376623376623,jawi
KEBMdQDz.jpg,,test,page,jawa,0.895569704079875,1024,1024,JPEG,17.9427490234375,255.0,0.00909423828125,18.6856689453125,1.0,jawa
u8gRNSJu.jpg,,test,page,lampung,0.2676553591663507,768,1024,JPEG,0.0,255.0,0.00054931640625,0.0,0.75,lampung
4Pc0Kc1p.jpg,,test,page,pegon,0.9232572654450109,830,556,JPEG,0.0,253.0,0.00927734375,0.0,1.4928057553956835,pegon
eiFKAMFN.png,,test,page,jawa,0.8945026022501434,2822,1698,PNG,0.0,255.0,0.06463623046875,0.0,1.6619552414605419,jawa
XOb5w4Tj.jpg,,test,page,lampung,0.9242942305304436,768,1024,JPEG,3.1787109375,255.0,0.00262451171875,5.7777099609375,0.75,lampung
dZIHQ6IO.jpg,,test,page,lontara,0.9376639339859352,1200,800,JPEG,68.2698974609375,104.0,0.48291015625,68.27703857421875,1.5,lontara
PgHL2J1Y.jpg,,test,page,lampung,0.9271090842593828,400,300,JPEG,9.513671875,255.0,0.01129150390625,11.547119140625,1.3333333333333333,lampung
NHCgSr47.jpg,,test,page,pegon,0.8350882254467973,740,454,JPEG,56.37396240234375,187.6666717529297,0.148193359375,56.3802490234375,1.6299559471365639,pegon
40oY2xIY.jpg,,test,page,pegon,0.2983813424512588,1600,1100,JPEG,26.484130859375,193.3333282470703,0.01422119140625,30.43902587890625,1.4545454545454546,pegon
BNarjjGj.png,,test,page,lampung,0.9152817044113434,1200,800,PNG,0.80230712890625,255.0,0.05230712890625,1.2760009765625,1.5,lampung
uZCXeRsn.jpg,,test,page,jawa,0.8787256368464529,404,316,JPEG,10.77923583984375,225.6666717529297,0.0291748046875,10.77923583984375,1.2784810126582278,jawa
hiiIL22I.jpg,,test,page,sunda,0.8999246095742995,932,719,JPEG,45.7811279296875,202.3333282470703,0.12530517578125,45.850341796875,1.2962447844228095,sunda
bVqDZDkZ.jpg,,test,page,lampung,0.918000127523762,800,800,JPEG,52.3043212890625,167.6666717529297,0.14825439453125,57.4166259765625,1.0,lampung
NlR91Rwp.webp,,test,page,pegon,0.9293674643687164,710,473,WEBP,43.59039306640625,132.6666717529297,0.2137451171875,43.6793212890625,1.5010570824524312,pegon
w3IjrsOh.jpg,,test,page,jawi,0.8237019264202422,5664,4248,JPEG,11.41485595703125,70.0,0.5849609375,11.574951171875,1.3333333333333333,jawi
JPtO2j4w.jpg,,test,page,pegon,0.9405541819417744,800,535,JPEG,30.67938232421875,159.0,0.1715087890625,30.74957275390625,1.4953271028037383,pegon
XHbRwo0Z.jpg,,test,page,jawi,0.683723035092936,400,290,JPEG,1.18963623046875,252.0,0.03399658203125,5.13726806640625,1.3793103448275863,jawi
m2kSqjTS.png,,test,page,jawa,0.8978290638504332,1299,1672,PNG,75.08270263671875,138.6666717529297,0.078857421875,75.0828857421875,0.7769138755980861,jawa
wNwpg3Ar.jpg,,test,page,jawi,0.8669274858728541,300,400,JPEG,45.07391357421875,163.3333282470703,0.10565185546875,46.21630859375,0.75,jawi
eSQjEze4.jpg,,test,page,pegon,0.9059212223933432,300,407,JPEG,9.85882568359375,228.3333282470703,0.001708984375,9.87548828125,0.7371007371007371,pegon
NbEwAuct.jpg,,test,page,lampung,0.9225165860199448,1000,430,JPEG,0.0,255.0,0.1907958984375,0.0,2.3255813953488373,lampung
Li8nbn2t.jpg,,test,page,jawi,0.8501397318472372,2288,3612,JPEG,18.2674560546875,130.6666717529297,0.08941650390625,18.26885986328125,0.6334440753045404,jawi
K9e8TMyg.jpg,,test,page,jawa,0.8988782562541735,448,323,JPEG,0.3087158203125,241.0,0.03961181640625,0.3375244140625,1.3869969040247678,jawa
3asehMfn.jpg,,test,page,lampung,0.9140917284019172,1280,720,JPEG,34.97186279296875,160.3333282470703,0.22369384765625,35.22894287109375,1.7777777777777777,lampung
hhV3ZKbu.jpg,,test,page,pegon,0.9305080833201694,696,461,JPEG,38.10760498046875,111.66666412353516,0.374267578125,38.12896728515625,1.509761388286334,pegon
VJM1WbBN.jpg,,test,page,lampung,0.9091725865055768,579,530,JPEG,199.03240966796875,147.6666717529297,0.07904052734375,199.0692138671875,1.0924528301886793,lampung
c8MnpMk4.jpg,,test,page,lampung,0.9167612460836134,1200,1200,JPEG,12.2242431640625,255.0,0.02764892578125,12.2332763671875,1.0,lampung
kJJAyZKM.jpg,,test,page,jawa,0.8891645144419659,768,512,JPEG,39.68475341796875,180.0,0.01361083984375,39.68670654296875,1.5,jawa
MUAVkDjK.jpg,,test,page,lontara,0.9242241914575428,600,450,JPEG,84.17254638671875,119.66666412353516,0.18988037109375,84.1829833984375,1.3333333333333333,lontara
BzZAMGZC.jpg,,test,page,jawa,0.897666584727915,1150,1500,JPEG,0.07550048828125,255.0,0.0340576171875,0.07659912109375,0.7666666666666667,jawa
5p0Dj1Vk.webp,,test,page,sunda,0.9032776479942524,678,828,WEBP,0.21588134765625,254.0,0.066650390625,0.28216552734375,0.8188405797101449,sunda
zMMYfB6o.jpg,,test,page,jawa,0.8950817481936142,1200,677,JPEG,162.87347412109375,148.6666717529297,0.05987548828125,162.87359619140625,1.7725258493353029,jawa
1aQ8f5iK.png,,test,page,lontara,0.8910772843893323,82,633,PNG,5.94549560546875,255.0,0.0069580078125,11.03948974609375,0.12954186413902052,lontara
rWnMvbQk.jpg,,test,page,lampung,0.9174843147607292,840,840,JPEG,11.42047119140625,235.0,0.0052490234375,13.54071044921875,1.0,lampung
ZebzJoUL.jpg,,test,page,jawa,0.4915178994546271,236,312,JPEG,1.00543212890625,254.0,0.0093994140625,1.177001953125,0.7564102564102564,jawa
ycdhjkBF.png,,test,page,lontara,0.9169408452646344,1160,676,PNG,0.0,255.0,0.03497314453125,0.0,1.7159763313609468,lontara
uP9TwtV2.jpg,,test,page,jawa,0.9019872768646956,960,720,JPEG,29.34454345703125,225.6666717529297,0.02716064453125,49.013427734375,1.3333333333333333,jawa
4Jij6v9g.jpg,,test,page,jawa,0.8170375167970636,1024,1024,JPEG,124.548095703125,143.3333282470703,0.22528076171875,124.80511474609375,1.0,jawa
UzaG4Ggg.jpg,,test,page,pegon,0.9201880130179636,612,408,JPEG,78.00091552734375,142.3333282470703,0.0626220703125,78.0013427734375,1.5,pegon
X5VKmeBa.jpg,,test,page,lampung,0.9143181397169976,399,501,JPEG,91.6871337890625,33.33333206176758,0.774169921875,92.72442626953125,0.7964071856287425,lampung
aaqExlVp.jpg,,test,page,lontara,0.9244544183121988,870,660,JPEG,0.0,231.0,0.14508056640625,0.0,1.3181818181818181,lontara
HOYLoAta.jpg,,test,page,jawa,0.8866216811192983,620,350,JPEG,3.15496826171875,255.0,0.00042724609375,3.5057373046875,1.7714285714285714,jawa
vvTcbLTG.jpg,,test,page,lampung,0.8959483820583627,1920,1080,JPEG,93.33355712890625,162.6666717529297,0.071533203125,93.3336181640625,1.7777777777777777,lampung
xKb8yzNs.jpg,,test,page,lampung,0.9164773613153508,700,500,JPEG,2.4580078125,249.3333282470703,0.024658203125,2.4769287109375,1.4,lampung
QzYrzlso.webp,,test,page,jawa,0.8930807987155719,1200,1200,WEBP,73.0074462890625,203.6666717529297,0.03466796875,73.00946044921875,1.0,jawa
ol8RyevU.jpg,,test,page,jawa,0.880892958361969,1280,720,JPEG,1.93157958984375,163.3333282470703,0.1322021484375,3.85003662109375,1.7777777777777777,jawa
dRCVp0zD.jpg,,test,page,lontara,0.9291434682204072,1200,630,JPEG,185.1279296875,166.0,0.29754638671875,186.11090087890625,1.9047619047619047,lontara
5CHegCkK.jpg,,test,page,lontara,0.9209470039197044,741,400,JPEG,161.2774658203125,124.66666412353516,0.0,161.2774658203125,1.8525,lontara
Bp5dKMs8.jpg,,test,page,sunda,0.3678050301842924,992,1256,JPEG,2.169189453125,187.3333282470703,0.002197265625,2.200439453125,0.7898089171974523,sunda
HDUihU2T.jpg,,test,page,jawa,0.9011982138901652,250,357,JPEG,32.41326904296875,224.3333282470703,0.0125732421875,32.42041015625,0.7002801120448179,jawa
aOLaO5JM.jpg,,test,page,lampung,0.911194167941962,640,480,JPEG,11.0025634765625,147.6666717529297,0.485107421875,12.14739990234375,1.3333333333333333,lampung
ZKfXeHba.jpg,,test,page,pegon,0.8970730873843076,5664,4248,JPEG,17.01593017578125,140.3333282470703,0.29998779296875,17.3309326171875,1.3333333333333333,pegon
RzcsA0iU.jpg,,test,page,jawa,0.8872141837962877,270,300,JPEG,49.1339111328125,164.6666717529297,0.02880859375,49.13409423828125,0.9,jawa
lYKRQ4Ej.jpg,,test,page,jawa,0.5673096179174499,500,252,JPEG,6.79736328125,225.0,0.0006103515625,7.4598388671875,1.9841269841269842,jawa
xHufZeXk.jpg,,test,page,pegon,0.9206495068106652,1024,576,JPEG,114.61566162109375,137.0,0.0892333984375,114.61566162109375,1.7777777777777777,pegon
pqiXIbz1.jpg,,test,page,jawa,0.8952168875621664,260,280,JPEG,0.0,255.0,0.02685546875,0.0,0.9285714285714286,jawa
gZ6JRRo1.jpg,,test,page,jawa,0.8949749473773148,320,266,JPEG,0.11639404296875,255.0,0.02490234375,0.1456298828125,1.2030075187969924,jawa
1bSnuvCQ.jpg,,test,page,lontara,0.769243947306314,4608,3456,JPEG,16.181396484375,182.0,0.18377685546875,16.2320556640625,1.3333333333333333,lontara
w1TYNXxv.png,,test,page,bali,0.9238184758567602,864,864,PNG,0.0,255.0,0.0435791015625,0.0,1.0,bali
9uBBnvVC.jpg,,test,page,lampung,0.9173617893082684,1280,720,JPEG,32.40911865234375,219.0,0.12646484375,34.72882080078125,1.7777777777777777,lampung
gwK0nORp.jpg,,test,page,jawa,0.8882479568109091,301,276,JPEG,63.6148681640625,140.6666717529297,0.11260986328125,63.7020263671875,1.0905797101449275,jawa
dvQD5M5A.jpg,,test,page,jawa,0.905703155896986,770,434,JPEG,19.164306640625,244.0,0.01007080078125,23.39007568359375,1.7741935483870968,jawa
nMQ4F1xT.jpg,,test,page,pegon,0.9179578150924594,679,455,JPEG,74.40582275390625,139.3333282470703,0.35198974609375,74.59637451171875,1.4923076923076923,pegon
j9Sd0Ui3.webp,,test,page,jawa,0.9045617029801484,700,465,WEBP,0.113525390625,255.0,0.0,0.14117431640625,1.5053763440860215,jawa
dox3Caag.jpg,,test,page,lampung,0.9110085544307654,310,320,JPEG,0.50189208984375,251.0,0.05682373046875,0.64324951171875,0.96875,lampung
CO9rKb3f.png,,test,page,jawa,0.4591069046862969,1001,280,PNG,199.84332275390625,77.0,0.9896240234375,199.85394287109375,3.575,jawa
GYZj43GE.jpg,,test,page,lampung,0.9251535203290884,768,1024,JPEG,0.4306640625,255.0,0.000244140625,0.49346923828125,0.75,lampung
uT2vYMoU.jpg,,test,page,pegon,0.932845988306322,1200,675,JPEG,21.3536376953125,148.0,0.10693359375,21.368408203125,1.7777777777777777,pegon
bop5vEvK.png,,test,page,jawa,0.8993643144883011,993,558,PNG,104.62841796875,155.3333282470703,0.15643310546875,104.755859375,1.7795698924731183,jawa
3XYHokqa.png,,test,page,lontara,0.9219465187352752,404,316,PNG,13.5433349609375,44.66666793823242,0.974609375,18.411376953125,1.2784810126582278,lontara
93NRlevh.jpg,,test,page,lampung,0.3171601522333153,628,1141,JPEG,12.05206298828125,243.3333282470703,0.0164794921875,13.587890625,0.5503943908851884,lampung
fpIL7VTV.jpg,,test,page,pegon,0.921481436150908,750,544,JPEG,32.151123046875,133.3333282470703,0.18182373046875,32.16094970703125,1.3786764705882353,pegon
bO7P6Bkt.png,,test,page,jawa,0.89315978785653,1200,800,PNG,3.94122314453125,255.0,0.0216064453125,5.51092529296875,1.5,jawa
x8uS9FTz.png,,test,page,sunda,0.9055190436897902,1280,671,PNG,0.92974853515625,255.0,0.08966064453125,0.929931640625,1.9076005961251863,sunda
FFjj4Gt3.jpg,,test,page,sunda,0.8749438720340524,812,1024,JPEG,40.02752685546875,134.0,0.117919921875,40.027587890625,0.79296875,sunda
WPH4MRoI.jpg,,test,page,sunda,0.2389677655927498,768,1024,JPEG,0.0,255.0,0.00054931640625,0.0,0.75,sunda
JDK2V2xX.jpg,,test,page,lontara,0.9256415684788424,868,868,JPEG,34.52813720703125,118.33333587646484,0.0001220703125,73.5869140625,1.0,lontara
DA4kTYgw.jpg,,test,page,lampung,0.7825452357567567,500,500,JPEG,45.50677490234375,225.6666717529297,0.008056640625,45.7994384765625,1.0,lampung
Zz2volKH.jpg,,test,page,jawi,0.6971650524807733,1200,800,JPEG,9.77764892578125,255.0,0.0048828125,10.10693359375,1.5,jawi
NDvBjnG7.jpg,,test,page,jawa,0.9062635358861691,502,720,JPEG,4.25115966796875,244.3333282470703,0.0101318359375,4.29290771484375,0.6972222222222222,jawa
9HLf4SFI.jpg,,test,page,jawa,0.815338500809402,1080,1080,JPEG,37.4405517578125,202.0,0.07415771484375,37.48651123046875,1.0,jawa
5qer90We.jpg,,test,page,lontara,0.856408435104472,640,480,JPEG,21.79437255859375,181.6666717529297,0.3153076171875,21.85040283203125,1.3333333333333333,lontara
z1R8PWlY.jpg,,test,page,lontara,0.858470734215787,1024,538,JPEG,0.0,240.0,0.00335693359375,0.0,1.903345724907063,lontara
MBKVuyos.jpg,,test,page,jawa,0.8869332567539283,260,280,JPEG,29.4827880859375,215.3333282470703,0.05487060546875,29.4942626953125,0.9285714285714286,jawa
dozYNIIq.jpg,,test,page,pegon,0.611870999371184,875,535,JPEG,23.143798828125,99.66666412353516,0.500244140625,24.806640625,1.6355140186915889,pegon
hFzwSHJo.jpg,,test,page,jawa,0.8944856358997354,800,500,JPEG,78.604248046875,193.6666717529297,0.09674072265625,78.70928955078125,1.6,jawa
DKYyzKJl.webp,,test,page,lampung,0.911892782596763,800,449,WEBP,17.166748046875,235.0,0.17840576171875,19.24237060546875,1.78173719376392,lampung
KrSZbpXE.webp,,test,page,jawa,0.8978520325541306,1200,675,WEBP,0.0,255.0,0.02447509765625,0.03326416015625,1.7777777777777777,jawa
lWLK4H0M.jpg,,test,page,jawa,0.8376092197353021,686,386,JPEG,5.44244384765625,167.0,0.17755126953125,5.712890625,1.7772020725388602,jawa
YM3XRFaS.jpg,,test,page,jawi,0.4982493439018828,1024,678,JPEG,26.45526123046875,135.0,0.1986083984375,31.0479736328125,1.5103244837758112,jawi
VrkXL7CM.jpg,,test,page,lampung,0.916333474749458,674,505,JPEG,7.9537353515625,117.33333587646484,0.2991943359375,10.22698974609375,1.3346534653465347,lampung
L5aixmxr.jpg,,test,page,jawi,0.8541362636842702,1200,675,JPEG,0.0,255.0,0.01177978515625,0.0,1.7777777777777777,jawi
mPJCe6hs.jpg,,test,page,jawa,0.8931109891302788,600,400,JPEG,85.0787353515625,131.3333282470703,0.11566162109375,85.0830078125,1.5,jawa
WcjGi7bD.jpg,,test,page,lontara,0.9302890860172646,433,559,JPEG,2.8843994140625,247.0,0.01629638671875,3.5576171875,0.774597495527728,lontara
R180IYOy.jpg,,test,page,jawi,0.8046089877658276,900,1200,JPEG,21.57012939453125,194.0,0.1876220703125,21.64678955078125,0.75,jawi
oRHEsOjD.jpg,,test,page,pegon,0.4859492926364628,1123,816,JPEG,59.33502197265625,185.6666717529297,0.0040283203125,59.34576416015625,1.3762254901960784,pegon
a9Fj36gc.jpg,,test,page,pegon,0.907307273379377,610,409,JPEG,22.15972900390625,188.3333282470703,0.031005859375,22.1773681640625,1.4914425427872862,pegon
ZiyyJUyV.jpg,,test,page,jawa,0.9058749965112723,1200,672,JPEG,6.61566162109375,233.0,0.134033203125,8.964599609375,1.7857142857142858,jawa
1yKxPNOF.jpg,,test,page,jawi,0.6820882486050561,728,450,JPEG,0.92620849609375,255.0,0.00244140625,1.00103759765625,1.6177777777777778,jawi
d8vlc36Q.jpg,,test,page,jawi,0.8241012704742718,840,672,JPEG,3.3109130859375,143.0,0.0552978515625,3.71051025390625,1.25,jawi
bnfVNZsA.jpg,,test,page,sunda,0.6484007912086526,977,570,JPEG,0.198974609375,254.0,0.0567626953125,0.49407958984375,1.7140350877192982,sunda
VznA3kbQ.jpg,,test,page,jawa,0.4696924715816467,2512,1752,JPEG,1.03216552734375,255.0,0.0001220703125,1.07037353515625,1.4337899543378996,jawa
mVeOzpW4.jpg,,test,page,pegon,0.7495990307877084,245,400,JPEG,91.95220947265625,158.6666717529297,0.1192626953125,91.97100830078125,0.6125,pegon
AOijj7wu.jpg,,test,page,bali,0.7596784680141893,675,450,JPEG,64.92767333984375,126.33333587646484,0.20745849609375,65.70355224609375,1.5,bali
pqfcNQl2.jpg,,test,page,pegon,0.927904397097645,673,373,JPEG,43.65423583984375,132.6666717529297,0.21429443359375,43.7420654296875,1.804289544235925,pegon
ErQMK3aS.jpg,,test,page,jawa,0.8958959449747923,376,484,JPEG,75.36468505859375,139.3333282470703,0.07781982421875,75.3873291015625,0.7768595041322314,jawa
tZXzX4LT.jpg,,test,page,lampung,0.543287879410599,1079,1015,JPEG,0.0,255.0,0.02001953125,0.0,1.0630541871921182,lampung
x6XqsJiB.jpg,,test,page,lampung,0.9216100696556762,768,1024,JPEG,0.1512451171875,255.0,0.0,0.23944091796875,0.75,lampung
CAtOcJgM.webp,,test,page,pegon,0.9219262943606672,1200,675,WEBP,21.97039794921875,139.0,0.19097900390625,22.92730712890625,1.7777777777777777,pegon
0wyhwwt2.jpg,,test,page,pegon,0.6693250056317093,475,267,JPEG,37.4495849609375,98.66666412353516,0.50750732421875,37.5611572265625,1.7790262172284643,pegon
ldyaKhEA.jpg,,test,page,jawa,0.8174207844596812,358,1024,JPEG,0.0,252.0,0.03369140625,0.0,0.349609375,jawa
NCCpBo66.jpg,,test,page,lampung,0.9172666392345336,1000,1414,JPEG,27.37139892578125,241.6666717529297,0.00628662109375,28.3919677734375,0.7072135785007072,lampung
BWwQs87e.jpg,,test,page,pegon,0.7923274933429875,850,803,JPEG,9.27099609375,119.33333587646484,0.2196044921875,9.81884765625,1.0585305105853051,pegon
edJIl8Kh.jpg,,test,page,bali,0.9264232535901696,495,640,JPEG,1.46856689453125,255.0,0.0,1.47027587890625,0.7734375,bali
D5zDImAS.jpg,,test,page,lampung,0.9103774839304608,736,1308,JPEG,20.1104736328125,244.0,0.1033935546875,20.25616455078125,0.5626911314984709,lampung
0w9yioJV.png,,test,page,pegon,0.7942211679667657,638,479,PNG,46.9859619140625,195.0,0.09259033203125,47.05706787109375,1.3319415448851775,pegon
Z9wTjC40.png,,test,page,bali,0.7677163638594068,595,842,PNG,62.12127685546875,196.0,0.02593994140625,71.2825927734375,0.7066508313539193,bali
ML8Xiqip.jpg,,test,page,pegon,0.8532895566485464,453,642,JPEG,43.52581787109375,182.3333282470703,0.01434326171875,43.52862548828125,0.705607476635514,pegon
Pye0QO61.jpg,,test,page,pegon,0.9260540190227036,245,300,JPEG,66.962646484375,139.6666717529297,0.03985595703125,66.962646484375,0.8166666666666667,pegon
HJRFkhWu.webp,,test,page,lontara,0.9206117547934042,1200,675,WEBP,78.88507080078125,187.0,0.0611572265625,85.29345703125,1.7777777777777777,lontara
fJmQsHZ2.jpg,,test,page,pegon,0.9222402521982632,1200,675,JPEG,0.0,231.0,0.0008544921875,0.0,1.7777777777777777,pegon
hkcIa6sl.jpg,,test,page,jawi,0.815880823600048,570,932,JPEG,72.791015625,153.6666717529297,0.06378173828125,72.791015625,0.6115879828326181,jawi
CaBDFN2e.jpg,,test,page,bali,0.9318177821488728,1284,1011,JPEG,10.72686767578125,0.3333333432674408,0.8760986328125,10.77996826171875,1.2700296735905046,bali
ZRD0PMLB.jpg,,test,page,jawa,0.8888770357384799,1500,1600,JPEG,1.0338134765625,255.0,0.16607666015625,1.033935546875,0.9375,jawa
rAHK0E32.jpg,,test,page,lampung,0.919151163905655,600,423,JPEG,72.07977294921875,206.6666717529297,0.07928466796875,72.08453369140625,1.4184397163120568,lampung
fLQ84oD6.jpg,,test,page,jawa,0.5784968970213834,1200,799,JPEG,7.4063720703125,74.0,0.72320556640625,7.8319091796875,1.5018773466833542,jawa
k6yv0IDG.png,,test,page,sunda,0.9017014284056458,1500,500,PNG,0.0,255.0,0.011474609375,0.0,3.0,sunda
wKwx8cCl.jpg,,test,page,pegon,0.5913150160650325,500,690,JPEG,55.3883056640625,221.0,0.0059814453125,55.392822265625,0.7246376811594203,pegon
XHYDtihP.jpg,,test,page,bali,0.8791675415528222,870,1160,JPEG,20.260009765625,57.0,0.9677734375,20.4375,0.75,bali
Dhc3vAQj.jpg,,test,page,bali,0.9193957878191836,1108,1477,JPEG,21.41729736328125,166.0,0.19012451171875,25.40570068359375,0.7501692620176033,bali
CMo54J89.jpg,,test,page,jawa,0.4855879464737871,634,634,JPEG,33.92205810546875,90.0,0.5867919921875,36.90093994140625,1.0,jawa
LoxzO9bz.png,,test,page,bali,0.5499880319772082,864,864,PNG,0.0,255.0,0.04278564453125,0.0,1.0,bali
mNAn6g2p.jpg,,test,page,bali,0.9330952728245288,1108,1477,JPEG,9.86065673828125,169.3333282470703,0.06719970703125,15.74627685546875,0.7501692620176033,bali
2YSySWcS.jpg,,test,page,bali,0.9288488428353368,1477,1108,JPEG,29.50701904296875,106.0,0.4554443359375,35.93121337890625,1.3330324909747293,bali
WAwRYLGo.jpg,,test,page,jawa,0.6641566852216856,500,396,JPEG,51.61029052734375,202.6666717529297,0.0,51.61029052734375,1.2626262626262625,jawa
BCm3HwjR.jpg,,test,page,sunda,0.3483834604489005,640,375,JPEG,15.327880859375,126.66666412353516,0.3148193359375,15.6781005859375,1.7066666666666668,sunda
WRwiRSHE.png,,test,page,bali,0.9172803028776848,694,461,PNG,29.68621826171875,223.5,0.05126953125,29.866455078125,1.5054229934924077,bali
