image_id,ctype,silver,sim,twin,v1,v2,v3,h,w,content_h_frac,bar_rows,bar_noisy,streak_frac,ink_frac_pp,pp_aspect,colourful,sharp,v2_ok
qA1ZrD98.png,line,lampung,0.861624,xRVYH2Wt.png,lampung,lampung,lampung,47,148,1.0,0.0,0.0,0.5945945945945946,0.1437607820586544,3.148936170212766,0.0,4.2202372550964355,True
G4lDbpor.png,line,jawi,0.9374988,pXiAetoy.png,jawi,jawi,jawi,70,407,0.5571428571428572,0.0,0.0,0.8427518427518428,0.16553369111508645,9.069767441860465,0.0,6.272993087768555,True
OQTuij3P.png,block,pegon,0.7764405,3YQhv7gK.png,pegon,pegon,pegon,138,160,1.0,0.0,0.0,0.18125,0.19479166666666667,1.1594202898550725,6.516757011413574,2.9491705894470215,True
VJtZBYhT.png,line,jawi,0.79129994,ErsHzyfq.png,pegon,pegon,pegon,102,392,1.0,0.0,0.0,0.02040816326530612,0.3461065888496391,3.7549019607843137,17.39520835876465,1.2285841703414917,False
m5VeP6bO.png,line,jawi,0.915341,0HGBgMZi.png,jawi,jawi,jawi,63,357,1.0,0.0,0.0,0.7591036414565826,0.16225749559082892,5.428571428571429,0.0,5.832296848297119,True
SnCZ4PQw.png,block,pegon,0.81696993,3mcFdk7G.png,pegon,pegon,pegon,146,170,1.0,0.0,0.0,0.0058823529411764705,0.1732070910556003,1.1643835616438356,30.995084762573242,1.3862969875335693,True
vDh3sqrP.png,line,sunda,0.8732388,1u2I4e7K.png,sunda,sunda,sunda,43,798,0.813953488372093,0.0,0.0,0.5288220551378446,0.20194741966893864,20.256410256410255,0.0,5.659972667694092,True
i3o0uiBI.png,block,pegon,0.8152083,3YQhv7gK.png,pegon,pegon,pegon,143,168,1.0,0.0,0.0,0.19047619047619047,0.20096570096570096,1.1748251748251748,47.52081298828125,1.0860718488693237,True
inXsqhEY.png,block,sunda,0.90122163,S2FxkwQy.png,sunda,sunda,sunda,55,82,0.9090909090909091,0.0,0.0,0.32926829268292684,0.3101945003353454,1.6904761904761905,0.0,5.196221828460693,True
FsRveb1q.png,block,pegon,0.9277303,QFDYs1zj.png,pegon,pegon,pegon,141,150,1.0,0.0,0.0,0.22,0.18189125295508274,1.0638297872340425,0.0,5.61211633682251,True
lYmPrQa7.png,block,pegon,0.92959046,F2izSnYq.png,pegon,pegon,pegon,138,143,1.0,0.0,0.0,0.3146853146853147,0.17021384412688761,1.036231884057971,0.0,5.638771057128906,True
JM5Rlwfw.png,block,pegon,0.79113823,3YQhv7gK.png,pegon,pegon,pegon,124,134,1.0,0.0,0.0,0.0,0.2811747713047665,1.0806451612903225,29.018295288085938,1.7047494649887085,True
sXLZOJSp.jpg,block,jawa,0.80496,crv2qL3d.jpg,lampung,lampung,lampung,243,300,1.0,0.07407407407407407,0.06584362139917696,0.0,0.18923182441700961,1.2345679012345678,45.799354553222656,4.073277950286865,False
xKDQ2khc.png,glyph,jawi,0.791735,TxG9PdgC.png,jawi,jawi,jawi,55,76,0.9818181818181818,0.0,0.0,0.5263157894736842,0.23608391608391607,1.1818181818181819,8.659808158874512,1.6731985807418823,True
S9OQQwUs.png,block,pegon,0.9163308,4da6zWMs.png,pegon,pegon,pegon,121,134,1.0,0.0,0.0,0.2835820895522388,0.19464660170223264,1.1074380165289257,0.0,5.437971591949463,True
aYPxmfJH.png,block,pegon,0.7510679,3YQhv7gK.png,jawi,jawi,jawi,79,116,0.9873417721518988,0.0,0.0,0.0,0.2539284155390659,1.4683544303797469,34.92557907104492,3.2114357948303223,False
Pe5YLNR7.png,line,jawa,0.75080407,TAAqV9K9.png,lontara,lontara,lontara,76,865,1.0,0.0,0.0,0.5664739884393064,0.1252918417717297,10.381578947368421,0.4005628228187561,1.276893973350525,False
7WFSRZdK.png,line,sunda,0.93420684,7i8PG9Ub.png,sunda,sunda,sunda,43,214,0.7906976744186046,0.0,0.0,0.5654205607476636,0.2168856048166393,5.638888888888889,0.0,5.769423484802246,True
SkISLMsf.png,line,sunda,0.8907943,KqoNgEEr.png,sunda,sunda,sunda,46,104,0.717391304347826,0.0,0.0,0.7596153846153846,0.22724586288416077,2.611111111111111,0.0,5.881102085113525,True
na92LGMz.png,line,lontara,0.832106,ksDh5N1j.png,lontara,lontara,lontara,56,970,0.7678571428571429,0.0,0.0,0.465979381443299,0.10327083333333334,19.2,0.0,7.081362247467041,True
1ZVk0eST.png,line,lampung,0.87887275,YG6yAvc0.png,lampung,lampung,lampung,36,135,0.9166666666666666,0.0,0.0,0.7851851851851852,0.18545127974854064,3.8529411764705883,0.0,3.8264174461364746,True
fkJRTTfO.png,line,pegon,0.9653076,Btbg3dEE.png,pegon,pegon,pegon,85,820,1.0,0.0,0.0,0.4573170731707317,0.20662759568772157,9.564705882352941,0.0,5.203490257263184,True
OZQEsgPy.png,line,lampung,0.8563286,rbX8udzi.png,lampung,lampung,lampung,31,89,0.7419354838709677,0.0,0.0,0.6179775280898876,0.17906976744186046,3.44,0.0,4.936944007873535,True
jg4VFZds.jpg,block,pegon,0.8377694,14vVVl4E.png,pegon,pegon,pegon,238,300,0.9705882352941176,0.0,0.0,0.0,0.1038235294117647,1.2605042016806722,52.062171936035156,3.572047233581543,True
CnBToLjM.png,line,jawa,0.7605879,52JFCtsx.png,lontara,lontara,lontara,51,941,1.0,0.0,0.0,0.36238044633368754,0.18238239501809309,18.274509803921568,0.9088578820228577,1.0467785596847534,False
uNqqe0I4.png,line,sunda,0.77100253,CMhKnPqc.png,sunda,sunda,sunda,68,689,0.8088235294117647,0.0,0.0,0.602322206095791,0.19617486338797815,10.819672131147541,7.952403545379639,3.834033966064453,True
WBPdHXL5.png,line,jawa,0.7824302,y7L2loRm.png,jawa,jawa,jawa,65,573,1.0,0.0,0.0,0.06108202443280977,0.2835203460862512,8.753846153846155,2.170841693878174,1.1851519346237183,True
AvWpUyyu.png,block,pegon,0.8917122,yKdVboEu.png,pegon,pegon,pegon,110,119,1.0,0.0,0.0,0.6218487394957983,0.1523300229182582,1.0818181818181818,0.0,5.8610029220581055,True
ScnmEXLU.png,line,lontara,0.814626,NUd1UDvM.png,lontara,lontara,lontara,51,895,1.0,0.0,0.0,0.5832402234636872,0.10235199849170437,16.313725490196077,0.0,7.137624263763428,True
xUGmT8fC.png,line,jawa,0.7839594,19bwMYLN.png,sunda,sunda,sunda,46,800,0.8913043478260869,0.0,0.0,0.0,0.36470758540822235,17.84090909090909,9.243695259094238,2.855832576751709,False
C6hR7VXO.png,line,lontara,0.90709305,xkUMcjKo.png,lontara,lontara,lontara,51,868,0.6274509803921569,0.0,0.0,0.6025345622119815,0.1722514619883041,21.375,0.0,1.273155689239502,True
8I2L3o6S.png,line,jawa,0.8007648,1Kr2Pnpk.png,bali,bali,bali,59,1401,1.0,0.0,0.0,0.20556745182012848,0.14144223770406572,22.10169491525424,39.67736053466797,3.7003824710845947,False
Dpu9hYWa.png,line,jawi,0.7827221,aIifqU3i.png,jawi,jawi,jawi,76,804,1.0,0.0,0.0,0.060945273631840796,0.24416551246537396,10.0,9.972996711730957,1.406213641166687,True
xQjZVApr.png,block,pegon,0.8032192,3YQhv7gK.png,pegon,pegon,pegon,156,180,1.0,0.0,0.0,0.07777777777777778,0.2121082621082621,1.1538461538461537,17.901460647583008,1.0671988725662231,True
LvoCIxWk.png,line,sunda,0.9012292,8cEuXyGr.png,sunda,sunda,sunda,69,793,0.7536231884057971,0.0,0.0,0.5044136191677175,0.1796875,13.473684210526315,0.0,5.97381067276001,True
G53WDmJS.png,line,jawa,0.89376414,tl3IX4js.png,jawa,jawa,jawa,68,467,0.9852941176470589,0.0,0.0,0.7387580299785867,0.21746880570409982,6.794117647058823,0.0,4.91887903213501,True
KLS2GwTM.png,line,jawa,0.84233147,pGantmFT.png,jawa,jawa,jawa,45,402,1.0,0.0,0.0,0.007462686567164179,0.14057239057239057,8.8,2.490713119506836,3.6240453720092773,True
Pcz6TMby.png,block,pegon,0.7898092,3YQhv7gK.png,pegon,pegon,pegon,148,150,1.0,0.0,0.0,0.1,0.22666666666666666,1.0135135135135136,6.914234161376953,2.286975622177124,True
NtuvqiQ4.png,line,jawi,0.75577354,dBoBgDiR.png,jawi,jawi,jawi,66,449,1.0,0.0,0.0,0.07349665924276169,0.21703428846285988,6.681818181818182,32.363670349121094,1.7125459909439087,True
emcWShUR.png,line,jawa,0.870399,1rPuWUQc.png,jawa,jawa,jawa,67,902,1.0,0.0,0.0,0.012195121951219513,0.1604871305838918,12.73134328358209,0.0,2.418320655822754,True
svOhCBGO.png,line,sunda,0.84776556,DYeVyAyC.png,sunda,sunda,sunda,42,122,0.6190476190476191,0.0,0.0,0.45081967213114754,0.294313369630974,3.9310344827586206,0.0,5.521812915802002,True
uDeervHv.png,line,jawa,0.75106555,VutEMVio.png,lampung,lampung,lampung,56,947,1.0,0.17857142857142858,0.0,0.3706441393875396,0.19642857142857142,16.910714285714285,21.12748908996582,2.2942311763763428,False
ZjFyliaI.png,line,jawi,0.96450055,HaUlrvvF.png,jawi,jawi,jawi,96,798,1.0,0.0,0.0,0.5275689223057645,0.24488327051926298,8.291666666666666,0.0,4.819240570068359,True
zLGulVUF.png,line,jawi,0.84411514,1loLOIK0.png,pegon,pegon,pegon,88,891,1.0,0.0,0.0,0.19304152637485972,0.21243469174503657,10.114942528735632,4.866977691650391,1.9744709730148315,False
24T5SZRZ.png,line,jawa,0.9168176,3SpdonBg.png,jawa,jawa,jawa,76,1007,0.868421052631579,0.0,0.0,0.8818272095332671,0.13305633802816902,14.084507042253522,0.0,5.303364276885986,True
Osd5jaCP.png,glyph,jawi,0.77307826,Zi9CGwaW.png,jawi,jawi,jawi,26,22,0.9615384615384616,0.0,0.0,0.0,0.41025641025641024,0.8076923076923077,28.096153259277344,1.3586419820785522,True
P8cAscCZ.png,block,lampung,0.87489116,gWgjb1jF.png,lampung,lampung,lampung,89,176,0.8876404494382022,0.0,0.0,0.7102272727272727,0.08984509466437177,1.6867469879518073,0.0,8.852437019348145,True
RQ3dXMka.png,block,sunda,0.92647994,cSRKI1Eo.png,sunda,sunda,sunda,58,104,0.7931034482758621,0.0,0.0,0.7211538461538461,0.25664251207729466,1.7037037037037037,0.0,5.277387619018555,True
RCAhhZd5.png,line,lontara,0.9126348,FPuPjmRC.png,lontara,lontara,lontara,47,929,0.7872340425531915,0.0,0.0,0.7147470398277718,0.1822390349716946,22.48780487804878,0.0,5.692728519439697,True
YUSbZwlL.png,block,pegon,0.8006672,IDpHW9DT.png,pegon,pegon,pegon,156,167,1.0,0.0,0.0,0.0,0.12471211423307231,1.0705128205128205,14.591279029846191,3.9371936321258545,True
etGskeZb.png,line,lampung,0.7953799,VK4f1P3r.png,lampung,lampung,lampung,50,108,0.96,0.02,0.02,0.17592592592592593,0.11388888888888889,2.16,0.0,3.5177762508392334,True
XHfBbGro.png,line,jawa,0.8007133,ZoYW5UTA.png,bali,bali,bali,67,1199,1.0,0.0,0.0,0.0,0.16412931173988274,17.895522388059703,37.45952606201172,2.6099538803100586,False
CnD6r3Nc.png,line,sunda,0.8414122,70l0mxku.png,sunda,sunda,sunda,50,704,0.7,0.0,0.0,0.640625,0.1985461338531514,19.0,0.0,6.24450159072876,True
A8vOjcCg.png,line,jawi,0.76347625,G0WG42Z7.png,pegon,pegon,pegon,86,338,0.9302325581395349,0.0,0.0,0.15384615384615385,0.312340735347652,4.085365853658536,29.458166122436523,0.3577498495578766,False
UNtkdcp9.png,line,jawi,0.937348,vt3NspUc.png,jawi,jawi,jawi,62,509,1.0,0.0,0.0,0.6797642436149313,0.19261848265247225,8.112903225806452,0.0,5.326265335083008,True
31eEtdGH.png,line,jawa,0.8627569,2iSupLdX.png,jawa,jawa,jawa,59,598,1.0,0.0,0.0,0.0,0.14148593645586538,9.457627118644067,37.96406173706055,3.4806766510009766,True
VoJ1Xg9b.png,block,jawa,0.7581234,Dv1PC14L.png,jawa,jawa,jawa,99,96,0.797979797979798,0.0,0.0,0.052083333333333336,0.20138288677614521,0.7303370786516854,0.7270622849464417,3.5909202098846436,True
ujjDXtsH.png,block,pegon,0.94365346,WswN2D8a.png,pegon,pegon,pegon,138,144,1.0,0.0,0.0,0.3402777777777778,0.2280595813204509,1.0434782608695652,0.0,5.03191614151001,True
FBTHN0rk.jpg,block,pegon,0.8207069,w2RraQPy.jpg,pegon,pegon,pegon,172,300,0.9534883720930233,0.0,0.0,0.0,0.1387015503875969,1.744186046511628,10.322945594787598,7.6360673904418945,True
bxQcDY0h.png,line,jawa,0.8091513,1J9z8EVF.png,jawa,jawa,jawa,64,457,0.984375,0.0,0.0,0.7330415754923414,0.1376953125,7.0,0.0,5.189013957977295,True
UZkcwMR2.png,block,pegon,0.8206825,3YQhv7gK.png,pegon,pegon,pegon,128,142,1.0,0.0,0.0,0.02112676056338028,0.20994718309859156,1.109375,10.21973991394043,1.4386588335037231,True
XNKeg34p.png,block,pegon,0.8258543,3YQhv7gK.png,pegon,pegon,pegon,120,139,1.0,0.0,0.0,0.4172661870503597,0.1394484412470024,1.1583333333333334,1.9402878284454346,3.987661838531494,True
ezwvAKNA.png,line,jawi,0.81919986,fAFoe01T.png,jawi,jawi,jawi,64,260,0.578125,0.0,0.0,0.49230769230769234,0.10255102040816326,5.104166666666667,0.0,7.219178199768066,True
mgq2eH5y.png,line,jawi,0.9216198,P64Ivxum.png,jawi,jawi,jawi,66,691,0.9090909090909091,0.0,0.0,0.8480463096960926,0.18385718645102228,11.689655172413794,0.0,5.747274875640869,True
Y4p39xPf.png,block,pegon,0.77055,3mcFdk7G.png,pegon,pegon,pegon,153,169,1.0,0.0,0.0,0.0,0.1794871794871795,1.1045751633986929,49.017906188964844,2.4974758625030518,True
dNOv6cil.png,line,sunda,0.8962624,6Jj7eo3O.png,sunda,sunda,sunda,71,791,0.7464788732394366,0.0,0.0,0.4968394437420986,0.1586334745762712,13.016949152542374,0.0,6.323882102966309,True
pkr1vakn.png,line,lampung,0.9083592,O9SD6pqN.png,lampung,lampung,lampung,36,147,1.0,0.0,0.0,0.7551020408163265,0.21168582375478928,4.027777777777778,0.0,2.7641496658325195,True
jTbRy3wy.png,line,lontara,0.8406421,roSK9yTZ.png,lontara,lontara,lontara,61,776,1.0,0.0,0.0,0.6378865979381443,0.14377962342914294,12.360655737704919,0.0,6.045288562774658,True
i2Po8naX.png,line,lontara,0.8158608,QE7E32zM.png,lontara,lontara,lontara,52,952,0.7884615384615384,0.0,0.0,0.5945378151260504,0.11886387995712755,18.66,0.0,6.626530170440674,True
IFsvMMMZ.png,line,jawa,0.8980522,rDtYHUS6.png,jawa,jawa,jawa,83,933,0.9879518072289156,0.0,0.0,0.7695605573419079,0.17170643357744705,11.060240963855422,0.0,4.91489839553833,True
JxJ5O6S2.png,block,pegon,0.80505204,3mcFdk7G.png,pegon,pegon,pegon,160,164,1.0,0.0,0.0,0.0,0.15110518292682926,1.025,43.23109817504883,3.8056890964508057,True
xKOr051L.png,block,pegon,0.75066745,LBlGLJh4.png,pegon,pegon,pegon,112,129,0.9107142857142857,0.0,0.0,0.4186046511627907,0.16271957897731312,1.18348623853211,4.350429058074951,1.6085273027420044,True
2DNZmXTB.png,block,pegon,0.81408733,3YQhv7gK.png,pegon,pegon,pegon,143,140,1.0,0.0,0.0,0.14285714285714285,0.2191808191808192,0.9790209790209791,4.346203804016113,2.0810840129852295,True
KUPPAWQo.png,line,jawa,0.7963827,fVXal26M.png,jawa,jawa,jawa,56,369,1.0,0.0,0.0,0.06233062330623306,0.16450061399918134,6.232142857142857,1.8012969493865967,1.4971412420272827,True
ZkaIdXph.png,block,pegon,0.85080063,6xN5Fd2w.png,pegon,pegon,pegon,91,97,1.0,0.0,0.0,0.5051546391752577,0.13107511045655376,1.065934065934066,0.0,5.989595413208008,True
ucJ8RJ0x.png,block,pegon,0.8730165,IDpHW9DT.png,pegon,pegon,pegon,162,194,1.0,0.0,0.0,0.0,0.2579228713249332,1.1975308641975309,15.488640785217285,1.7986507415771484,True
3P33Mx6w.png,line,bali,0.7974448,4iwimPuq.png,bali,bali,bali,58,239,1.0,0.0,0.0,0.8493723849372385,0.13119727689803168,4.017241379310345,0.0,7.463197231292725,True
m8gGjDUO.png,line,jawa,0.77682626,xWAVcyUQ.png,lontara,lontara,lontara,63,949,1.0,0.0,0.0,0.3667017913593256,0.09438433258411305,14.46031746031746,19.408634185791016,2.0854570865631104,False
Ql34AEov.png,block,pegon,0.81542724,3YQhv7gK.png,pegon,pegon,pegon,152,161,0.9671052631578947,0.0,0.0,0.0,0.17101045883940622,1.0263157894736843,24.108409881591797,1.861249566078186,True
Urll2kV8.png,block,pegon,0.88117266,3mcFdk7G.png,pegon,pegon,pegon,148,162,1.0,0.0,0.0,0.09876543209876543,0.20203536870203537,1.0945945945945945,7.177010536193848,2.6170494556427,True
AJtfjse4.png,line,jawa,0.8790185,wZBZmXVo.png,jawa,jawa,jawa,61,899,1.0,0.0,0.0,0.8008898776418243,0.1787921400288643,14.524590163934427,0.0,4.588431358337402,True
cgKILzhK.png,block,pegon,0.8213624,3YQhv7gK.png,pegon,pegon,pegon,143,143,1.0,0.0,0.0,0.07692307692307693,0.15501980536945573,1.0,28.49826431274414,2.330726146697998,True
iApRoWXi.png,line,jawa,0.9296106,VlGmgACZ.png,jawa,jawa,jawa,73,647,1.0,0.0,0.0,0.20556414219474498,0.35366602443310535,8.863013698630137,0.0,7.656311511993408,True
hzmyHjwd.png,line,jawa,0.91046375,UdhDfaAy.png,jawa,jawa,jawa,43,344,1.0,0.0,0.0,0.1744186046511628,0.41339913466738776,8.0,0.0,7.367137908935547,True
j2A8mZqi.png,line,jawa,0.7622479,19bwMYLN.png,jawa,bali,bali,54,1399,1.0,0.0,0.0,0.0,0.36259768943255183,24.22222222222222,15.544053077697754,2.0969960689544678,False
yH8kDyOL.png,line,lampung,0.9093696,qZL4Jq7a.png,lampung,lampung,lampung,31,140,1.0,0.0,0.0,0.5928571428571429,0.18676951846657316,4.451612903225806,0.0,2.9001123905181885,True
DzyTnG3l.png,line,lampung,0.88839483,PzgGMHjn.png,lampung,lampung,lampung,44,104,0.75,0.0,0.0,0.8942307692307693,0.14876872302614877,2.58974358974359,0.0,6.364967346191406,True
2vw5LSXt.png,block,pegon,0.8142704,3YQhv7gK.png,pegon,pegon,pegon,140,147,1.0,0.0,0.0,0.2108843537414966,0.29591836734693877,1.05,3.767103910446167,3.824571132659912,True
BdjIUfGT.png,line,jawi,0.78245914,bVfXghWK.png,pegon,pegon,pegon,70,819,1.0,0.0,0.0,0.231990231990232,0.1998953427524856,11.7,1.552346110343933,0.6694304943084717,False
tCOj1eAD.png,block,pegon,0.8359268,3YQhv7gK.png,pegon,pegon,pegon,123,131,1.0,0.0,0.0,0.015267175572519083,0.19437721094768198,1.065040650406504,3.699435234069824,0.8129396438598633,True
AGHPVJzn.png,line,jawa,0.8102858,kTGitTTZ.png,jawa,jawa,jawa,83,630,1.0,0.0,0.0,0.022222222222222223,0.39494563620335,7.409638554216867,22.563072204589844,3.035959005355835,True
fL2JmXEd.png,block,sunda,0.89846635,Xgu6c7a8.png,sunda,sunda,sunda,55,80,0.9090909090909091,0.0,0.0,0.325,0.3072089947089947,1.7142857142857142,0.0,5.212804317474365,True
5IMxeqAJ.png,line,jawa,0.8907398,BOgaZX5p.png,jawa,jawa,jawa,77,342,1.0,0.0,0.0,0.0029239766081871343,0.11078798502111385,4.233766233766234,1.6902483701705933,4.112067699432373,True
5wSDIkxd.png,line,jawa,0.77909565,DAZyha4L.png,jawa,jawa,jawa,91,296,0.967032967032967,0.0,0.0,0.0,0.2199943117178612,4.069444444444445,6.758353233337402,0.772165834903717,True
EqOy0Ygp.jpg,line,sunda,0.7729614,pVaurMOE.png,pegon,pegon,pegon,95,414,1.0,0.042105263157894736,0.0,0.0,0.06892957030256801,4.3578947368421055,0.7914568781852722,9.878084182739258,False
yPoCDaF4.png,glyph,sunda,0.94217014,sJWMUaDF.png,sunda,sunda,sunda,54,44,0.5555555555555556,0.0,0.0,0.4090909090909091,0.43493761140819964,1.0303030303030303,0.0,5.10324764251709,True
zdu2Zw13.png,block,pegon,0.82380736,3YQhv7gK.png,pegon,pegon,pegon,126,160,1.0,0.0,0.0,0.0,0.1630952380952381,1.2698412698412698,8.298958778381348,2.565535545349121,True
wEqxO932.png,line,lampung,0.9081057,37GylGd0.png,lampung,lampung,lampung,67,203,0.835820895522388,0.0,0.0,0.7980295566502463,0.11804788213627992,3.0166666666666666,0.0,7.210732460021973,True
PpusvmqU.png,line,jawa,0.7959475,wQoP5j1L.png,jawa,jawa,jawa,56,659,1.0,0.10714285714285714,0.0,0.0,0.1812137295500277,12.20754716981132,26.477699279785156,1.9611091613769531,True
RyJnmmhF.png,line,jawi,0.771183,Djrt0occ.png,jawi,jawi,jawi,75,788,1.0,0.0,0.0,0.32741116751269034,0.244404609475032,10.413333333333334,30.285888671875,0.5696308612823486,True
nrjSuQUI.png,block,pegon,0.7960352,IDpHW9DT.png,pegon,pegon,pegon,174,209,1.0,0.0,0.0,0.0,0.2082989605675631,1.2011494252873562,26.058103561401367,1.4747586250305176,True
lWYdBjrk.png,line,sunda,0.86655223,1rFY5ymX.png,sunda,sunda,sunda,62,1194,0.8225806451612904,0.0,0.0,0.7035175879396985,0.1608662374499122,20.50877192982456,0.0,6.047304630279541,True
rErI59dc.png,block,pegon,0.8212782,3YQhv7gK.png,pegon,pegon,pegon,111,130,1.0,0.0,0.0,0.046153846153846156,0.1925848925848926,1.1711711711711712,41.076576232910156,0.7819125056266785,True
WayCSImu.png,block,pegon,0.8229761,8dVCzsvx.png,pegon,pegon,pegon,90,90,1.0,0.0,0.0,0.25555555555555554,0.22514619883040934,0.8444444444444444,0.0,5.3747782707214355,True
9zGlcdIa.png,line,lampung,0.9026873,OOt4JATx.png,lampung,lampung,lampung,38,130,0.8157894736842105,0.0,0.0,0.7538461538461538,0.17173479561316052,3.4705882352941178,0.0,3.9731767177581787,True
7ckJIDU4.png,block,pegon,0.89307785,3YQhv7gK.png,pegon,pegon,pegon,136,145,1.0,0.029411764705882353,0.014705882352941176,0.1724137931034483,0.15303030303030302,1.0984848484848484,0.0,5.593348026275635,True
rZnOMgbJ.png,glyph,sunda,0.7678753,Age0JNbQ.png,sunda,sunda,sunda,55,78,0.5636363636363636,0.0,0.0,0.3974358974358974,0.36363636363636365,1.9696969696969697,0.48787879943847656,1.9446280002593994,True
vdHe3qEg.png,line,lontara,0.80341184,fhztY2U3.png,lontara,lontara,lontara,30,594,1.0,0.0,0.0,0.5134680134680135,0.20411840411840412,17.266666666666666,0.0,3.5939197540283203,True
01eMwHuH.png,line,jawi,0.961859,8ua1wfDX.png,jawi,jawi,jawi,78,793,1.0,0.0,0.0,0.5636822194199244,0.2923012254664209,10.166666666666666,0.0,4.530358791351318,True
r3Ups2lg.png,line,jawi,0.9605895,yybF3m5Z.png,jawi,jawi,jawi,90,809,0.9111111111111111,0.0,0.0,0.2620519159456119,0.33958823529411764,9.411764705882353,0.0,4.42664098739624,True
USzzfXaO.png,line,jawa,0.7825928,19bwMYLN.png,sunda,sunda,sunda,75,785,0.9066666666666666,0.0,0.0,0.0,0.36123382159187784,11.161764705882353,34.8808479309082,2.7570605278015137,False
a48ZKsTM.png,block,pegon,0.8237076,3YQhv7gK.png,pegon,pegon,pegon,144,150,1.0,0.0,0.0,0.15333333333333332,0.14351851851851852,1.0416666666666667,5.165416717529297,2.490176200866699,True
103HUaxy.png,line,lampung,0.84091705,5e2kJqq4.png,lampung,lampung,lampung,42,101,0.7142857142857143,0.0,0.0,0.6732673267326733,0.16157855547282204,2.323529411764706,0.0,7.15241813659668,True
BpemwSh9.png,block,pegon,0.90862644,LBlGLJh4.png,pegon,pegon,pegon,136,170,1.0,0.0,0.0,0.27058823529411763,0.17681660899653978,1.25,0.0,5.6435747146606445,True
iN8lmlCB.png,block,pegon,0.806467,LBlGLJh4.png,pegon,pegon,pegon,114,120,0.9912280701754386,0.0,0.0,0.2916666666666667,0.12271386430678466,1.0619469026548674,4.925731182098389,3.2435460090637207,True
TsW7zvts.png,line,lontara,0.8478209,ieCwAOj8.png,lontara,lontara,lontara,46,812,1.0,0.0,0.0,0.6896551724137931,0.15520658179197694,15.73913043478261,0.0,6.060916900634766,True
RsrT9tlT.png,line,jawa,0.81765175,alGxFTl1.png,jawa,jawa,jawa,114,970,0.9649122807017544,0.0,0.0,0.8278350515463917,0.1003043135529524,8.394736842105264,0.0,5.499409198760986,True
VEr26nUc.png,line,jawi,0.8876556,rJZQjxc0.png,jawi,jawi,jawi,54,595,1.0,0.0,0.0,0.6655462184873949,0.24789704959196485,10.925925925925926,0.0,4.8093132972717285,True
Kvzj3Pv0.png,line,jawi,0.79226613,vSBHNoJ1.png,jawi,jawi,jawi,57,759,0.8070175438596491,0.0,0.0,0.855072463768116,0.12303048763603135,15.040816326530612,5.4266462326049805,5.044154167175293,True
33wj8h0R.png,line,jawa,0.7673052,19bwMYLN.png,lontara,lontara,lontara,45,1014,1.0,0.0,0.0,0.3214990138067061,0.3180386864597391,21.955555555555556,2.8141791820526123,1.5068035125732422,False
yZhMQJBZ.jpg,block,jawa,0.7785405,5ghxWNyR.jpg,jawa,jawa,jawa,225,300,1.0,0.0,0.0,0.0,0.1305925925925926,1.3333333333333333,61.506771087646484,2.6277666091918945,True
GtmANNHc.png,block,pegon,0.792187,3YQhv7gK.png,pegon,pegon,pegon,132,147,1.0,0.0,0.0,0.14285714285714285,0.3416821273964131,1.1136363636363635,24.661306381225586,2.7596397399902344,True
G9emTgSa.png,line,lampung,0.8813958,xtXw0TeJ.png,lampung,lampung,lampung,78,197,0.7051282051282052,0.0,0.0,0.4720812182741117,0.14744281927947384,2.737704918032787,0.0,7.159832000732422,True
hOmpjJmw.png,glyph,sunda,0.92841756,PHU3SvOb.png,sunda,sunda,sunda,42,56,0.5952380952380952,0.0,0.0,0.5357142857142857,0.28605015673981193,1.5172413793103448,0.0,5.908667087554932,True
wX7bM0kB.png,line,jawi,0.8330655,ErsHzyfq.png,pegon,pegon,pegon,102,382,1.0,0.049019607843137254,0.0392156862745098,0.07329842931937172,0.33469356328919003,3.7450980392156863,29.90999412536621,1.8345696926116943,False
08ir1p0K.png,line,lampung,0.9118,h3exH7tZ.png,lampung,lampung,lampung,70,183,0.8714285714285714,0.0,0.0,0.6666666666666666,0.1285034373347435,2.540983606557377,0.0,6.365091800689697,True
MnP02zXP.png,line,jawi,0.7818565,pXiAetoy.png,jawi,jawi,jawi,125,500,0.856,0.0,0.0,0.794,0.17099102270726985,4.2956521739130435,0.010784000158309937,3.214608907699585,True
323hhBsX.png,line,jawi,0.8027787,7b6sWGiU.png,jawi,jawi,jawi,64,288,0.796875,0.0,0.0,0.6736111111111112,0.14751602564102564,5.416666666666667,0.0,7.126067638397217,True
NOBQTAfI.png,block,pegon,0.9242872,FBQDQBpe.png,pegon,pegon,pegon,144,163,1.0,0.0,0.0,0.4539877300613497,0.17007498295841855,1.1319444444444444,0.0,5.750858306884766,True
rR8Jn0tX.png,line,lampung,0.92286193,0tfJxB1a.png,lampung,lampung,lampung,40,139,0.8,0.0,0.0,0.8633093525179856,0.16632996632996633,4.090909090909091,0.0,2.97957444190979,True
HAzZ4mgu.png,line,bali,0.8925773,3bpczjwB.png,bali,bali,bali,56,1400,1.0,0.0,0.0,0.7178571428571429,0.16186459246275198,23.285714285714285,0.0,6.061180114746094,True
tcTkCXgy.png,line,sunda,0.9103538,KHGmYaNV.png,sunda,sunda,sunda,62,130,0.8225806451612904,0.0,0.0,0.8615384615384616,0.19006568144499178,2.1724137931034484,0.0,5.652315616607666,True
KRx3Vmia.png,line,jawa,0.7788075,VutEMVio.png,jawa,jawa,jawa,61,1410,1.0,0.26229508196721313,0.0,0.0,0.2540878336048114,30.17391304347826,30.636146545410156,3.0788512229919434,True
YeQKBE9M.png,line,jawi,0.8882122,1loLOIK0.png,pegon,pegon,pegon,79,825,1.0,0.0,0.0,0.12727272727272726,0.23412272097404518,10.291139240506329,0.6831760406494141,2.280210256576538,False
e2cUfICY.png,block,pegon,0.7786869,3q0rYDno.png,pegon,pegon,pegon,144,190,1.0,0.0,0.0,0.47368421052631576,0.13976608187134504,1.3194444444444444,0.0,6.109612464904785,True
91m3Rxef.jpg,block,pegon,0.78862965,JkcwfeWb.jpg,pegon,pegon,pegon,150,200,1.0,0.0,0.0,0.0,0.3754264931948558,1.2013422818791946,5.438199996948242,3.8046398162841797,True
D7NbcemQ.png,line,jawa,0.7708787,YIJmH1np.png,jawa,jawa,jawa,64,406,1.0,0.0,0.0,0.3793103448275862,0.17060700261780104,5.96875,2.4368457794189453,1.1685047149658203,True
4X7I7UNx.png,line,lontara,0.85177636,Cx5C6rnG.png,lontara,lontara,lontara,67,936,0.746268656716418,0.0,0.0,0.7126068376068376,0.14086663604348493,16.660714285714285,0.0,6.436201095581055,True
86AuEeEl.png,line,lampung,0.7743582,DHT1x9LC.png,lampung,lampung,lampung,35,136,0.9428571428571428,0.0,0.0,0.5367647058823529,0.22750865051903113,4.0,0.0,0.9597933292388916,True
PDsak7xf.png,block,pegon,0.81740355,3YQhv7gK.png,pegon,pegon,pegon,146,170,1.0,0.0,0.0,0.09411764705882353,0.3284850926672039,1.1643835616438356,37.99967956542969,2.7127480506896973,True
OvOP7g6o.png,block,pegon,0.8404878,3YQhv7gK.png,pegon,pegon,pegon,132,147,1.0,0.0,0.0,0.20408163265306123,0.16759431045145332,1.1136363636363635,13.899092674255371,1.0364990234375,True
Pt4L9F8V.png,line,lampung,0.8927166,60AwM4Fq.png,lampung,lampung,lampung,35,148,0.8857142857142857,0.0,0.0,0.831081081081081,0.16722972972972974,4.625,0.0,3.909851551055908,True
jTD8Zh8H.png,line,jawa,0.9264952,yUrGJcUt.png,jawa,jawa,jawa,81,491,1.0,0.0,0.0,0.3625254582484725,0.291116642779915,6.061728395061729,0.0,7.3521409034729,True
OkORWxGB.png,block,pegon,0.7924284,3YQhv7gK.png,pegon,pegon,pegon,136,137,1.0,0.0,0.0,0.0,0.16444127944929085,1.113821138211382,3.380528211593628,1.0198419094085693,True
kVmtA8MR.png,line,jawa,0.75166416,0nLTwBWz.png,jawa,sunda,sunda,47,806,0.9361702127659575,0.0,0.0,0.02481389578163772,0.29927069199457257,18.272727272727273,32.92790603637695,2.526555299758911,False
pku4lkFa.png,line,bali,0.8157301,oJ455hvM.png,bali,bali,bali,79,225,1.0,0.0,0.0,0.76,0.09696791286429202,2.721518987341772,0.0,7.6520609855651855,True
Oys3soEI.png,glyph,sunda,0.9362644,gvY2Mlhi.png,sunda,sunda,sunda,56,55,0.5178571428571429,0.0,0.0,0.7818181818181819,0.31717171717171716,1.3636363636363635,0.0,5.723608493804932,True
Q2NwIzMD.png,block,pegon,0.87891555,SF44HsU7.png,pegon,pegon,pegon,108,114,0.8981481481481481,0.0,0.0,0.7105263157894737,0.09082048555732766,1.1515151515151516,0.0,6.157020092010498,True
LOM2Cl5C.png,block,pegon,0.8560933,3YQhv7gK.png,pegon,pegon,pegon,146,149,1.0,0.0,0.0,0.0,0.17886365725843523,1.0205479452054795,13.278477668762207,2.5107123851776123,True
h5nYoAdw.png,line,jawa,0.8228282,VutEMVio.png,lontara,lontara,lontara,63,941,0.873015873015873,0.1746031746031746,0.1746031746031746,0.0765143464399575,0.11887954032423559,16.10909090909091,32.95222854614258,3.764618158340454,False
tQWUm1oA.png,line,jawa,0.9180726,4FK8CmTj.png,jawa,jawa,jawa,81,640,1.0,0.0,0.0,0.4671875,0.19273301737756715,7.814814814814815,0.0,6.847701072692871,True
QFfZe8ew.png,line,bali,0.83322275,OYMbl0Bl.png,bali,bali,bali,66,1411,0.9545454545454546,0.0,0.0,0.6201275690999292,0.13048879600603738,19.772727272727273,0.0,6.736718654632568,True
I29sCR8B.png,line,lampung,0.89310086,QSVdE7IT.png,lampung,lampung,lampung,43,152,0.9069767441860465,0.0,0.0,0.5526315789473685,0.17821138211382115,3.658536585365854,0.0,3.6953604221343994,True
ChZIBpdG.png,line,jawa,0.82607913,2iSupLdX.png,jawa,jawa,jawa,96,973,1.0,0.0,0.0,0.0,0.1692357512953368,10.052083333333334,40.84082794189453,2.4758734703063965,True
CXBUMBFn.png,line,jawi,0.9506242,GXjQi5XT.png,jawi,jawi,jawi,92,809,1.0,0.0,0.0,0.4932014833127318,0.23521847420001082,8.728260869565217,0.0,4.888502597808838,True
P9JfVGGD.png,line,lampung,0.91399145,yb7nIkrc.png,lampung,lampung,lampung,76,284,1.0,0.0,0.0,0.7640845070422535,0.11536566134437216,3.513157894736842,0.0,7.03940486907959,True
dPgoqmRa.png,block,sunda,0.8962072,gvY2Mlhi.png,sunda,sunda,sunda,54,84,0.6481481481481481,0.0,0.0,0.75,0.3505564387917329,2.176470588235294,0.0,5.232215881347656,True
qDDmJZ7z.png,line,jawa,0.81497943,qir2Iqgs.png,jawa,jawa,jawa,47,308,1.0,0.0,0.0,0.006493506493506494,0.16752596035146322,6.23404255319149,2.077852964401245,3.3548102378845215,True
Whk8ayUq.png,line,sunda,0.8963485,KSS3erX3.png,sunda,sunda,sunda,50,702,0.7,0.0,0.0,0.6538461538461539,0.18406125921724334,16.78048780487805,0.0,6.0913519859313965,True
oGT8HWEq.png,line,jawi,0.8687407,cVJQ8aSY.png,jawi,jawi,jawi,68,951,0.7647058823529411,0.0,0.0,0.7528916929547844,0.07350617638609595,16.0,2.5497772693634033,2.7787623405456543,True
wxpzk5d3.png,line,jawa,0.7989576,1NygwbYG.png,sunda,sunda,sunda,65,783,0.9846153846153847,0.0,0.0,0.0,0.18807893677003626,11.753846153846155,29.248727798461914,2.6601526737213135,False
vMXZNRut.png,line,jawa,0.75680023,52JFCtsx.png,lontara,lontara,lontara,73,949,1.0,0.0,0.0,0.11801896733403583,0.23828673098899192,12.972602739726028,33.69256591796875,1.9386414289474487,False
xLY3M8f5.png,line,jawi,0.79776824,1loLOIK0.png,jawi,jawi,jawi,92,813,1.0,0.0,0.0,0.3148831488314883,0.2574469222953099,8.83695652173913,38.17161178588867,1.2205199003219604,True
G7edH2Ra.png,block,pegon,0.86321187,IDpHW9DT.png,pegon,pegon,pegon,170,216,1.0,0.0,0.0,0.023148148148148147,0.19790305010893247,1.2705882352941176,26.00032615661621,1.0843689441680908,True
ZaYgfQQL.png,line,bali,0.8680322,K9owTuUE.png,bali,bali,bali,61,201,0.9836065573770492,0.0,0.0,0.8706467661691543,0.13454514567230103,3.1639344262295084,0.0,6.606870174407959,True
pqtG762h.png,line,jawa,0.7864211,GgxjirJ3.png,jawa,jawa,jawa,53,815,1.0,0.0,0.0,0.596319018404908,0.24069543123323767,15.132075471698114,3.791642665863037,2.602769374847412,True
OQWkQ4vH.png,line,jawa,0.9098206,gS8V28Q0.png,jawa,jawa,jawa,58,656,1.0,0.0,0.0,0.0,0.27291323521598215,11.189655172413794,4.95750093460083,4.922886371612549,True
WvFIkFHu.png,line,lampung,0.8866488,ptAschbP.png,lampung,lampung,lampung,87,238,0.6436781609195402,0.0,0.0,0.592436974789916,0.09023539668700958,2.9838709677419355,0.11199652403593063,4.174236297607422,True
pvGzanwP.png,line,jawa,0.8284122,19bwMYLN.png,jawa,jawa,jawa,64,921,0.96875,0.0625,0.0625,0.0,0.4495481927710843,14.265625,26.183055877685547,2.227444887161255,True
h5xnSsJF.png,line,jawa,0.8589257,7bPfcRfE.png,jawa,jawa,jawa,99,904,0.9292929292929293,0.0,0.0,0.20243362831858408,0.22472789115646258,9.183673469387756,2.7861132621765137,1.743006944656372,True
Z6ZSedJs.png,block,pegon,0.8601731,IDpHW9DT.png,pegon,pegon,pegon,161,218,1.0,0.0,0.0,0.05963302752293578,0.23867456835147302,1.3540372670807452,6.4113054275512695,1.0178388357162476,True
0Be8uAsz.png,line,jawi,0.7526436,EWKLlLMS.png,pegon,pegon,pegon,78,895,1.0,0.0,0.0,0.027932960893854747,0.2176385442514475,11.128205128205128,21.57569122314453,1.6332184076309204,False
rZpMW2CH.png,block,pegon,0.8321568,3YQhv7gK.png,pegon,pegon,pegon,122,142,1.0,0.0,0.0,0.028169014084507043,0.13757377049180328,1.0245901639344261,1.978007435798645,2.877950668334961,True
EtYbzPDr.png,line,lampung,0.84893334,AZSBFxTH.png,lampung,lampung,lampung,43,94,1.0,0.0,0.0,0.7021276595744681,0.10425020048115477,2.0232558139534884,0.0,4.134328365325928,True
8a3JTa3q.png,block,pegon,0.8264874,3YQhv7gK.png,pegon,pegon,pegon,119,159,1.0,0.0,0.0,0.012578616352201259,0.2157919771682258,1.3361344537815125,24.66994285583496,1.2254379987716675,True
MgJkaaVi.png,line,sunda,0.9102732,jdCvJbl9.png,sunda,sunda,sunda,80,691,0.6875,0.0,0.0,0.6859623733719248,0.17254542678271492,11.288135593220339,0.0,6.425968170166016,True
81HeWJBq.png,line,lampung,0.8827433,16KeE2XC.png,lampung,lampung,lampung,98,254,1.0,0.0,0.0,0.6653543307086615,0.056457009033121446,2.489795918367347,0.0,9.67266845703125,True
Ipz3NlA5.png,line,jawi,0.9519522,pIe2Shm6.png,jawi,jawi,jawi,68,441,0.7205882352941176,0.0,0.0,0.7936507936507936,0.13629976580796252,7.763636363636364,0.0,6.885611534118652,True
0gywkqZS.png,line,bali,0.85993063,FDWa713g.png,bali,bali,bali,57,1375,1.0,0.0,0.0,0.6007272727272728,0.15108406544692513,22.912280701754387,0.0,6.255385398864746,True
EVa764br.png,line,jawa,0.8853047,gllNr3XG.png,jawa,jawa,jawa,100,670,1.0,0.0,0.0,0.3716417910447761,0.20393393393393394,6.66,0.0,7.412482261657715,True
vzYKFY2J.png,block,pegon,0.7530207,3YQhv7gK.png,pegon,pegon,pegon,131,132,0.8778625954198473,0.0,0.0,0.2878787878787879,0.2427565124933546,1.1578947368421053,6.799849510192871,1.7962369918823242,True
ZyABnADj.png,line,jawa,0.89864886,rriODEG0.png,jawa,jawa,jawa,76,961,1.0,0.0,0.0,0.0,0.18437242434946427,11.763157894736842,12.200763702392578,2.7030539512634277,True
cOV7dwV9.png,line,lampung,0.7811025,YG6yAvc0.png,lampung,lampung,lampung,48,167,0.8125,0.0,0.0,0.8263473053892215,0.11294081093677179,3.8292682926829267,4.487899303436279,4.374543190002441,True
YpHPQVh6.png,line,lampung,0.8362551,ptAschbP.png,lampung,lampung,lampung,74,250,0.8918918918918919,0.0,0.0,0.66,0.09477498093058734,3.3043478260869565,0.8190270066261292,3.6504104137420654,True
gB3m7wJI.png,block,pegon,0.8089609,H7xpqqh7.png,pegon,pegon,pegon,166,171,0.927710843373494,0.0,0.0,0.011695906432748537,0.18086124401913875,1.0363636363636364,0.9643838405609131,2.496159553527832,True
NNhdDS0q.png,glyph,sunda,0.7692234,VIccv3aL.png,sunda,sunda,sunda,36,39,0.8611111111111112,0.0,0.0,0.20512820512820512,0.28322440087145967,0.7941176470588235,6.269230842590332,1.7784181833267212,True
YIMADrYw.png,line,lampung,0.8723215,C1AbFl1n.png,lampung,lampung,lampung,72,162,0.7222222222222222,0.0,0.0,0.691358024691358,0.15968219348808227,2.673469387755102,0.0,7.5205864906311035,True
qmKWKSxE.png,line,jawa,0.8730411,alGxFTl1.png,jawa,jawa,jawa,74,994,1.0,0.0,0.0,0.8018108651911469,0.14454950400349795,13.364864864864865,0.0,4.905190944671631,True
TaAdHNlI.png,line,jawa,0.7854986,7Wq83fQ5.png,jawa,jawa,jawa,88,787,0.9090909090909091,0.0,0.0,0.7166454891994918,0.13872246146164888,9.083333333333334,0.0,5.520106315612793,True
K2sHB4Jk.jpg,block,lampung,0.85941607,x96FUfNK.jpg,lampung,lampung,lampung,191,340,0.9685863874345549,0.0,0.0,0.023529411764705882,0.13583383400566476,1.5968586387434556,76.31739807128906,5.121460914611816,True
g31rgeLv.png,line,lampung,0.8450929,QSVdE7IT.png,lampung,lampung,lampung,43,153,0.9767441860465116,0.0,0.0,0.5359477124183006,0.18817449460404317,3.558139534883721,0.0,3.6243584156036377,True
ubtIWQXy.png,block,pegon,0.8815135,hNpRq8k6.png,pegon,pegon,pegon,135,136,0.9259259259259259,0.0,0.0,0.3382352941176471,0.156328320802005,0.9022556390977443,0.0,6.158867359161377,True
4x8Igjnl.png,line,lampung,0.84880745,nhSNQ4NX.png,lampung,lampung,lampung,36,108,0.8888888888888888,0.0,0.0,0.6759259259259259,0.17585139318885448,2.7941176470588234,3.9855966567993164,2.5871193408966064,True
XRQyv1Zd.png,line,lampung,0.86683685,PzgGMHjn.png,lampung,lampung,lampung,36,137,0.8333333333333334,0.0,0.0,0.7372262773722628,0.2565573770491803,4.066666666666666,4.744322776794434,2.4225332736968994,True
WUWpvdeZ.png,line,lampung,0.8809187,z62bzXr7.png,lampung,lampung,lampung,107,295,0.8691588785046729,0.0,0.0,0.6338983050847458,0.06383535036605409,2.845360824742268,0.0,9.525568008422852,True
hdJrfq4s.png,line,jawi,0.77034295,Djrt0occ.png,jawi,jawi,jawi,66,530,1.0,0.0,0.0,0.31886792452830187,0.2615358126721763,8.0,8.760091781616211,0.7396343946456909,True
51T6XKh2.png,line,jawa,0.82349956,5qMFRTiX.png,jawa,jawa,jawa,63,891,1.0,0.0,0.0,0.7575757575757576,0.19372944372944373,14.095238095238095,0.7161740660667419,1.7220003604888916,True
ix1amEQM.png,glyph,jawi,0.75877726,A4CGGZsR.png,jawi,jawi,jawi,56,78,1.0,0.05357142857142857,0.0,0.7948717948717948,0.08676739926739926,1.3928571428571428,0.0,6.021933078765869,True
ro26fXD7.png,line,lampung,0.89110875,mMIK1gKF.png,lampung,lampung,lampung,40,124,0.775,0.0,0.0,0.8387096774193549,0.1553475935828877,3.235294117647059,0.0,3.2826778888702393,True
S3sYitMU.png,line,jawi,0.9313991,6KSo7Gog.png,jawi,jawi,jawi,104,814,1.0,0.0,0.0,0.07371007371007371,0.30246810738766183,7.769230769230769,3.693772554397583,1.0613652467727661,True
bt2RKsKm.png,line,jawa,0.7741591,1Kr2Pnpk.png,bali,bali,bali,63,1367,1.0,0.25396825396825395,0.0,0.06071689831748354,0.16895894428152491,27.28,27.967092514038086,1.4099390506744385,False
h2iLpucQ.png,glyph,sunda,0.9128299,TlENSHA8.png,sunda,sunda,sunda,39,68,0.48717948717948717,0.0,0.0,0.6470588235294118,0.38752052545155996,2.761904761904762,0.0,5.629506587982178,True
k0Lb4cxJ.png,line,jawa,0.80442053,19bwMYLN.png,bali,bali,bali,68,1355,1.0,0.0,0.0,0.6354243542435425,0.13579427256229806,19.544117647058822,3.565270185470581,2.3072092533111572,False
OoUyvEqb.png,line,jawa,0.75889266,nwpqPVL8.png,jawa,jawa,jawa,63,536,1.0,0.0,0.0,0.13619402985074627,0.13104395604395605,8.253968253968255,1.2637704610824585,1.890203833580017,True
wp6wkjKx.png,line,bali,0.89460045,YObQP7mc.png,bali,bali,bali,56,1414,1.0,0.0,0.0,0.6173974540311173,0.15440613026819924,23.303571428571427,0.0,6.23439884185791,True
wYewV5up.png,line,jawi,0.9317081,gGNLaVqC.png,jawi,jawi,jawi,79,791,1.0,0.0,0.0,0.6713021491782554,0.24238642441530656,9.886075949367088,0.0,4.829313278198242,True
FoTOgdqM.png,block,pegon,0.8378457,IyEAH5U6.png,pegon,pegon,pegon,78,87,0.9743589743589743,0.0,0.0,0.735632183908046,0.13861725853491164,1.2985074626865671,0.0,6.748477458953857,True
ZgnNANis.png,line,jawa,0.7925788,p4pi6VXK.png,jawa,jawa,jawa,67,956,1.0,0.05970149253731343,0.0,0.4476987447698745,0.17913847618400028,13.104477611940299,3.8765690326690674,2.04665207862854,True
NY6h9a11.png,line,sunda,0.8814447,1JSBews8.png,sunda,sunda,sunda,42,131,0.6666666666666666,0.0,0.0,0.6106870229007634,0.2845993756503642,4.0,0.0,5.3956427574157715,True
qjtA37ao.png,line,bali,0.8075962,fgR4T1WK.png,bali,bali,bali,58,198,0.9655172413793104,0.0,0.0,0.6212121212121212,0.15262139338494018,3.3793103448275863,0.0,6.257903099060059,True
kTe41wZp.png,line,jawi,0.75203216,yXgIiUWV.png,jawi,jawi,jawi,59,392,1.0,0.0,0.0,0.6811224489795918,0.14860774818401937,6.6440677966101696,5.354635238647461,2.739713668823242,True
eKyhXzpC.png,line,bali,0.8796154,nbFy3gmG.png,bali,bali,bali,61,1405,1.0,0.0,0.0,0.6377224199288256,0.13977039153757456,21.442622950819672,0.0,6.483748435974121,True
qZbzOws6.png,block,pegon,0.8422437,3YQhv7gK.png,pegon,pegon,pegon,130,133,0.9538461538461539,0.0,0.0,0.0,0.20242914979757085,1.023076923076923,17.371429443359375,1.683091640472412,True
p9MS8QOZ.png,block,pegon,0.882395,3YQhv7gK.png,pegon,pegon,pegon,143,146,1.0,0.0,0.0,0.0,0.14680524954497556,1.020979020979021,3.046987295150757,4.200761795043945,True
8aIpqRW3.png,line,sunda,0.76943696,OGOrvNES.png,sunda,sunda,sunda,87,794,0.8505747126436781,0.0,0.0,0.6763224181360201,0.07020030234315948,9.679012345679013,0.0,9.06529712677002,True
DmsOlx6D.png,line,jawa,0.77840513,1Kr2Pnpk.png,lontara,lontara,lontara,52,939,0.9230769230769231,0.0,0.0,0.08732694355697551,0.18690971534244766,18.918367346938776,29.577455520629883,3.882293462753296,False
xDkXQvEj.png,line,sunda,0.8061168,5XOC7t4K.png,sunda,sunda,sunda,47,623,0.7446808510638298,0.0,0.0,0.47030497592295345,0.19936857374461367,15.41025641025641,0.0,5.851866245269775,True
cXMgNAwJ.png,block,pegon,0.93945634,3q0rYDno.png,pegon,pegon,pegon,143,144,1.0,0.0,0.0,0.4305555555555556,0.16011072261072262,1.006993006993007,0.0,5.8100996017456055,True
MbkiEXjb.png,line,jawi,0.8615407,I0e6a2ip.png,jawi,jawi,jawi,59,299,0.9152542372881356,0.0,0.0,0.47491638795986624,0.08224713242961418,4.892857142857143,0.0,7.249420166015625,True
9ujMxB0H.png,block,pegon,0.84764534,3YQhv7gK.png,pegon,pegon,pegon,138,154,1.0,0.0,0.0,0.24025974025974026,0.23348390739695088,1.1159420289855073,11.491341590881348,1.0527290105819702,True
pXsBWAib.png,block,pegon,0.762727,3YQhv7gK.png,pegon,pegon,pegon,105,116,1.0,0.0,0.0,0.5862068965517241,0.22060755336617405,1.1047619047619048,38.49589538574219,1.5997878313064575,True
8vgm8wKA.png,line,jawa,0.78589696,YIJmH1np.png,jawa,bali,bali,73,435,1.0,0.0,0.0,0.0,0.27528034786020206,5.739726027397261,9.637127876281738,3.165337324142456,False
KtJsjnsZ.png,block,pegon,0.7624995,3YQhv7gK.png,pegon,pegon,pegon,142,165,1.0,0.0,0.0,0.0,0.39026888604353394,1.1619718309859155,10.097524642944336,2.4891109466552734,True
QaGkv1XE.png,line,jawi,0.90135413,3Q4CXWh2.png,jawi,jawi,jawi,55,303,0.6181818181818182,0.0,0.0,0.6798679867986799,0.1368384701718035,7.615384615384615,0.0,7.323480129241943,True
2jgQzL0Z.png,line,lampung,0.92568004,QSVdE7IT.png,lampung,lampung,lampung,45,149,0.9777777777777777,0.0,0.0,0.26174496644295303,0.1739000745712155,3.311111111111111,0.0,3.6142611503601074,True
PHFLYaNx.png,line,lontara,0.8498311,Sfo6dZpC.png,lontara,lontara,lontara,41,788,0.9512195121951219,0.0,0.0,0.6890862944162437,0.16113274578123932,17.414634146341463,0.0,5.950028896331787,True
vqVon2XC.png,block,pegon,0.7529987,3YQhv7gK.png,pegon,pegon,pegon,113,132,1.0,0.0,0.0,0.015151515151515152,0.4077500670421024,1.168141592920354,1.5009385347366333,3.1765589714050293,True
Vtgd35hU.png,line,jawa,0.79151106,Axjnt08G.png,jawa,jawa,jawa,71,921,1.0,0.0,0.0,0.0,0.2220846446198559,11.535211267605634,1.5759354829788208,0.6317822337150574,True
lcZIlQln.png,line,jawi,0.91787577,qGn7QPCU.png,jawi,jawi,jawi,68,954,0.6911764705882353,0.0,0.0,0.7704402515723271,0.11798849393877131,15.193548387096774,0.0,6.886594295501709,True
RvR6VzKd.png,line,jawi,0.8846766,1loLOIK0.png,jawi,jawi,jawi,77,792,1.0,0.0,0.0,0.0,0.28697162709901564,10.194805194805195,24.310752868652344,1.5657134056091309,True
keYZq33p.png,line,jawa,0.77000606,E1sMhlU6.png,lontara,lontara,lontara,65,799,1.0,0.0,0.0,0.327909887359199,0.5006916788933138,11.292307692307693,1.1327813863754272,2.0235888957977295,False
w2cIWsFj.png,block,pegon,0.89228684,Oez2NizN.png,pegon,pegon,pegon,88,134,1.0,0.0,0.0,0.7313432835820896,0.1350067842605156,1.5227272727272727,0.0,6.067840576171875,True
zrUNvOrx.png,block,pegon,0.82081115,wezgD0gF.png,pegon,pegon,pegon,139,159,0.9784172661870504,0.0,0.0,0.44654088050314467,0.18103253246459436,1.143884892086331,7.68793249130249,1.113343358039856,True
PPx6NNeK.png,line,jawi,0.9205581,bkznjpsi.png,jawi,jawi,jawi,89,796,1.0,0.0,0.0,0.5628140703517588,0.19824553908374987,8.865168539325843,0.0,0.9211982488632202,True
PJdnk3lm.png,line,lontara,0.87152356,FSrLvwHc.png,lontara,lontara,lontara,74,960,0.6756756756756757,0.0,0.0,0.5854166666666667,0.10576600737512572,16.526315789473685,0.0,6.75895357131958,True
sZitfzyO.png,line,jawa,0.8444028,uB9Us8VD.png,jawa,jawa,jawa,64,389,1.0,0.0,0.0,0.005141388174807198,0.14029947916666666,6.0,1.9276992082595825,3.4228756427764893,True
2GJWBApQ.png,block,pegon,0.7534495,3YQhv7gK.png,pegon,pegon,pegon,156,180,1.0,0.0,0.0,0.05,0.3633903133903134,1.1538461538461537,1.1841880083084106,3.301872968673706,True
08NfpYut.png,line,jawi,0.7843917,ErsHzyfq.png,pegon,pegon,pegon,90,384,1.0,0.0,0.0,0.0,0.29435286935286936,4.044444444444444,13.6836519241333,2.3628628253936768,False
h3g0czx2.png,block,pegon,0.77115715,3YQhv7gK.png,pegon,pegon,pegon,133,162,1.0,0.0,0.0,0.15432098765432098,0.24974473220087254,1.218045112781955,12.131579399108887,3.40579891204834,True
Hi29doMI.png,glyph,sunda,0.78909373,aUXYRTlv.png,sunda,sunda,sunda,35,40,0.8,0.0,0.0,0.15,0.3225806451612903,1.0333333333333334,5.241428375244141,2.601247787475586,True
ZB2R1d8J.png,line,jawa,0.8249753,IEjn8TEX.png,jawa,jawa,jawa,70,888,1.0,0.0,0.0,0.4391891891891892,0.20514815427909286,12.32857142857143,4.872442245483398,2.213371753692627,True
Q6XCuJlD.png,block,pegon,0.85143876,3YQhv7gK.png,pegon,pegon,pegon,145,138,0.9586206896551724,0.0,0.0,0.0,0.16677018633540372,0.9857142857142858,12.862518310546875,2.32936429977417,True
idfEwQVG.png,block,pegon,0.8720188,IDpHW9DT.png,pegon,pegon,pegon,166,185,1.0,0.0,0.0,0.0,0.18000651253663302,1.1144578313253013,13.39449691772461,2.2591800689697266,True
Ug2YwR91.png,line,lampung,0.8921711,gpcToES9.png,lampung,lampung,lampung,39,108,0.8205128205128205,0.0,0.0,0.7037037037037037,0.1448685857321652,2.764705882352941,0.0,3.760754346847534,True
m4ozFNVG.png,line,jawa,0.7858705,ptggm8Dm.png,jawa,jawa,jawa,76,647,1.0,0.0,0.0,0.15146831530139104,0.16262092837490016,7.802631578947368,7.350870609283447,2.1666574478149414,True
kiILGiOh.png,line,pegon,0.9200656,ApySYVQH.png,pegon,pegon,pegon,84,393,1.0,0.0,0.0,0.25699745547073793,0.2910946196660482,4.583333333333333,0.0,4.526666641235352,True
6coEpME3.png,block,pegon,0.8260243,IDpHW9DT.png,pegon,pegon,pegon,170,180,1.0,0.0,0.0,0.016666666666666666,0.245718954248366,1.0588235294117647,3.3326144218444824,0.9878746867179871,True
6bCoahIm.png,block,pegon,0.9311557,F2izSnYq.png,pegon,pegon,pegon,145,154,1.0,0.0,0.0,0.4805194805194805,0.14729064039408868,1.0620689655172413,0.0,6.064992904663086,True
cgHSsmtb.png,line,lampung,0.75623435,HstbKfBE.png,lampung,lampung,lampung,31,135,1.0,0.0,0.0,0.674074074074074,0.24731182795698925,4.258064516129032,7.289366722106934,1.0702002048492432,True
KCwPhJOR.png,line,jawi,0.88048834,IgWWRlLR.png,pegon,pegon,pegon,81,885,1.0,0.0,0.0,0.0,0.19915824915824915,10.864197530864198,3.318713903427124,1.0498003959655762,False
5xvOZlms.png,block,pegon,0.86567473,zgOgt2be.png,pegon,pegon,pegon,120,125,1.0,0.0,0.0,0.56,0.153,1.0416666666666667,0.0,5.932513236999512,True
zLGTidae.png,line,sunda,0.81912756,6TFhEP5x.png,sunda,sunda,sunda,45,205,0.7777777777777778,0.0,0.0,0.4585365853658537,0.178125,4.8,0.0,6.124362468719482,True
32fihWfl.png,line,pegon,0.8747991,VsZpO7bY.png,jawi,pegon,pegon,89,820,1.0,0.0,0.0,0.28292682926829266,0.18073796982657847,9.179775280898877,0.0,1.2134298086166382,True
2L07gdL9.png,block,pegon,0.8650847,3YQhv7gK.png,pegon,pegon,pegon,142,165,1.0,0.0,0.0,0.19393939393939394,0.15147247119078106,1.1619718309859155,36.46461868286133,1.88679838180542,True
bJLlA28Q.png,block,pegon,0.8249543,3YQhv7gK.png,pegon,pegon,pegon,118,149,1.0,0.0,0.0,0.0,0.18536002730064838,1.2627118644067796,16.795869827270508,3.459934949874878,True
DDxkeTH4.png,line,jawi,0.9466531,2XWwj13J.png,jawi,jawi,jawi,76,797,1.0,0.0,0.0,0.6687578419071518,0.25632240979808013,10.460526315789474,0.0,4.709324836730957,True
DL5cetUZ.png,block,pegon,0.93151355,BcbSC01R.png,pegon,pegon,pegon,124,146,1.0,0.0,0.0,0.4794520547945205,0.18228015908086612,1.1774193548387097,0.0,5.477767467498779,True
oKJuL12U.png,line,jawi,0.867713,b9hk8Iir.png,jawi,jawi,jawi,66,429,0.9848484848484849,0.0,0.0,0.7296037296037297,0.17885220125786164,6.424242424242424,0.0,5.471231460571289,True
d7fok4Jf.png,block,pegon,0.8969722,loFIcWQV.png,pegon,pegon,pegon,160,180,1.0,0.0,0.0,0.2222222222222222,0.18854166666666666,1.125,2.792569398880005,1.9062433242797852,True
LsJ8PBga.png,line,jawa,0.7634637,YIJmH1np.png,jawa,jawa,jawa,64,364,1.0,0.0,0.0,0.0,0.2110031512605042,5.578125,13.963985443115234,1.4122343063354492,True
ENuhPIJQ.png,line,lampung,0.83930945,esnjGQul.png,lampung,lampung,lampung,147,1080,0.7551020408163265,0.0,0.0,0.8916666666666667,0.11415117379491406,8.80327868852459,0.0,3.83461332321167,True
hrTYW18L.png,block,pegon,0.8066507,3YQhv7gK.png,pegon,pegon,pegon,145,156,1.0,0.0,0.0,0.12179487179487179,0.15747126436781608,1.0758620689655172,1.9149425029754639,1.7371509075164795,True
ERrLQ3NB.png,line,jawa,0.85009396,8V7Dp51C.png,jawa,jawa,jawa,90,638,1.0,0.0,0.0,0.0,0.3098236331569665,7.0,2.290421485900879,2.9263155460357666,True
6nVTYWdq.png,line,lampung,0.902141,2Z5KwPmp.png,lampung,lampung,lampung,81,360,0.7654320987654321,0.0,0.0,0.8527777777777777,0.11340614118391897,4.875,0.0,7.118529319763184,True
Yhiz4g2U.png,block,pegon,0.77394974,tsihOkEn.png,pegon,pegon,pegon,159,209,1.0,0.0,0.0,0.0,0.18512834401612951,1.3144654088050314,42.51852035522461,2.293318510055542,True
ceQacvZu.png,line,lampung,0.85921437,PzgGMHjn.png,lampung,lampung,lampung,35,131,0.7142857142857143,0.0,0.0,0.7862595419847328,0.19034608378870674,4.518518518518518,0.0,4.663900852203369,True
OkrpnHI7.png,line,jawa,0.75570524,VutEMVio.png,lampung,sunda,sunda,38,901,1.0,0.10526315789473684,0.0,0.6792452830188679,0.12045903632770938,20.305555555555557,0.21134412288665771,2.550104856491089,False
Ay9ut7Ah.png,line,pegon,0.86079735,L3pUypPe.png,pegon,pegon,pegon,87,838,1.0,0.0,0.0,0.4606205250596659,0.22875789708051544,9.494252873563218,0.0,5.025726795196533,True
tmI3uCUC.png,line,jawi,0.8810591,Wfsqr4mk.png,jawi,jawi,jawi,71,328,1.0,0.0,0.0,0.4847560975609756,0.19622674317509997,4.563380281690141,0.0,5.289597511291504,True
Jb6p2XUL.png,block,jawi,0.90521854,LkEMHDv3.png,jawi,jawi,jawi,87,138,0.6896551724137931,0.0,0.0,0.6521739130434783,0.15467980295566502,1.6571428571428573,0.0,5.975769996643066,True
NQ4C3L7O.png,line,sunda,0.8649787,i7V6mkQt.png,sunda,sunda,sunda,41,801,0.8536585365853658,0.0,0.0,0.3982521847690387,0.20715392198281932,21.916666666666668,0.0,5.606475353240967,True
3TzdfqFP.png,line,bali,0.9106914,k7EpqbzA.png,bali,bali,bali,56,1542,1.0,0.0,0.0,0.6588845654993515,0.16756803907885554,25.589285714285715,0.0,5.910214424133301,True
ORmZmU6c.png,block,pegon,0.77818096,3YQhv7gK.png,pegon,pegon,pegon,119,130,1.0,0.0,0.0,0.4153846153846154,0.12223658694246929,1.0924369747899159,35.86884307861328,1.53264582157135,True
7mBicLAI.png,line,sunda,0.82197535,ZEBHEINS.png,sunda,sunda,sunda,91,812,1.0,0.0,0.0,0.5997536945812808,0.06062430719964967,8.824175824175825,0.0,8.14848804473877,True
czonWT2R.png,block,lampung,1.0,HrgEozJY.png,lampung,lampung,lampung,243,375,0.9917695473251029,0.00823045267489712,0.0,0.0,0.16025240054869686,1.5432098765432098,12.4276762008667,3.5384342670440674,True
tTqyYtRU.png,line,lontara,0.9092242,Z1un6yl6.png,lontara,lontara,lontara,57,871,0.7017543859649122,0.0,0.0,0.6417910447761194,0.1643664717348928,19.0,0.0,6.210653781890869,True
WFXTeJuH.png,block,pegon,0.82209456,3YQhv7gK.png,pegon,pegon,pegon,147,161,0.9591836734693877,0.0,0.0,0.0,0.16922296869058182,1.0952380952380953,10.769468307495117,3.4288926124572754,True
qKE9HlEW.png,line,jawa,0.8629474,8V7Dp51C.png,jawa,jawa,jawa,76,630,1.0,0.0,0.0,0.0,0.2943290734824281,8.236842105263158,30.666959762573242,4.122109413146973,True
vNdb2CIb.png,line,jawi,0.90602505,s1YcGI2I.png,jawi,jawi,jawi,57,539,0.9473684210526315,0.0,0.0,0.7198515769944341,0.17221289621803101,9.350877192982455,8.282296180725098,3.2661798000335693,True
lP6F45t9.png,line,lontara,0.9010513,ucv8CliR.png,lontara,lontara,lontara,81,897,1.0,0.0,0.0,0.568561872909699,0.15307489519858247,10.580246913580247,0.0,6.025998592376709,True
sOsQCyDE.png,line,bali,0.91291267,ODB5WupS.png,bali,bali,bali,63,1408,0.9682539682539683,0.0,0.0,0.7237215909090909,0.12718979868370112,20.825396825396826,0.0,6.741452693939209,True
EbTdvepg.png,block,pegon,0.92454576,6KVqgrdM.png,pegon,pegon,pegon,145,156,1.0,0.0,0.0,0.42948717948717946,0.16834659593280282,1.0758620689655172,0.0,5.719229698181152,True
qpwMjJNL.png,line,jawa,0.8182013,YIJmH1np.png,jawa,jawa,jawa,101,624,1.0,0.0,0.0,0.0,0.4236087401843633,5.742574257425742,21.95122528076172,1.8930964469909668,True
vyWZjIyU.png,line,sunda,0.8072376,FxLdbpDH.png,sunda,sunda,sunda,42,94,0.7380952380952381,0.0,0.0,0.776595744680851,0.2097107438016529,2.6666666666666665,6.0012664794921875,4.043874740600586,True
48gMlXRq.png,block,pegon,0.81853473,3YQhv7gK.png,pegon,pegon,pegon,147,154,0.9727891156462585,0.0,0.0,0.36363636363636365,0.1659157169361251,1.0476190476190477,29.4964656829834,1.2665011882781982,True
l231HyFQ.png,line,lampung,0.8913137,KgLrlvQi.png,lampung,lampung,lampung,82,170,0.6829268292682927,0.0,0.0,0.5647058823529412,0.1480376766091052,2.6530612244897958,0.0,7.269328594207764,True
rcrdiDBU.png,block,pegon,0.8362265,3YQhv7gK.png,pegon,pegon,pegon,146,152,1.0,0.0,0.0,0.03289473684210526,0.20849855803893294,1.0410958904109588,9.158796310424805,2.0297536849975586,True
xV9ONO3u.png,line,jawa,0.78618515,VutEMVio.png,lontara,lontara,lontara,53,826,1.0,0.0,0.0,0.0,0.22579768843228293,14.415094339622641,8.541116714477539,2.771909236907959,False
3xKp8zpl.jpg,block,sunda,0.82817566,XE1yQhgw.webp,sunda,sunda,sunda,180,320,0.8833333333333333,0.0,0.0,0.50625,0.43299932402878843,1.8253012048192772,57.28095626831055,3.812014579772949,True
ooq1TFcW.png,line,jawi,0.8091067,I0e6a2ip.png,jawi,jawi,jawi,51,237,0.6862745098039216,0.0,0.0,0.4092827004219409,0.1273987866782221,4.804878048780488,0.0,6.639592170715332,True
BvLkM6aL.png,line,jawa,0.82130414,UdhDfaAy.png,lampung,lampung,lampung,39,334,0.9487179487179487,0.20512820512820512,0.20512820512820512,0.10179640718562874,0.1319179822173834,10.121212121212121,29.50859832763672,3.9719948768615723,False
vsk9QtTb.png,line,lampung,0.86742544,jwXtZIPo.png,lampung,lampung,lampung,36,133,0.9444444444444444,0.0,0.0,0.7669172932330827,0.19370404411764705,3.764705882352941,0.0,3.5554451942443848,True
VxtFRGfW.png,line,lontara,0.7791202,F53YDFQs.png,lontara,lontara,lontara,72,939,0.8333333333333334,0.0,0.0,0.6900958466453674,0.11667626491155902,14.384615384615385,0.0,6.780350208282471,True
Bd663sGX.png,line,bali,0.92683816,Ke1EtMqj.png,bali,bali,bali,61,1405,0.9508196721311475,0.0,0.0,0.7145907473309608,0.14565956325962345,21.42622950819672,0.0,6.361941337585449,True
DqnWrNtX.png,line,jawi,0.9545131,N7QMo30a.png,jawi,jawi,jawi,79,382,1.0,0.0,0.0,0.31675392670157065,0.24269458658766496,4.7594936708860756,0.0,4.871098518371582,True
CyWHK8cb.png,line,jawi,0.92651916,6jg6wZYM.png,jawi,jawi,jawi,76,808,1.0,0.0,0.0,0.4665841584158416,0.309886558501517,10.5,0.0,4.483372688293457,True
9lfnHqnq.png,line,sunda,0.8956661,0AGadw2m.png,sunda,sunda,sunda,42,89,0.7380952380952381,0.0,0.0,0.6853932584269663,0.2515082956259427,2.2941176470588234,0.0,5.758188724517822,True
FycvTEy1.png,line,jawa,0.9153974,TXWQkfQ4.png,jawa,jawa,jawa,123,680,1.0,0.0,0.0,0.0,0.3779292204686753,5.528455284552845,0.0,7.336263656616211,True
Uvfd1mdN.png,line,jawa,0.8273709,p3gMu4xn.png,bali,bali,bali,69,1289,0.9565217391304348,0.0,0.0,0.0,0.13385716780164134,18.043478260869566,46.26644515991211,3.254715919494629,False
StrB0qdK.png,line,jawi,0.76735437,ErsHzyfq.png,pegon,jawi,pegon,78,386,1.0,0.0,0.0,0.10621761658031088,0.3559851202338249,4.948717948717949,0.3462202847003937,0.869821310043335,True
EgmLlFKZ.png,line,pegon,0.9256859,ck3xe1MM.png,pegon,pegon,pegon,56,862,0.9821428571428571,0.0,0.0,0.4965197215777262,0.1942823803967328,15.303571428571429,0.0,5.448556423187256,True
arezgmsE.png,line,jawa,0.86665714,Kz7831AM.png,jawa,jawa,jawa,49,665,1.0,0.0,0.0,0.0,0.3026697083667304,13.510204081632653,3.6748504638671875,3.572775363922119,True
1XZHKujf.png,line,lampung,0.88179135,zng5Ob2d.png,lampung,lampung,lampung,38,118,0.9210526315789473,0.0,0.0,0.6440677966101694,0.12234042553191489,2.473684210526316,0.0,4.440524578094482,True
4nHzJCWR.png,line,jawa,0.8785182,ghORLgLJ.png,jawa,jawa,jawa,57,581,0.9473684210526315,0.0,0.0,0.5421686746987951,0.2125554098770057,9.859649122807017,0.0,4.301120758056641,True
8axHGxnX.jpg,block,lampung,0.77483606,Sq4mQMmX.webp,jawa,jawa,jawa,168,300,0.8095238095238095,0.0,0.0,0.006666666666666667,0.10330062444246209,1.9407894736842106,11.226012229919434,7.937704563140869,False
hND1kQVy.png,line,jawa,0.8557309,YapID8rH.png,jawa,jawa,jawa,52,576,1.0,0.0,0.0,0.003472222222222222,0.22038058095750404,11.0,2.817775011062622,2.856855869293213,True
fyQWaVK3.png,line,lampung,0.8422162,3E6RGIb9.png,lampung,lampung,lampung,32,76,0.90625,0.0,0.0,0.75,0.17145382235969953,2.3548387096774195,0.0,3.03745436668396,True
CybNCann.png,line,jawa,0.7619115,YIJmH1np.png,jawa,jawa,jawa,101,659,1.0,0.0,0.0,0.0,0.1510519801980198,6.336633663366337,19.718685150146484,2.7908895015716553,True
zAe4xcKI.png,block,pegon,0.8403409,3YQhv7gK.png,pegon,pegon,pegon,153,171,1.0,0.0,0.0,0.011695906432748537,0.16253631082062456,0.9411764705882353,35.4270133972168,2.841783285140991,True
QEsx1HUL.png,line,lampung,0.8901608,TVGT0l15.png,lampung,lampung,lampung,40,148,0.775,0.0,0.0,0.8175675675675675,0.1647186147186147,4.242424242424242,0.0,4.075918197631836,True
hzd4Ktmp.png,line,jawa,0.8373335,DraaCBcD.png,jawa,jawa,jawa,67,559,1.0,0.0,0.0,0.8318425760286225,0.24757324261708555,9.163934426229508,0.0,4.206195831298828,True
5DCOY2zY.png,block,sunda,0.9325047,P4GmIvf9.png,sunda,sunda,sunda,55,84,0.6,0.0,0.0,0.39285714285714285,0.33868092691622104,1.9411764705882353,0.0,5.628088474273682,True
8H61GdWM.png,line,bali,0.9005953,KxxJsUIA.png,bali,bali,bali,59,1444,0.9830508474576272,0.0,0.0,0.7132963988919667,0.15809221068539195,22.050847457627118,0.0,6.197993755340576,True
