image_id,ctype,v1,v2,v3,pattern
WEajVawh.png,glyph,2,6,6,all differ
qA1ZrD98.png,line,3,3,3,v1=v2 (v3 alone)
G4lDbpor.png,line,2,2,2,v1=v2 (v3 alone)
fDI0VO86.png,line,2,2,2,v1=v2 (v3 alone)
J9SshuHf.png,line,1,0,0,all differ
aZwZsKoj.png,line,3,3,3,v1=v2 (v3 alone)
5sibrN1x.png,line,1,1,1,v1=v2 (v3 alone)
OQTuij3P.png,block,5,5,5,v1=v2 (v3 alone)
ItQogqk5.jpg,page,0,0,0,v1=v2 (v3 alone)
ZqydnzgJ.png,page,5,5,5,v1=v2 (v3 alone)
PVjGocDm.png,line,4,4,4,v1=v2 (v3 alone)
VJtZBYhT.png,line,5,5,5,v1=v2 (v3 alone)
0CSBXH8E.png,block,1,1,1,v1=v2 (v3 alone)
Qs5gOQRU.png,line,5,5,5,v1=v2 (v3 alone)
3pEwqbyv.png,block,0,0,0,v1=v2 (v3 alone)
LYSJlPHg.jpg,page,3,3,3,v1=v2 (v3 alone)
RuN8j9dn.png,line,3,3,3,v1=v2 (v3 alone)
r0elQ0IA.jpg,page,2,2,2,v1=v2 (v3 alone)
2vGITeza.png,line,3,3,3,v1=v2 (v3 alone)
8cP0TG9G.png,line,6,6,6,v1=v2 (v3 alone)
j6anMMkb.png,line,3,3,3,v1=v2 (v3 alone)
KTQSUrrc.jpg,page,2,2,2,v1=v2 (v3 alone)
m5VeP6bO.png,line,2,2,2,v1=v2 (v3 alone)
SnCZ4PQw.png,block,5,5,5,v1=v2 (v3 alone)
wBQ3yw10.png,line,2,2,2,v1=v2 (v3 alone)
AdpKUfiD.png,line,0,0,0,v1=v2 (v3 alone)
KEu2kTL0.jpg,page,0,0,0,v1=v2 (v3 alone)
vDh3sqrP.png,line,6,6,6,v1=v2 (v3 alone)
vlFWLeRt.jpg,page,2,2,2,v1=v2 (v3 alone)
i3o0uiBI.png,block,5,5,5,v1=v2 (v3 alone)
GzY7jkaJ.png,line,6,6,6,v1=v2 (v3 alone)
G3QE12Wa.png,line,3,4,3,v1=v3 (v2 alone)
OejnTLcZ.png,page,5,5,5,v1=v2 (v3 alone)
XSED2XWK.jpg,page,1,1,1,v1=v2 (v3 alone)
inXsqhEY.png,block,6,6,6,v1=v2 (v3 alone)
ndpkiGAu.jpg,page,6,1,1,all differ
bJbum0jm.png,line,0,0,0,v1=v2 (v3 alone)
vhJKwyt6.png,line,3,3,3,v1=v2 (v3 alone)
HC8195r5.jpg,page,2,1,1,all differ
FsRveb1q.png,block,5,5,5,v1=v2 (v3 alone)
I9EOqAYR.png,line,6,6,6,v1=v2 (v3 alone)
1ylSINFk.png,line,1,1,1,v1=v2 (v3 alone)
os7DW2YN.png,line,6,6,6,v1=v2 (v3 alone)
lYmPrQa7.png,block,5,5,5,v1=v2 (v3 alone)
DouTwCmZ.jpg,page,3,3,3,v1=v2 (v3 alone)
JM5Rlwfw.png,block,5,5,5,v1=v2 (v3 alone)
4ONNN3sr.png,line,2,2,2,v1=v2 (v3 alone)
26WUdDnL.jpg,page,1,1,1,v1=v2 (v3 alone)
sXLZOJSp.jpg,block,3,3,3,v1=v2 (v3 alone)
TdLGEb6y.png,line,4,4,4,v1=v2 (v3 alone)
eJBz6Ijo.png,line,4,4,4,v1=v2 (v3 alone)
QfVxUOA8.png,line,6,6,6,v1=v2 (v3 alone)
xKDQ2khc.png,glyph,2,2,2,v1=v2 (v3 alone)
J0DSglN2.png,line,2,2,2,v1=v2 (v3 alone)
S9OQQwUs.png,block,5,5,5,v1=v2 (v3 alone)
Y3FTOh22.png,line,3,3,3,v1=v2 (v3 alone)
U8zdIIUJ.png,line,2,2,2,v1=v2 (v3 alone)
MXzGfFQm.jpg,page,5,5,5,v1=v2 (v3 alone)
TWwOlCLX.webp,page,2,2,2,v1=v2 (v3 alone)
aYPxmfJH.png,block,2,2,2,v1=v2 (v3 alone)
Z7BTkpZi.png,line,4,4,4,v1=v2 (v3 alone)
3ZJwNBAE.png,line,2,2,2,v1=v2 (v3 alone)
VjUX1UMA.jpg,page,1,1,1,v1=v2 (v3 alone)
Pe5YLNR7.png,line,4,4,4,v1=v2 (v3 alone)
yDpRmpun.jpg,page,2,2,2,v1=v2 (v3 alone)
7WFSRZdK.png,line,6,6,6,v1=v2 (v3 alone)
ih56UWvz.jpg,page,0,0,0,v1=v2 (v3 alone)
SkISLMsf.png,line,6,6,6,v1=v2 (v3 alone)
na92LGMz.png,line,4,4,4,v1=v2 (v3 alone)
1ZVk0eST.png,line,3,3,3,v1=v2 (v3 alone)
gdOOKVnw.png,line,3,3,3,v1=v2 (v3 alone)
ehzSl5Ig.png,line,4,4,4,v1=v2 (v3 alone)
fWSSeXCX.webp,page,5,5,5,v1=v2 (v3 alone)
zNfsepUJ.png,glyph,2,2,2,v1=v2 (v3 alone)
fkJRTTfO.png,line,5,5,5,v1=v2 (v3 alone)
pgSyyi4V.png,line,6,6,6,v1=v2 (v3 alone)
YZumQKNy.jpg,page,2,6,1,all differ
WiADA2MM.png,line,3,3,3,v1=v2 (v3 alone)
OZQEsgPy.png,line,3,3,3,v1=v2 (v3 alone)
HLdt1ZzI.png,line,4,4,4,v1=v2 (v3 alone)
9JSbMpTZ.jpg,block,1,0,0,all differ
dzq5cujj.jpg,page,5,5,5,v1=v2 (v3 alone)
OsqMdOFN.png,line,2,2,2,v1=v2 (v3 alone)
HgwXDSUQ.png,glyph,6,6,6,v1=v2 (v3 alone)
pTQL9HRj.png,line,2,2,2,v1=v2 (v3 alone)
3nLgwaxm.png,line,3,3,3,v1=v2 (v3 alone)
TXqX2mWJ.png,block,1,1,1,v1=v2 (v3 alone)
q0xsg3Dy.jpg,page,4,4,5,v1=v2 (v3 alone)
F9izBJpz.png,line,1,0,0,all differ
t82u4xu2.png,line,6,6,6,v1=v2 (v3 alone)
jg4VFZds.jpg,block,5,5,5,v1=v2 (v3 alone)
lUuephPg.jpg,page,1,4,1,v1=v3 (v2 alone)
OnWsj9bp.png,line,3,3,3,v1=v2 (v3 alone)
1c7Wpj98.png,line,1,1,1,v1=v2 (v3 alone)
WSBZPBmt.png,line,1,1,1,v1=v2 (v3 alone)
aQis1ndJ.jpg,page,1,1,1,v1=v2 (v3 alone)
zFNBzMgh.jpg,page,2,2,2,v1=v2 (v3 alone)
BKre5xTa.jpg,page,6,1,1,all differ
vE1lC5ua.jpg,page,2,2,2,v1=v2 (v3 alone)
F50UsMaR.webp,page,4,2,2,all differ
26z1ANyb.jpg,page,2,2,2,v1=v2 (v3 alone)
CnBToLjM.png,line,4,4,4,v1=v2 (v3 alone)
uNqqe0I4.png,line,6,6,6,v1=v2 (v3 alone)
WBPdHXL5.png,line,1,1,1,v1=v2 (v3 alone)
U7vvUNPB.png,line,3,3,3,v1=v2 (v3 alone)
wLoVkfTl.png,line,1,6,2,all differ
Eys3trgy.png,glyph,6,6,6,v1=v2 (v3 alone)
fGihSJCN.png,line,2,2,2,v1=v2 (v3 alone)
rHj8SiVp.png,page,5,5,5,v1=v2 (v3 alone)
Lm3wIDHm.png,line,5,5,2,v1=v2 (v3 alone)
m7bhJXyj.png,line,2,2,2,v1=v2 (v3 alone)
3BUyPwJk.png,line,1,1,1,v1=v2 (v3 alone)
UnwSaMS8.png,page,1,1,1,v1=v2 (v3 alone)
Fj83bcac.jpg,page,1,1,1,v1=v2 (v3 alone)
AvWpUyyu.png,block,5,5,5,v1=v2 (v3 alone)
FWqUTKFt.jpg,page,4,4,4,v1=v2 (v3 alone)
GtqK3cHR.jpg,page,1,1,1,v1=v2 (v3 alone)
nGSdmtoh.png,block,5,5,5,v1=v2 (v3 alone)
pVthZwP1.png,line,1,1,1,v1=v2 (v3 alone)
5eX664EA.png,line,1,1,1,v1=v2 (v3 alone)
ScnmEXLU.png,line,4,4,4,v1=v2 (v3 alone)
n6DUkpEY.png,line,5,5,5,v1=v2 (v3 alone)
xUGmT8fC.png,line,6,6,6,v1=v2 (v3 alone)
Xre8jQe3.webp,page,3,5,1,all differ
C6hR7VXO.png,line,4,4,4,v1=v2 (v3 alone)
8I2L3o6S.png,line,0,0,0,v1=v2 (v3 alone)
SxoWWkm3.png,line,4,4,4,v1=v2 (v3 alone)
aq9Gx8p5.png,line,2,2,2,v1=v2 (v3 alone)
k5xdnWK8.png,page,6,6,6,v1=v2 (v3 alone)
hJmQnS4O.png,line,2,2,2,v1=v2 (v3 alone)
Dpu9hYWa.png,line,2,2,2,v1=v2 (v3 alone)
xQjZVApr.png,block,5,5,5,v1=v2 (v3 alone)
OqzKJN52.png,line,3,3,3,v1=v2 (v3 alone)
LvoCIxWk.png,line,6,6,6,v1=v2 (v3 alone)
jDvkwspJ.png,line,4,4,4,v1=v2 (v3 alone)
iSe2cw0a.png,line,3,3,3,v1=v2 (v3 alone)
5kT0KM0c.png,line,3,3,3,v1=v2 (v3 alone)
5K4PiZGI.png,line,6,6,6,v1=v2 (v3 alone)
AdLJqOB1.png,glyph,5,5,5,v1=v2 (v3 alone)
1RE1VcHj.jpg,page,1,6,5,all differ
Mgzl4MJw.png,line,2,2,2,v1=v2 (v3 alone)
H036HViM.jpg,page,6,6,6,v1=v2 (v3 alone)
n5DNTpPv.png,glyph,5,5,5,v1=v2 (v3 alone)
G53WDmJS.png,line,1,1,1,v1=v2 (v3 alone)
yuiAa6pM.jpg,page,1,1,1,v1=v2 (v3 alone)
8QbQfOFO.png,block,5,5,5,v1=v2 (v3 alone)
ErGST9sT.jpg,line,2,2,2,v1=v2 (v3 alone)
KLS2GwTM.png,line,1,1,1,v1=v2 (v3 alone)
PFdjl0p9.jpg,page,5,5,5,v1=v2 (v3 alone)
Pcz6TMby.png,block,5,5,5,v1=v2 (v3 alone)
ItKYqOPE.jpg,page,1,1,1,v1=v2 (v3 alone)
a9BmtPJb.jpg,page,3,3,3,v1=v2 (v3 alone)
EMRQOOsO.png,line,6,6,6,v1=v2 (v3 alone)
nQwYl20J.png,line,0,0,0,v1=v2 (v3 alone)
10YNnodr.png,line,3,3,3,v1=v2 (v3 alone)
x8yJPsGV.png,line,0,0,0,v1=v2 (v3 alone)
y4Div1Ps.jpg,page,4,4,4,v1=v2 (v3 alone)
IwuTnbUj.png,line,3,3,3,v1=v2 (v3 alone)
6nRakZMt.png,page,0,0,0,v1=v2 (v3 alone)
4PdmVIkP.png,line,1,4,2,all differ
4sMBUagD.png,page,1,1,1,v1=v2 (v3 alone)
lFWeSmNZ.png,line,4,4,4,v1=v2 (v3 alone)
mHeGx7ZL.png,line,1,1,1,v1=v2 (v3 alone)
xlXgf5c2.png,line,4,4,4,v1=v2 (v3 alone)
NtuvqiQ4.png,line,2,2,2,v1=v2 (v3 alone)
PbWauHfe.png,line,3,3,3,v1=v2 (v3 alone)
ipYw1jbF.jpg,page,5,5,5,v1=v2 (v3 alone)
emcWShUR.png,line,1,1,1,v1=v2 (v3 alone)
zpaJVslx.png,page,5,5,5,v1=v2 (v3 alone)
K3eaNag9.png,page,0,0,0,v1=v2 (v3 alone)
YBRfQm8i.jpg,line,4,4,4,v1=v2 (v3 alone)
TqNcmXGk.png,glyph,3,6,6,all differ
75FTutS8.png,line,2,2,2,v1=v2 (v3 alone)
svOhCBGO.png,line,6,6,6,v1=v2 (v3 alone)
Y43lbNxD.jpg,page,5,5,5,v1=v2 (v3 alone)
PHspQViJ.png,line,3,3,3,v1=v2 (v3 alone)
irfN8SvM.png,block,0,0,0,v1=v2 (v3 alone)
6keS2q1W.png,line,1,1,1,v1=v2 (v3 alone)
iqjxUJyG.png,glyph,5,5,5,v1=v2 (v3 alone)
056AqPTe.jpg,page,5,5,5,v1=v2 (v3 alone)
tuQn2tFG.jpg,page,5,2,2,all differ
VCETFUEm.png,block,6,6,6,v1=v2 (v3 alone)
KbH41LGp.png,line,0,0,0,v1=v2 (v3 alone)
uDeervHv.png,line,3,3,3,v1=v2 (v3 alone)
kOzZg1JG.jpg,page,1,0,0,all differ
VYOpwZqb.png,line,3,3,3,v1=v2 (v3 alone)
tFNYQUUg.png,line,2,2,2,v1=v2 (v3 alone)
ZjFyliaI.png,line,2,2,2,v1=v2 (v3 alone)
ikM06HcP.png,line,1,6,6,all differ
zLGulVUF.png,line,5,5,5,v1=v2 (v3 alone)
XBafp2ut.png,line,2,2,2,v1=v2 (v3 alone)
XziMPG8z.png,line,6,6,6,v1=v2 (v3 alone)
24T5SZRZ.png,line,1,1,1,v1=v2 (v3 alone)
Osd5jaCP.png,glyph,2,2,2,v1=v2 (v3 alone)
P8cAscCZ.png,block,3,3,3,v1=v2 (v3 alone)
jM8Jsl4A.png,glyph,3,3,3,v1=v2 (v3 alone)
s74sHDUk.png,line,6,6,6,v1=v2 (v3 alone)
0n7QAEVG.png,block,5,2,5,v1=v3 (v2 alone)
l7zErLnw.jpg,page,6,6,6,v1=v2 (v3 alone)
LPbJ8Xa9.png,line,1,1,1,v1=v2 (v3 alone)
uneupKp4.jpg,page,5,5,5,v1=v2 (v3 alone)
RQ3dXMka.png,block,6,6,6,v1=v2 (v3 alone)
gPxFUf2Q.png,line,3,3,3,v1=v2 (v3 alone)
gCeXTM6f.png,page,2,2,2,v1=v2 (v3 alone)
RCAhhZd5.png,line,4,4,4,v1=v2 (v3 alone)
EZsD6yU2.png,line,3,3,3,v1=v2 (v3 alone)
YwAccQRI.jpg,page,3,3,3,v1=v2 (v3 alone)
YUSbZwlL.png,block,5,5,5,v1=v2 (v3 alone)
etGskeZb.png,line,3,3,3,v1=v2 (v3 alone)
hLjOXcIt.png,line,3,3,3,v1=v2 (v3 alone)
XHfBbGro.png,line,0,0,0,v1=v2 (v3 alone)
qq4ruweS.png,line,3,3,3,v1=v2 (v3 alone)
88um4MLL.png,line,2,2,2,v1=v2 (v3 alone)
mh0dnpYt.png,line,2,2,2,v1=v2 (v3 alone)
EkcAINcb.jpg,page,5,5,5,v1=v2 (v3 alone)
t4WWJWrm.png,line,2,4,2,v1=v3 (v2 alone)
CnD6r3Nc.png,line,6,6,6,v1=v2 (v3 alone)
KErle2IZ.png,line,3,3,3,v1=v2 (v3 alone)
OxqIjBqf.png,page,2,2,2,v1=v2 (v3 alone)
eQdRb66P.bmp,page,3,3,3,v1=v2 (v3 alone)
rAp05mwt.jpg,page,3,3,3,v1=v2 (v3 alone)
NOtYR2fS.png,line,3,3,3,v1=v2 (v3 alone)
2JOdaZIF.jpg,page,1,1,1,v1=v2 (v3 alone)
U7VOFbSp.png,line,3,3,3,v1=v2 (v3 alone)
8oq6zqeT.jpg,page,4,4,4,v1=v2 (v3 alone)
A8vOjcCg.png,line,5,5,5,v1=v2 (v3 alone)
Pof0hs8v.png,line,2,2,2,v1=v2 (v3 alone)
wHZdMejr.jpg,page,3,2,2,all differ
UNtkdcp9.png,line,2,2,2,v1=v2 (v3 alone)
XkbrUkn5.png,line,2,4,3,all differ
31eEtdGH.png,line,1,1,1,v1=v2 (v3 alone)
eGkKGqww.png,line,1,1,1,v1=v2 (v3 alone)
7CyTFt1f.png,line,6,6,6,v1=v2 (v3 alone)
oY0gb7Sn.jpg,page,1,1,1,v1=v2 (v3 alone)
LfkwfRXY.png,line,2,2,2,v1=v2 (v3 alone)
Ep42uvIt.jpg,page,0,0,0,v1=v2 (v3 alone)
Dm7oXhal.png,line,3,3,3,v1=v2 (v3 alone)
VoJ1Xg9b.png,block,1,1,1,v1=v2 (v3 alone)
GFi010T3.png,line,1,1,1,v1=v2 (v3 alone)
3thCZSyH.jpg,page,6,1,6,v1=v3 (v2 alone)
LiB3gmQw.png,page,1,1,1,v1=v2 (v3 alone)
fI8C362v.png,glyph,6,6,6,v1=v2 (v3 alone)
pFSi98wx.png,line,1,1,1,v1=v2 (v3 alone)
K1OaxX8K.png,line,1,1,1,v1=v2 (v3 alone)
MLej2rDG.png,line,3,3,3,v1=v2 (v3 alone)
VbUDzy4i.jpg,page,4,4,4,v1=v2 (v3 alone)
ujjDXtsH.png,block,5,5,5,v1=v2 (v3 alone)
o6wvvIED.jpg,page,0,4,4,all differ
UIyE3mPI.png,line,3,3,3,v1=v2 (v3 alone)
DFkLcO4k.png,line,1,1,1,v1=v2 (v3 alone)
KjfiynKK.jpg,page,1,1,1,v1=v2 (v3 alone)
FBTHN0rk.jpg,block,5,5,5,v1=v2 (v3 alone)
bxQcDY0h.png,line,1,1,1,v1=v2 (v3 alone)
oJMW3lXi.png,line,1,1,1,v1=v2 (v3 alone)
UZkcwMR2.png,block,5,5,5,v1=v2 (v3 alone)
ay6KXtZE.png,line,3,4,4,all differ
O2jk1qCX.png,block,1,1,1,v1=v2 (v3 alone)
iQAE0e2j.png,line,1,1,1,v1=v2 (v3 alone)
JR8H0DtD.png,line,1,6,6,all differ
O8zOrSNi.png,line,3,3,3,v1=v2 (v3 alone)
XNKeg34p.png,block,5,5,5,v1=v2 (v3 alone)
YUrX9JYE.png,glyph,6,6,6,v1=v2 (v3 alone)
GsTqjyBm.png,line,2,2,2,v1=v2 (v3 alone)
ezwvAKNA.png,line,2,2,2,v1=v2 (v3 alone)
mgq2eH5y.png,line,2,2,2,v1=v2 (v3 alone)
1kBHFF7b.png,line,1,1,1,v1=v2 (v3 alone)
8fctJinJ.png,line,2,2,2,v1=v2 (v3 alone)
TQ0omJqB.png,block,5,5,5,v1=v2 (v3 alone)
Y4p39xPf.png,block,5,5,5,v1=v2 (v3 alone)
D2al3WFj.png,line,1,1,1,v1=v2 (v3 alone)
aFNQd7Wq.jpg,page,1,1,1,v1=v2 (v3 alone)
lEgRN8gs.png,line,3,3,3,v1=v2 (v3 alone)
00T8kKS9.png,line,2,2,2,v1=v2 (v3 alone)
dNOv6cil.png,line,6,6,6,v1=v2 (v3 alone)
pkr1vakn.png,line,3,3,3,v1=v2 (v3 alone)
3PuR8UUd.png,line,6,6,6,v1=v2 (v3 alone)
Ybv4ejqR.jpg,page,3,3,3,v1=v2 (v3 alone)
fJlFp9qb.png,line,6,6,6,v1=v2 (v3 alone)
SegSnPMo.png,line,3,3,3,v1=v2 (v3 alone)
jTbRy3wy.png,line,4,4,4,v1=v2 (v3 alone)
wfrQPPz0.png,line,3,3,3,v1=v2 (v3 alone)
l7zm4ex5.jpg,page,4,4,4,v1=v2 (v3 alone)
i2Po8naX.png,line,4,4,4,v1=v2 (v3 alone)
J1wE89Kg.png,line,4,4,4,v1=v2 (v3 alone)
IFsvMMMZ.png,line,1,1,1,v1=v2 (v3 alone)
JxJ5O6S2.png,block,5,5,5,v1=v2 (v3 alone)
bdWh7vZy.jpg,page,3,1,1,all differ
xKOr051L.png,block,5,5,5,v1=v2 (v3 alone)
u04JTLXq.png,line,1,1,1,v1=v2 (v3 alone)
wZXItSQr.png,line,6,6,6,v1=v2 (v3 alone)
kiTqS47o.png,line,1,1,1,v1=v2 (v3 alone)
2DNZmXTB.png,block,5,5,5,v1=v2 (v3 alone)
FwX91kPV.png,line,6,6,6,v1=v2 (v3 alone)
KUPPAWQo.png,line,1,1,1,v1=v2 (v3 alone)
ZkaIdXph.png,block,5,5,5,v1=v2 (v3 alone)
ipee2D8y.png,line,0,0,0,v1=v2 (v3 alone)
3htXo3T1.png,line,6,6,6,v1=v2 (v3 alone)
VpiyizbZ.png,line,3,3,3,v1=v2 (v3 alone)
Osr6x8QO.jpg,page,3,3,3,v1=v2 (v3 alone)
pEh1Rkyx.png,line,5,5,5,v1=v2 (v3 alone)
hkW7FAtu.png,line,3,3,3,v1=v2 (v3 alone)
EfsKBSzv.png,block,3,3,3,v1=v2 (v3 alone)
ucJ8RJ0x.png,block,5,5,5,v1=v2 (v3 alone)
KWPvaaiz.png,line,1,1,1,v1=v2 (v3 alone)
3P33Mx6w.png,line,0,0,0,v1=v2 (v3 alone)
m8gGjDUO.png,line,4,4,4,v1=v2 (v3 alone)
2kwxMF1P.png,line,1,1,1,v1=v2 (v3 alone)
YrcxD0Iz.png,line,2,2,2,v1=v2 (v3 alone)
LDnDYpYN.png,line,4,4,4,v1=v2 (v3 alone)
Ql34AEov.png,block,5,5,5,v1=v2 (v3 alone)
0G6K6Mgx.png,line,1,1,1,v1=v2 (v3 alone)
rCFHzah9.jpg,page,1,1,0,v1=v2 (v3 alone)
nYuKVvtP.png,glyph,6,6,6,v1=v2 (v3 alone)
iMzXnHzi.png,line,4,4,4,v1=v2 (v3 alone)
H2wD2Cwp.jpg,page,1,1,1,v1=v2 (v3 alone)
nmE8gjqc.png,block,5,5,5,v1=v2 (v3 alone)
hu2IO3uu.png,block,2,2,2,v1=v2 (v3 alone)
pOdWxgnU.jpg,page,5,5,5,v1=v2 (v3 alone)
Urll2kV8.png,block,5,5,5,v1=v2 (v3 alone)
3WOfUs8V.jpg,page,5,5,5,v1=v2 (v3 alone)
QnomGMrW.png,page,2,2,2,v1=v2 (v3 alone)
qdyOBJMm.png,line,3,3,3,v1=v2 (v3 alone)
AJtfjse4.png,line,1,1,1,v1=v2 (v3 alone)
uo2fXOOg.png,line,6,6,6,v1=v2 (v3 alone)
bzYOfktG.jpg,page,0,0,0,v1=v2 (v3 alone)
MEIIpTFk.jpg,page,3,3,3,v1=v2 (v3 alone)
vbTrP2XB.png,glyph,6,6,6,v1=v2 (v3 alone)
cgKILzhK.png,block,5,5,5,v1=v2 (v3 alone)
wddJmAo6.png,line,4,4,4,v1=v2 (v3 alone)
iApRoWXi.png,line,1,1,1,v1=v2 (v3 alone)
hzmyHjwd.png,line,1,1,1,v1=v2 (v3 alone)
ANvXuugy.jpg,page,6,1,6,v1=v3 (v2 alone)
mHPYOxBd.png,line,3,3,3,v1=v2 (v3 alone)
3Vb1a9Jq.png,line,1,1,1,v1=v2 (v3 alone)
ZBvUKEFY.jpg,page,3,3,3,v1=v2 (v3 alone)
j2A8mZqi.png,line,1,0,0,all differ
GVuvm0Fe.png,line,6,6,6,v1=v2 (v3 alone)
yH8kDyOL.png,line,3,3,3,v1=v2 (v3 alone)
pmpFP6tE.jpg,page,1,1,1,v1=v2 (v3 alone)
HmO2XhX4.png,line,3,3,3,v1=v2 (v3 alone)
DzyTnG3l.png,line,3,3,3,v1=v2 (v3 alone)
2vw5LSXt.png,block,5,5,5,v1=v2 (v3 alone)
BdjIUfGT.png,line,5,5,5,v1=v2 (v3 alone)
a2xlyNPU.png,line,3,3,3,v1=v2 (v3 alone)
jKDXOxK5.png,line,1,1,1,v1=v2 (v3 alone)
tCOj1eAD.png,block,5,5,5,v1=v2 (v3 alone)
2T7yQYeE.jpg,page,4,4,2,v1=v2 (v3 alone)
VPd59w2G.png,glyph,3,6,6,all differ
TkC0OpHV.png,line,3,3,3,v1=v2 (v3 alone)
fEklPkNb.png,block,5,5,5,v1=v2 (v3 alone)
nb7zv9pn.png,line,3,3,3,v1=v2 (v3 alone)
3Ab69ql6.jpg,page,5,5,5,v1=v2 (v3 alone)
T2fp5mfj.png,line,6,6,6,v1=v2 (v3 alone)
fjnGrtEu.png,line,3,3,3,v1=v2 (v3 alone)
HgFDeeQj.png,line,2,2,2,v1=v2 (v3 alone)
khaxzjZo.png,glyph,6,6,6,v1=v2 (v3 alone)
AGHPVJzn.png,line,1,1,1,v1=v2 (v3 alone)
nNFES8AI.png,line,3,3,3,v1=v2 (v3 alone)
o36fxQgG.jpg,page,1,1,1,v1=v2 (v3 alone)
94w0nbLY.jpg,page,3,3,3,v1=v2 (v3 alone)
WfW6DiJL.png,line,1,1,1,v1=v2 (v3 alone)
3VEBASAg.png,line,0,0,0,v1=v2 (v3 alone)
T0d4kIfP.jpg,page,4,4,4,v1=v2 (v3 alone)
fL2JmXEd.png,block,6,6,6,v1=v2 (v3 alone)
XptxcyjW.png,line,1,0,0,all differ
EnCEWDE8.jpg,page,1,4,4,all differ
KBBAssZV.webp,page,1,6,6,all differ
5K0ntO8j.png,line,3,3,3,v1=v2 (v3 alone)
4Exa86KL.png,block,5,5,5,v1=v2 (v3 alone)
mx7LCCNB.png,line,4,4,4,v1=v2 (v3 alone)
9KPYHyTK.jpg,page,0,0,0,v1=v2 (v3 alone)
SCCerkBY.jpg,page,0,0,1,v1=v2 (v3 alone)
IINdF7pr.webp,page,5,5,5,v1=v2 (v3 alone)
5IMxeqAJ.png,line,1,1,1,v1=v2 (v3 alone)
chtz5jzk.jpg,page,4,4,4,v1=v2 (v3 alone)
8jfXGtZJ.png,line,1,0,0,all differ
sZuRUcfR.png,line,1,1,1,v1=v2 (v3 alone)
5wSDIkxd.png,line,1,1,1,v1=v2 (v3 alone)
WsL7EGKU.jpg,page,4,4,4,v1=v2 (v3 alone)
TttzcFgE.jpg,page,0,0,0,v1=v2 (v3 alone)
EqOy0Ygp.jpg,line,5,5,5,v1=v2 (v3 alone)
MWUxUolm.png,line,0,0,0,v1=v2 (v3 alone)
vI3WShwa.bmp,page,6,6,6,v1=v2 (v3 alone)
yPoCDaF4.png,glyph,6,6,6,v1=v2 (v3 alone)
xR0SEbgG.png,line,1,1,1,v1=v2 (v3 alone)
fF7SuGhV.png,glyph,2,6,6,all differ
W6smHRuA.png,line,6,6,6,v1=v2 (v3 alone)
EMntqvyh.png,block,2,2,2,v1=v2 (v3 alone)
4OR8cPdh.jpg,page,3,3,3,v1=v2 (v3 alone)
zdu2Zw13.png,block,5,5,5,v1=v2 (v3 alone)
W2n52G1r.jpg,page,5,5,5,v1=v2 (v3 alone)
hgfKArJw.png,page,1,1,1,v1=v2 (v3 alone)
DVXTo7I6.png,line,5,5,5,v1=v2 (v3 alone)
QlEiR0iG.jpg,page,2,2,2,v1=v2 (v3 alone)
vmQ5ocag.png,line,6,6,6,v1=v2 (v3 alone)
6walxVK4.jpg,page,2,2,2,v1=v2 (v3 alone)
yOU77fDe.png,line,0,0,0,v1=v2 (v3 alone)
VYSBSqiL.png,line,2,2,2,v1=v2 (v3 alone)
X2RZw52N.png,line,0,0,0,v1=v2 (v3 alone)
pWnaLPgR.jpg,page,0,0,0,v1=v2 (v3 alone)
TkcyO0pK.jpg,page,3,3,3,v1=v2 (v3 alone)
wEqxO932.png,line,3,3,3,v1=v2 (v3 alone)
PpusvmqU.png,line,1,1,1,v1=v2 (v3 alone)
5u5TVLbj.png,line,6,6,6,v1=v2 (v3 alone)
05JGzTkN.png,line,1,1,1,v1=v2 (v3 alone)
vGWIjnJU.png,block,5,5,5,v1=v2 (v3 alone)
RyJnmmhF.png,line,2,2,2,v1=v2 (v3 alone)
0N0MItKu.png,line,2,2,2,v1=v2 (v3 alone)
4IateSUS.png,line,2,5,2,v1=v3 (v2 alone)
WrucuNTl.jpg,page,1,5,2,all differ
nrjSuQUI.png,block,5,5,5,v1=v2 (v3 alone)
zT9aeQxi.jpg,page,0,0,0,v1=v2 (v3 alone)
Q9imR7oT.jpg,page,0,0,0,v1=v2 (v3 alone)
c8jZaveK.png,line,2,2,2,v1=v2 (v3 alone)
nIhqTJNj.png,block,1,1,1,v1=v2 (v3 alone)
lWYdBjrk.png,line,6,6,6,v1=v2 (v3 alone)
HUGi0nLM.jpg,page,1,5,0,all differ
rErI59dc.png,block,5,5,5,v1=v2 (v3 alone)
2yagSjhm.png,page,1,4,4,all differ
h8v2QrgF.png,line,0,0,0,v1=v2 (v3 alone)
WayCSImu.png,block,5,5,5,v1=v2 (v3 alone)
7VMfcMHI.png,line,6,6,6,v1=v2 (v3 alone)
9zGlcdIa.png,line,3,3,3,v1=v2 (v3 alone)
s05yO8BP.png,line,3,3,3,v1=v2 (v3 alone)
YLBrPsjO.png,line,1,1,1,v1=v2 (v3 alone)
TXkxko1i.jpg,page,5,5,5,v1=v2 (v3 alone)
95YZVrDD.png,line,6,6,6,v1=v2 (v3 alone)
7ckJIDU4.png,block,5,5,5,v1=v2 (v3 alone)
loTQb3H7.png,line,3,3,3,v1=v2 (v3 alone)
34HKXjV9.png,line,2,2,2,v1=v2 (v3 alone)
rZnOMgbJ.png,glyph,6,6,6,v1=v2 (v3 alone)
6W0xinoW.png,line,2,2,2,v1=v2 (v3 alone)
BF2a88L9.webp,page,3,3,3,v1=v2 (v3 alone)
vdHe3qEg.png,line,4,4,4,v1=v2 (v3 alone)
nGYbQt8U.png,line,3,3,3,v1=v2 (v3 alone)
r7fakC6Y.png,line,1,1,1,v1=v2 (v3 alone)
01eMwHuH.png,line,2,2,2,v1=v2 (v3 alone)
mzWOtlbp.png,line,5,5,5,v1=v2 (v3 alone)
iiCd7aNl.jpg,page,0,0,0,v1=v2 (v3 alone)
NjeIgej1.png,block,5,5,5,v1=v2 (v3 alone)
r3Ups2lg.png,line,2,2,2,v1=v2 (v3 alone)
AQwUoSbi.png,line,6,6,6,v1=v2 (v3 alone)
USzzfXaO.png,line,6,6,6,v1=v2 (v3 alone)
nWpj5DQ3.png,line,2,2,2,v1=v2 (v3 alone)
ak3GwgIz.png,line,2,2,2,v1=v2 (v3 alone)
a48ZKsTM.png,block,5,5,5,v1=v2 (v3 alone)
3f76p0cH.png,line,5,5,5,v1=v2 (v3 alone)
WIzFRrQw.png,line,3,3,3,v1=v2 (v3 alone)
t0CUnaq7.png,line,0,0,0,v1=v2 (v3 alone)
CURsUyvi.jpg,page,3,3,3,v1=v2 (v3 alone)
rSIh1IgC.png,line,6,6,6,v1=v2 (v3 alone)
TSJcHALM.jpg,page,6,6,6,v1=v2 (v3 alone)
gxSxzmWq.png,page,4,4,4,v1=v2 (v3 alone)
hS8BXVxE.png,line,2,2,2,v1=v2 (v3 alone)
FJIb3JJZ.png,line,2,2,2,v1=v2 (v3 alone)
103HUaxy.png,line,3,3,3,v1=v2 (v3 alone)
KJdY1jWR.jpg,page,1,1,1,v1=v2 (v3 alone)
qO6OKcRs.jpg,page,5,5,2,v1=v2 (v3 alone)
BpemwSh9.png,block,5,5,5,v1=v2 (v3 alone)
XMWlmHYn.webp,page,1,1,1,v1=v2 (v3 alone)
cIvpkHsH.jpg,page,2,2,2,v1=v2 (v3 alone)
iN8lmlCB.png,block,5,5,5,v1=v2 (v3 alone)
YtqTEdMc.png,line,3,3,3,v1=v2 (v3 alone)
TsW7zvts.png,line,4,4,4,v1=v2 (v3 alone)
Y978qcT3.jpg,page,3,3,3,v1=v2 (v3 alone)
RsrT9tlT.png,line,1,1,1,v1=v2 (v3 alone)
VEr26nUc.png,line,2,2,2,v1=v2 (v3 alone)
fLvo3NSl.png,line,3,6,6,all differ
Kmt3tBTF.png,line,1,1,1,v1=v2 (v3 alone)
0yYINh3K.png,line,5,2,2,all differ
JC72Wvwy.png,block,0,0,0,v1=v2 (v3 alone)
TCGOSVcJ.png,line,5,5,5,v1=v2 (v3 alone)
Kvzj3Pv0.png,line,2,2,2,v1=v2 (v3 alone)
33wj8h0R.png,line,4,4,4,v1=v2 (v3 alone)
yZhMQJBZ.jpg,block,1,1,1,v1=v2 (v3 alone)
0GsnAjkh.jpg,page,3,3,3,v1=v2 (v3 alone)
UtmpkmTz.jpg,page,3,1,1,all differ
u18BMse4.jpg,page,1,1,0,v1=v2 (v3 alone)
cgrMsZJ8.png,line,2,2,2,v1=v2 (v3 alone)
yEwOuwUz.jpg,page,2,2,5,v1=v2 (v3 alone)
GtmANNHc.png,block,5,5,5,v1=v2 (v3 alone)
FNnSLEoz.jpg,page,3,3,3,v1=v2 (v3 alone)
hO5C0YCv.png,line,4,4,4,v1=v2 (v3 alone)
WUwowK3j.jpg,page,1,1,1,v1=v2 (v3 alone)
g1V2Jf5T.png,line,6,6,6,v1=v2 (v3 alone)
G9emTgSa.png,line,3,3,3,v1=v2 (v3 alone)
3nA3W49u.jpg,page,5,5,5,v1=v2 (v3 alone)
5RITOks4.png,line,3,3,3,v1=v2 (v3 alone)
hOmpjJmw.png,glyph,6,6,6,v1=v2 (v3 alone)
3MWxF7cW.png,line,6,6,6,v1=v2 (v3 alone)
deHZj2TH.png,line,0,0,0,v1=v2 (v3 alone)
0u4WUqfd.png,line,2,2,2,v1=v2 (v3 alone)
wX7bM0kB.png,line,5,5,5,v1=v2 (v3 alone)
08ir1p0K.png,line,3,3,3,v1=v2 (v3 alone)
Q0tOdDTQ.png,glyph,6,6,6,v1=v2 (v3 alone)
Cs3YLT81.png,line,0,0,0,v1=v2 (v3 alone)
nq6bdC2J.jpg,page,3,1,6,all differ
hSV8sh6t.png,block,5,5,5,v1=v2 (v3 alone)
8vFap5BO.png,line,0,0,0,v1=v2 (v3 alone)
3sAJUg9D.png,line,1,1,1,v1=v2 (v3 alone)
FfhHxvVH.png,line,4,4,4,v1=v2 (v3 alone)
5tEuNxV2.png,line,2,2,2,v1=v2 (v3 alone)
0QmUSo8n.jpg,page,3,1,1,all differ
WHISm4Km.png,line,1,1,1,v1=v2 (v3 alone)
MnP02zXP.png,line,2,2,2,v1=v2 (v3 alone)
EFM6OYGv.png,line,3,3,3,v1=v2 (v3 alone)
6op2Y2yh.png,line,6,6,6,v1=v2 (v3 alone)
d7cXQ2Qo.png,block,5,5,5,v1=v2 (v3 alone)
323hhBsX.png,line,2,2,2,v1=v2 (v3 alone)
GYYGbbBG.png,block,1,1,1,v1=v2 (v3 alone)
PX3mxCZj.png,line,3,3,3,v1=v2 (v3 alone)
LnSqXuEu.png,line,4,4,2,v1=v2 (v3 alone)
NOBQTAfI.png,block,5,5,5,v1=v2 (v3 alone)
GmgmFkbL.png,glyph,6,6,6,v1=v2 (v3 alone)
rR8Jn0tX.png,line,3,3,3,v1=v2 (v3 alone)
JpskgVWZ.png,line,6,6,6,v1=v2 (v3 alone)
HAzZ4mgu.png,line,0,0,0,v1=v2 (v3 alone)
tcTkCXgy.png,line,6,6,6,v1=v2 (v3 alone)
kyWx0ZQy.png,block,2,5,5,all differ
xU9Yyahd.png,line,0,0,0,v1=v2 (v3 alone)
GKqjIlWl.png,line,4,4,4,v1=v2 (v3 alone)
pfViDMBL.png,line,4,4,4,v1=v2 (v3 alone)
EAYCAQ59.png,line,6,6,6,v1=v2 (v3 alone)
l59U3nzg.png,line,4,4,4,v1=v2 (v3 alone)
XYvglGWB.png,block,6,6,6,v1=v2 (v3 alone)
2HeVFuqg.png,line,0,0,0,v1=v2 (v3 alone)
BqEBJVOi.png,line,1,1,1,v1=v2 (v3 alone)
KRx3Vmia.png,line,1,1,1,v1=v2 (v3 alone)
l4bmCKrg.png,line,3,3,3,v1=v2 (v3 alone)
s9WmvGWk.png,block,5,5,5,v1=v2 (v3 alone)
KhpaPPC0.png,line,1,1,1,v1=v2 (v3 alone)
YeQKBE9M.png,line,5,5,5,v1=v2 (v3 alone)
kSLTls5b.jpg,page,2,2,3,v1=v2 (v3 alone)
43HAydRQ.png,line,0,0,0,v1=v2 (v3 alone)
e2cUfICY.png,block,5,5,5,v1=v2 (v3 alone)
IQ8kGbtE.png,line,1,1,1,v1=v2 (v3 alone)
OIaA5eXo.png,line,5,5,5,v1=v2 (v3 alone)
ulIaHLEa.png,line,4,4,4,v1=v2 (v3 alone)
91m3Rxef.jpg,block,5,5,5,v1=v2 (v3 alone)
cGozUXSG.jpg,page,3,3,3,v1=v2 (v3 alone)
1bbYyX22.png,line,1,0,0,all differ
89dSOcz7.png,line,1,1,1,v1=v2 (v3 alone)
MgAgepYl.png,line,3,3,3,v1=v2 (v3 alone)
hqJ103Sp.jpg,page,1,0,0,all differ
D7NbcemQ.png,line,1,1,1,v1=v2 (v3 alone)
4X7I7UNx.png,line,4,4,4,v1=v2 (v3 alone)
LTy8fniU.png,line,3,3,3,v1=v2 (v3 alone)
HI5mb7iB.png,line,3,3,3,v1=v2 (v3 alone)
raGbK5Tu.png,page,6,1,1,all differ
P9E70Dmo.png,line,2,4,4,all differ
86AuEeEl.png,line,3,3,3,v1=v2 (v3 alone)
90fjiYcU.png,line,0,0,0,v1=v2 (v3 alone)
PDsak7xf.png,block,5,5,5,v1=v2 (v3 alone)
OvOP7g6o.png,block,5,5,5,v1=v2 (v3 alone)
qATEq0HP.jpg,page,1,1,1,v1=v2 (v3 alone)
EcXKkfB4.png,block,5,5,5,v1=v2 (v3 alone)
Pt4L9F8V.png,line,3,3,3,v1=v2 (v3 alone)
jTD8Zh8H.png,line,1,1,1,v1=v2 (v3 alone)
7dPUZjhP.png,line,1,1,1,v1=v2 (v3 alone)
S6L0aYU5.png,glyph,6,6,6,v1=v2 (v3 alone)
oMiIYb91.jpg,page,5,5,2,v1=v2 (v3 alone)
OkORWxGB.png,block,5,5,5,v1=v2 (v3 alone)
fNNSh4tQ.png,line,4,4,4,v1=v2 (v3 alone)
pZsW1GoY.jpg,page,0,0,0,v1=v2 (v3 alone)
hSxVaXor.jpg,page,0,0,0,v1=v2 (v3 alone)
fCHu0AYO.jpg,page,5,5,5,v1=v2 (v3 alone)
fgVE5ccy.png,page,1,1,1,v1=v2 (v3 alone)
myxkjkgQ.webp,page,0,0,0,v1=v2 (v3 alone)
OEWabCe7.jpg,page,3,3,3,v1=v2 (v3 alone)
Qdwfb3Ge.png,line,3,3,3,v1=v2 (v3 alone)
jmtUqfDV.png,line,1,1,1,v1=v2 (v3 alone)
nwCtXeZ4.png,line,2,2,2,v1=v2 (v3 alone)
z2vsKyPU.jpg,page,4,4,4,v1=v2 (v3 alone)
kYXFycIv.png,line,1,1,1,v1=v2 (v3 alone)
CXBsxs5B.png,page,2,2,2,v1=v2 (v3 alone)
Orjz0RPU.jpg,page,1,0,1,v1=v3 (v2 alone)
J1ixlQWm.png,line,3,3,3,v1=v2 (v3 alone)
kVmtA8MR.png,line,1,6,6,all differ
d1ToAyba.png,line,0,0,0,v1=v2 (v3 alone)
lPzv5eqY.png,line,2,2,2,v1=v2 (v3 alone)
pku4lkFa.png,line,0,0,0,v1=v2 (v3 alone)
RUb8zlTE.png,line,3,3,3,v1=v2 (v3 alone)
Oys3soEI.png,glyph,6,6,6,v1=v2 (v3 alone)
reA9BLpu.png,line,4,4,4,v1=v2 (v3 alone)
OiiDyhUF.png,line,4,4,4,v1=v2 (v3 alone)
i3He2y1Y.png,line,3,3,3,v1=v2 (v3 alone)
J7G57bTW.png,line,4,4,4,v1=v2 (v3 alone)
uRe54tg1.png,line,5,5,5,v1=v2 (v3 alone)
phH6CAnL.jpg,block,1,1,1,v1=v2 (v3 alone)
SagDWqdN.png,line,3,3,3,v1=v2 (v3 alone)
niyHlOIV.png,line,1,1,1,v1=v2 (v3 alone)
mS4vyvre.png,line,6,6,6,v1=v2 (v3 alone)
VE3D743t.png,line,1,1,1,v1=v2 (v3 alone)
a5zGM5iK.jpg,page,3,3,3,v1=v2 (v3 alone)
Q2NwIzMD.png,block,5,5,5,v1=v2 (v3 alone)
98PJUOnr.png,block,5,5,5,v1=v2 (v3 alone)
LOM2Cl5C.png,block,5,5,5,v1=v2 (v3 alone)
ZyfCy8J2.png,line,2,2,2,v1=v2 (v3 alone)
s53qLnER.png,line,1,1,1,v1=v2 (v3 alone)
oam3a8sH.png,page,0,0,0,v1=v2 (v3 alone)
QXGCGLVW.png,line,1,1,1,v1=v2 (v3 alone)
XTddzS4X.png,block,0,0,0,v1=v2 (v3 alone)
731K7Cai.jpg,page,0,0,0,v1=v2 (v3 alone)
7TmjWUdk.png,line,0,0,0,v1=v2 (v3 alone)
dUllUsCz.jpg,page,2,2,2,v1=v2 (v3 alone)
jK32E0JD.png,line,4,4,4,v1=v2 (v3 alone)
feCJMsmX.png,page,4,4,4,v1=v2 (v3 alone)
h5nYoAdw.png,line,4,4,4,v1=v2 (v3 alone)
Hv8tHeqB.png,line,3,3,3,v1=v2 (v3 alone)
tQWUm1oA.png,line,1,1,1,v1=v2 (v3 alone)
RbxPyn4x.png,line,3,3,3,v1=v2 (v3 alone)
QFfZe8ew.png,line,0,0,0,v1=v2 (v3 alone)
Tv6WAzx4.png,line,2,2,2,v1=v2 (v3 alone)
54J05dmZ.png,page,2,3,3,all differ
I29sCR8B.png,line,3,3,3,v1=v2 (v3 alone)
edRKaasR.jpg,page,2,6,6,all differ
UnICwyqg.png,line,2,2,2,v1=v2 (v3 alone)
JYfbeH12.jpg,page,1,1,0,v1=v2 (v3 alone)
Ky0oQWpj.png,line,3,3,3,v1=v2 (v3 alone)
ChZIBpdG.png,line,1,1,1,v1=v2 (v3 alone)
VuSyev7a.png,line,3,3,3,v1=v2 (v3 alone)
okSu4ciV.png,line,6,6,6,v1=v2 (v3 alone)
CXBUMBFn.png,line,2,2,2,v1=v2 (v3 alone)
KewGrZpD.png,line,2,2,2,v1=v2 (v3 alone)
0RAnFoKU.png,block,5,5,5,v1=v2 (v3 alone)
P9JfVGGD.png,line,3,3,3,v1=v2 (v3 alone)
DaAz8lL4.png,line,0,0,0,v1=v2 (v3 alone)
nRdhCMHl.png,line,1,1,1,v1=v2 (v3 alone)
Zi7kJrQs.png,line,6,6,6,v1=v2 (v3 alone)
JyGnx4Yb.png,block,5,5,5,v1=v2 (v3 alone)
dPgoqmRa.png,block,6,6,6,v1=v2 (v3 alone)
qDDmJZ7z.png,line,1,1,1,v1=v2 (v3 alone)
Whk8ayUq.png,line,6,6,6,v1=v2 (v3 alone)
MCWevjoy.jpg,page,4,4,4,v1=v2 (v3 alone)
lKlzHcor.png,line,3,3,3,v1=v2 (v3 alone)
oal4ko2F.png,line,2,2,2,v1=v2 (v3 alone)
tKOzQYKm.png,page,1,1,1,v1=v2 (v3 alone)
59tDe5Gv.webp,page,2,2,2,v1=v2 (v3 alone)
oGT8HWEq.png,line,2,2,2,v1=v2 (v3 alone)
JlYULXkv.png,glyph,6,6,6,v1=v2 (v3 alone)
6VezOnWn.jpg,page,5,5,5,v1=v2 (v3 alone)
wxpzk5d3.png,line,6,6,6,v1=v2 (v3 alone)
AnSP4JJ3.jpg,page,1,0,0,all differ
nGWPVJWU.png,line,3,3,3,v1=v2 (v3 alone)
vMXZNRut.png,line,4,4,4,v1=v2 (v3 alone)
oU4Afjm0.png,line,1,1,1,v1=v2 (v3 alone)
xLY3M8f5.png,line,2,2,2,v1=v2 (v3 alone)
1nxydDHq.png,line,2,2,2,v1=v2 (v3 alone)
Dhgw3OD7.png,line,4,4,4,v1=v2 (v3 alone)
3mAvzleS.png,line,1,1,1,v1=v2 (v3 alone)
im6uI6sb.png,line,6,6,6,v1=v2 (v3 alone)
zEYv6W21.png,line,5,2,2,all differ
aCi9dvle.png,glyph,2,2,2,v1=v2 (v3 alone)
j4rJdmko.png,line,3,3,3,v1=v2 (v3 alone)
TZ1ueTRt.png,line,6,6,6,v1=v2 (v3 alone)
hel3KOlu.png,line,3,3,3,v1=v2 (v3 alone)
Krjvxple.jpg,page,5,5,2,v1=v2 (v3 alone)
0b658G9J.png,line,2,2,2,v1=v2 (v3 alone)
4MUwwG4m.png,line,2,2,2,v1=v2 (v3 alone)
LWZ0IOje.png,line,6,6,6,v1=v2 (v3 alone)
G7edH2Ra.png,block,5,5,5,v1=v2 (v3 alone)
GtRD7Rmf.png,line,2,2,2,v1=v2 (v3 alone)
dfssXIo8.jpg,page,2,2,5,v1=v2 (v3 alone)
cln7Plo6.png,line,5,5,5,v1=v2 (v3 alone)
OeILLbO4.jpg,page,0,0,0,v1=v2 (v3 alone)
ZaYgfQQL.png,line,0,0,0,v1=v2 (v3 alone)
KbrCt83X.png,block,3,5,5,all differ
bn00IwdS.jpg,page,2,2,2,v1=v2 (v3 alone)
DcbTyhLk.png,block,2,2,2,v1=v2 (v3 alone)
qi2VSDd6.png,line,2,2,2,v1=v2 (v3 alone)
pqtG762h.png,line,1,1,1,v1=v2 (v3 alone)
b4mplqNJ.png,block,1,1,1,v1=v2 (v3 alone)
KEBMdQDz.jpg,page,1,1,1,v1=v2 (v3 alone)
OQWkQ4vH.png,line,1,1,1,v1=v2 (v3 alone)
uiAFa39T.png,line,1,1,1,v1=v2 (v3 alone)
u8gRNSJu.jpg,page,0,3,3,all differ
oI6wrK4S.png,line,3,3,3,v1=v2 (v3 alone)
WvFIkFHu.png,line,3,3,3,v1=v2 (v3 alone)
KR5EpRnz.png,line,5,2,2,all differ
4Pc0Kc1p.jpg,page,5,5,5,v1=v2 (v3 alone)
eiFKAMFN.png,page,1,1,1,v1=v2 (v3 alone)
VKy7LWsI.png,line,2,2,2,v1=v2 (v3 alone)
dng6mbzW.png,line,1,1,1,v1=v2 (v3 alone)
XOb5w4Tj.jpg,page,3,3,3,v1=v2 (v3 alone)
du6bZvPZ.png,line,2,4,3,all differ
yhu5vLZ2.png,line,3,3,3,v1=v2 (v3 alone)
dZIHQ6IO.jpg,page,4,4,4,v1=v2 (v3 alone)
pvGzanwP.png,line,1,1,1,v1=v2 (v3 alone)
Sto0xADH.png,line,3,3,3,v1=v2 (v3 alone)
h5xnSsJF.png,line,1,1,1,v1=v2 (v3 alone)
Z6ZSedJs.png,block,5,5,5,v1=v2 (v3 alone)
0Be8uAsz.png,line,5,5,5,v1=v2 (v3 alone)
9KzA3sXY.png,line,3,3,3,v1=v2 (v3 alone)
rZpMW2CH.png,block,5,5,5,v1=v2 (v3 alone)
87cOoBaA.png,line,1,1,1,v1=v2 (v3 alone)
PgHL2J1Y.jpg,page,3,3,3,v1=v2 (v3 alone)
NHCgSr47.jpg,page,5,5,5,v1=v2 (v3 alone)
EtYbzPDr.png,line,3,3,3,v1=v2 (v3 alone)
8a3JTa3q.png,block,5,5,5,v1=v2 (v3 alone)
MgJkaaVi.png,line,6,6,6,v1=v2 (v3 alone)
fCvfu7Us.png,line,2,2,2,v1=v2 (v3 alone)
81HeWJBq.png,line,3,3,3,v1=v2 (v3 alone)
qAqrMJcb.png,line,1,6,1,v1=v3 (v2 alone)
Ipz3NlA5.png,line,2,2,2,v1=v2 (v3 alone)
YuvQpaWw.png,line,1,1,1,v1=v2 (v3 alone)
XVc6dD9e.png,line,4,4,4,v1=v2 (v3 alone)
0gywkqZS.png,line,0,0,0,v1=v2 (v3 alone)
kdvH7v80.png,line,3,3,3,v1=v2 (v3 alone)
47iZwzAU.png,line,6,6,6,v1=v2 (v3 alone)
40oY2xIY.jpg,page,5,5,1,v1=v2 (v3 alone)
EVa764br.png,line,1,1,1,v1=v2 (v3 alone)
8suclccs.png,line,1,1,1,v1=v2 (v3 alone)
BNarjjGj.png,page,3,3,3,v1=v2 (v3 alone)
vzYKFY2J.png,block,5,5,5,v1=v2 (v3 alone)
uZCXeRsn.jpg,page,1,1,1,v1=v2 (v3 alone)
7O7h7FxL.png,line,2,2,2,v1=v2 (v3 alone)
hiiIL22I.jpg,page,6,6,1,v1=v2 (v3 alone)
ZyABnADj.png,line,1,1,1,v1=v2 (v3 alone)
PQQXgTWv.png,line,6,6,6,v1=v2 (v3 alone)
bVqDZDkZ.jpg,page,3,3,3,v1=v2 (v3 alone)
cOV7dwV9.png,line,3,3,3,v1=v2 (v3 alone)
VHglU5tG.png,line,6,6,6,v1=v2 (v3 alone)
eizJ5AcS.png,line,2,2,2,v1=v2 (v3 alone)
Cz8bkDL2.png,line,3,3,3,v1=v2 (v3 alone)
v977Z2zw.png,line,2,2,2,v1=v2 (v3 alone)
NlR91Rwp.webp,page,5,5,5,v1=v2 (v3 alone)
nifwsZzJ.png,line,5,5,5,v1=v2 (v3 alone)
w3IjrsOh.jpg,page,2,2,2,v1=v2 (v3 alone)
YpHPQVh6.png,line,3,3,3,v1=v2 (v3 alone)
JPtO2j4w.jpg,page,5,5,5,v1=v2 (v3 alone)
v4Nqvjpm.png,line,1,1,1,v1=v2 (v3 alone)
VgWTSZGj.png,line,1,1,1,v1=v2 (v3 alone)
gB3m7wJI.png,block,5,5,5,v1=v2 (v3 alone)
HGqtBqjD.png,line,4,4,3,v1=v2 (v3 alone)
NNhdDS0q.png,glyph,6,6,6,v1=v2 (v3 alone)
Ox0GYt25.png,line,6,6,6,v1=v2 (v3 alone)
AWadd36B.png,line,2,5,2,v1=v3 (v2 alone)
0PyAzQHo.png,line,3,3,3,v1=v2 (v3 alone)
Xvvd7Ac1.png,line,6,6,6,v1=v2 (v3 alone)
OTGZSY5w.png,line,4,4,4,v1=v2 (v3 alone)
XHbRwo0Z.jpg,page,2,2,2,v1=v2 (v3 alone)
m2kSqjTS.png,page,1,1,1,v1=v2 (v3 alone)
uKjRsBx4.png,block,6,6,6,v1=v2 (v3 alone)
RehnVJdJ.png,line,3,3,3,v1=v2 (v3 alone)
jqjMd0Yx.png,line,0,0,0,v1=v2 (v3 alone)
R1SZovgr.png,block,5,5,5,v1=v2 (v3 alone)
wNwpg3Ar.jpg,page,2,2,2,v1=v2 (v3 alone)
tSvo48rE.png,line,1,1,1,v1=v2 (v3 alone)
YIMADrYw.png,line,3,3,3,v1=v2 (v3 alone)
et1jPHue.png,line,4,4,4,v1=v2 (v3 alone)
eSQjEze4.jpg,page,5,5,5,v1=v2 (v3 alone)
SMVfGAZD.png,line,2,2,2,v1=v2 (v3 alone)
jsVNMUj5.png,line,1,1,1,v1=v2 (v3 alone)
NbEwAuct.jpg,page,3,3,3,v1=v2 (v3 alone)
nrkhPH5U.png,glyph,6,6,6,v1=v2 (v3 alone)
elVJofGn.png,line,3,3,3,v1=v2 (v3 alone)
alj4mF6e.png,line,3,3,3,v1=v2 (v3 alone)
QKQTTMjT.png,line,6,6,6,v1=v2 (v3 alone)
ajknS84q.png,line,1,1,1,v1=v2 (v3 alone)
Li8nbn2t.jpg,page,2,2,2,v1=v2 (v3 alone)
4AaKRtzE.png,line,5,5,2,v1=v2 (v3 alone)
K9e8TMyg.jpg,page,1,1,1,v1=v2 (v3 alone)
V2LAceRJ.png,line,1,0,0,all differ
3asehMfn.jpg,page,3,3,3,v1=v2 (v3 alone)
hhV3ZKbu.jpg,page,5,5,5,v1=v2 (v3 alone)
66o6eVNi.png,line,6,6,6,v1=v2 (v3 alone)
qmKWKSxE.png,line,1,1,1,v1=v2 (v3 alone)
VJM1WbBN.jpg,page,3,3,3,v1=v2 (v3 alone)
c8MnpMk4.jpg,page,3,3,3,v1=v2 (v3 alone)
TaAdHNlI.png,line,1,1,1,v1=v2 (v3 alone)
kJJAyZKM.jpg,page,1,1,1,v1=v2 (v3 alone)
K2sHB4Jk.jpg,block,3,3,3,v1=v2 (v3 alone)
sa1rVmqD.png,block,5,5,5,v1=v2 (v3 alone)
MUAVkDjK.jpg,page,4,4,4,v1=v2 (v3 alone)
g31rgeLv.png,line,3,3,3,v1=v2 (v3 alone)
mR8bW1pV.png,line,0,0,0,v1=v2 (v3 alone)
N2Q2ULqo.png,line,1,6,6,all differ
BzZAMGZC.jpg,page,1,1,1,v1=v2 (v3 alone)
ubtIWQXy.png,block,5,5,5,v1=v2 (v3 alone)
5p0Dj1Vk.webp,page,6,6,6,v1=v2 (v3 alone)
zMMYfB6o.jpg,page,0,1,1,all differ
4x8Igjnl.png,line,3,3,3,v1=v2 (v3 alone)
RPlubVFj.png,line,2,2,2,v1=v2 (v3 alone)
XRQyv1Zd.png,line,3,3,3,v1=v2 (v3 alone)
XRUfcTAX.png,line,3,4,4,all differ
WUWpvdeZ.png,line,3,3,3,v1=v2 (v3 alone)
i9i4gTem.png,line,1,1,1,v1=v2 (v3 alone)
n3d8txPT.png,glyph,6,6,6,v1=v2 (v3 alone)
1aQ8f5iK.png,page,4,4,4,v1=v2 (v3 alone)
hdJrfq4s.png,line,2,2,2,v1=v2 (v3 alone)
rWnMvbQk.jpg,page,3,3,3,v1=v2 (v3 alone)
KXd0P9dH.png,line,2,2,2,v1=v2 (v3 alone)
9oawFahu.png,line,1,1,1,v1=v2 (v3 alone)
8nBGe8RJ.png,line,6,6,6,v1=v2 (v3 alone)
ZebzJoUL.jpg,page,6,1,6,v1=v3 (v2 alone)
SSysKnwZ.png,line,4,4,4,v1=v2 (v3 alone)
ZiZ0rzRd.png,line,2,2,2,v1=v2 (v3 alone)
sOyFalPj.png,line,3,3,3,v1=v2 (v3 alone)
svxunifc.png,line,4,4,4,v1=v2 (v3 alone)
G1iATUqO.png,line,1,1,1,v1=v2 (v3 alone)
ycdhjkBF.png,page,4,4,4,v1=v2 (v3 alone)
51T6XKh2.png,line,1,1,1,v1=v2 (v3 alone)
8pahLIpm.png,block,5,5,5,v1=v2 (v3 alone)
uP9TwtV2.jpg,page,1,1,1,v1=v2 (v3 alone)
aBQT6TJI.png,line,4,4,4,v1=v2 (v3 alone)
u3VWNChV.png,block,5,5,5,v1=v2 (v3 alone)
TTEUFyJY.png,line,1,1,1,v1=v2 (v3 alone)
4Jij6v9g.jpg,page,6,1,1,all differ
UzaG4Ggg.jpg,page,5,5,5,v1=v2 (v3 alone)
ix1amEQM.png,glyph,2,2,2,v1=v2 (v3 alone)
qGkM4Ur2.png,line,0,0,0,v1=v2 (v3 alone)
X5VKmeBa.jpg,page,3,3,3,v1=v2 (v3 alone)
yA7xTpY5.png,line,1,1,1,v1=v2 (v3 alone)
8HI5NDWB.png,line,1,1,1,v1=v2 (v3 alone)
ro26fXD7.png,line,3,3,3,v1=v2 (v3 alone)
4YGovcfJ.png,line,6,6,6,v1=v2 (v3 alone)
aaqExlVp.jpg,page,4,4,4,v1=v2 (v3 alone)
HOYLoAta.jpg,page,1,1,1,v1=v2 (v3 alone)
nm7BXcSo.png,glyph,6,6,6,v1=v2 (v3 alone)
S3sYitMU.png,line,2,2,2,v1=v2 (v3 alone)
bt2RKsKm.png,line,0,0,0,v1=v2 (v3 alone)
vvTcbLTG.jpg,page,3,3,3,v1=v2 (v3 alone)
xKb8yzNs.jpg,page,3,3,3,v1=v2 (v3 alone)
h2iLpucQ.png,glyph,6,6,6,v1=v2 (v3 alone)
QzYrzlso.webp,page,1,1,1,v1=v2 (v3 alone)
WNT3Tnrb.png,line,4,4,4,v1=v2 (v3 alone)
K8weUhmt.png,block,0,0,0,v1=v2 (v3 alone)
9odq553u.png,block,6,6,6,v1=v2 (v3 alone)
ol8RyevU.jpg,page,0,1,1,all differ
dRCVp0zD.jpg,page,4,4,4,v1=v2 (v3 alone)
k0Lb4cxJ.png,line,0,0,0,v1=v2 (v3 alone)
H0jEMsB8.png,block,1,1,1,v1=v2 (v3 alone)
NiDKo5Nd.png,line,3,3,3,v1=v2 (v3 alone)
5CHegCkK.jpg,page,4,4,4,v1=v2 (v3 alone)
OoUyvEqb.png,line,1,1,1,v1=v2 (v3 alone)
wp6wkjKx.png,line,0,0,0,v1=v2 (v3 alone)
wYewV5up.png,line,2,2,2,v1=v2 (v3 alone)
iiCqsrGo.png,glyph,6,6,6,v1=v2 (v3 alone)
uAEERgsB.png,line,6,6,6,v1=v2 (v3 alone)
SVxHx8pl.png,line,5,2,2,all differ
Q7bs1lcv.png,glyph,2,2,2,v1=v2 (v3 alone)
FoTOgdqM.png,block,5,5,5,v1=v2 (v3 alone)
4IujtzpE.png,glyph,6,6,6,v1=v2 (v3 alone)
akkU0GuM.jpg,block,1,0,0,all differ
RQKLdl0d.png,line,3,3,3,v1=v2 (v3 alone)
ZgnNANis.png,line,1,1,1,v1=v2 (v3 alone)
Bp5dKMs8.jpg,page,6,6,6,v1=v2 (v3 alone)
NY6h9a11.png,line,6,6,6,v1=v2 (v3 alone)
HDUihU2T.jpg,page,1,1,1,v1=v2 (v3 alone)
7okaG787.png,line,1,1,1,v1=v2 (v3 alone)
FGZEAU1U.png,line,3,3,3,v1=v2 (v3 alone)
aOLaO5JM.jpg,page,3,3,3,v1=v2 (v3 alone)
g9Kn0JHj.png,line,2,2,2,v1=v2 (v3 alone)
ZKfXeHba.jpg,page,5,5,5,v1=v2 (v3 alone)
qjtA37ao.png,line,0,0,0,v1=v2 (v3 alone)
RzcsA0iU.jpg,page,1,1,1,v1=v2 (v3 alone)
lYKRQ4Ej.jpg,page,6,1,3,all differ
kTe41wZp.png,line,2,2,2,v1=v2 (v3 alone)
eKyhXzpC.png,line,0,0,0,v1=v2 (v3 alone)
xHufZeXk.jpg,page,5,5,5,v1=v2 (v3 alone)
NSoDh4XV.png,line,6,6,6,v1=v2 (v3 alone)
qZbzOws6.png,block,5,5,5,v1=v2 (v3 alone)
p9MS8QOZ.png,block,5,5,5,v1=v2 (v3 alone)
pqiXIbz1.jpg,page,1,1,1,v1=v2 (v3 alone)
O7buaCxu.png,line,2,2,2,v1=v2 (v3 alone)
gZ6JRRo1.jpg,page,1,1,1,v1=v2 (v3 alone)
r9pkij31.png,line,2,2,2,v1=v2 (v3 alone)
7z5jC5dJ.png,line,3,3,3,v1=v2 (v3 alone)
1bSnuvCQ.jpg,page,1,4,4,all differ
w1TYNXxv.png,page,0,0,0,v1=v2 (v3 alone)
mVWaBWn7.png,line,3,3,3,v1=v2 (v3 alone)
9uBBnvVC.jpg,page,3,3,3,v1=v2 (v3 alone)
OBJjW2qr.png,line,6,6,6,v1=v2 (v3 alone)
lrxdOlAT.png,line,3,3,3,v1=v2 (v3 alone)
Y9Wo1fXp.png,block,5,5,5,v1=v2 (v3 alone)
8aIpqRW3.png,line,6,6,6,v1=v2 (v3 alone)
DmsOlx6D.png,line,4,4,4,v1=v2 (v3 alone)
xDkXQvEj.png,line,6,6,6,v1=v2 (v3 alone)
gwK0nORp.jpg,page,1,1,1,v1=v2 (v3 alone)
ewJz6r3b.png,line,0,0,0,v1=v2 (v3 alone)
xNKGV4NH.png,block,5,5,5,v1=v2 (v3 alone)
dvQD5M5A.jpg,page,1,1,1,v1=v2 (v3 alone)
JT80OyO5.png,line,3,3,3,v1=v2 (v3 alone)
9SwD0Cng.png,line,6,6,6,v1=v2 (v3 alone)
RKS9K2Fn.png,block,6,6,6,v1=v2 (v3 alone)
QDQKS6ep.png,line,1,2,3,all differ
iCbYEi4m.png,line,6,6,6,v1=v2 (v3 alone)
nMQ4F1xT.jpg,page,5,5,2,v1=v2 (v3 alone)
Kol75L34.png,line,6,1,1,all differ
APvuixRi.png,line,3,3,3,v1=v2 (v3 alone)
cXMgNAwJ.png,block,5,5,5,v1=v2 (v3 alone)
j9Sd0Ui3.webp,page,1,1,1,v1=v2 (v3 alone)
MbkiEXjb.png,line,2,2,2,v1=v2 (v3 alone)
3fw8duj3.png,glyph,5,5,5,v1=v2 (v3 alone)
9ujMxB0H.png,block,5,5,5,v1=v2 (v3 alone)
gebXt5nB.png,line,3,3,3,v1=v2 (v3 alone)
dox3Caag.jpg,page,3,3,3,v1=v2 (v3 alone)
pXsBWAib.png,block,5,5,5,v1=v2 (v3 alone)
CO9rKb3f.png,page,1,1,6,v1=v2 (v3 alone)
9QpMUepB.png,line,1,1,1,v1=v2 (v3 alone)
8vgm8wKA.png,line,1,0,0,all differ
EoiXaNBt.png,line,1,1,1,v1=v2 (v3 alone)
KtJsjnsZ.png,block,5,5,5,v1=v2 (v3 alone)
gH2GwWBW.png,line,3,3,3,v1=v2 (v3 alone)
GYZj43GE.jpg,page,3,3,3,v1=v2 (v3 alone)
n1Iuhvj5.png,line,6,6,6,v1=v2 (v3 alone)
rtb326oA.png,line,1,1,1,v1=v2 (v3 alone)
5MKxqZuH.png,line,1,1,1,v1=v2 (v3 alone)
65wJVNGh.png,line,1,1,1,v1=v2 (v3 alone)
XfeKKCjv.png,block,5,5,5,v1=v2 (v3 alone)
qaXGDMJG.png,line,1,1,1,v1=v2 (v3 alone)
CEawXvVN.png,line,3,3,3,v1=v2 (v3 alone)
TpM2nulH.png,line,1,1,1,v1=v2 (v3 alone)
LA6ocSc4.png,line,1,1,1,v1=v2 (v3 alone)
7O1Z9Ieg.png,block,0,0,0,v1=v2 (v3 alone)
ZLwA6wXB.png,line,6,6,6,v1=v2 (v3 alone)
QaGkv1XE.png,line,2,2,2,v1=v2 (v3 alone)
u3NoAYng.png,block,6,6,6,v1=v2 (v3 alone)
2jgQzL0Z.png,line,3,3,3,v1=v2 (v3 alone)
PHFLYaNx.png,line,4,4,4,v1=v2 (v3 alone)
Wcg5HVar.png,line,1,1,1,v1=v2 (v3 alone)
pm6H79rh.png,line,3,3,3,v1=v2 (v3 alone)
XmPemLJt.png,line,2,2,2,v1=v2 (v3 alone)
aUdw5dsN.png,line,6,6,6,v1=v2 (v3 alone)
C2rmpLAR.png,line,0,0,0,v1=v2 (v3 alone)
ltWHwNeH.png,line,3,3,3,v1=v2 (v3 alone)
uT2vYMoU.jpg,page,5,5,5,v1=v2 (v3 alone)
EcNEHVd7.png,line,3,3,3,v1=v2 (v3 alone)
2AxMK7gr.png,block,0,0,0,v1=v2 (v3 alone)
bop5vEvK.png,page,1,1,1,v1=v2 (v3 alone)
TIWzxvnQ.png,glyph,2,2,2,v1=v2 (v3 alone)
7yw3UO3l.png,line,4,4,4,v1=v2 (v3 alone)
3XYHokqa.png,page,4,4,4,v1=v2 (v3 alone)
BjCddVpD.png,line,3,3,3,v1=v2 (v3 alone)
A7o2WBJc.png,line,4,4,4,v1=v2 (v3 alone)
93NRlevh.jpg,page,2,3,3,all differ
vqVon2XC.png,block,5,5,5,v1=v2 (v3 alone)
IRNP6nIx.png,line,3,3,3,v1=v2 (v3 alone)
qrAaDALi.jpg,line,6,6,6,v1=v2 (v3 alone)
OE8aYn28.png,line,3,3,3,v1=v2 (v3 alone)
EpFBZRyY.png,line,3,3,3,v1=v2 (v3 alone)
58w1SSBz.png,line,3,3,3,v1=v2 (v3 alone)
Vtgd35hU.png,line,1,1,1,v1=v2 (v3 alone)
lcZIlQln.png,line,2,2,2,v1=v2 (v3 alone)
fpIL7VTV.jpg,page,5,5,5,v1=v2 (v3 alone)
Ay9ShDpL.png,line,3,3,3,v1=v2 (v3 alone)
dnS6qlsM.png,line,3,3,3,v1=v2 (v3 alone)
zbfjxVrH.png,block,2,2,2,v1=v2 (v3 alone)
bO7P6Bkt.png,page,1,1,1,v1=v2 (v3 alone)
JMUbIuxW.png,line,3,2,2,all differ
x8uS9FTz.png,page,6,6,6,v1=v2 (v3 alone)
RvR6VzKd.png,line,2,2,2,v1=v2 (v3 alone)
152nPU4v.png,line,3,3,3,v1=v2 (v3 alone)
FFjj4Gt3.jpg,page,6,6,6,v1=v2 (v3 alone)
EuBFu1a2.png,line,2,2,2,v1=v2 (v3 alone)
WPH4MRoI.jpg,page,6,6,2,v1=v2 (v3 alone)
YMl6HdPy.png,line,3,3,3,v1=v2 (v3 alone)
0LozFGtf.png,line,3,3,3,v1=v2 (v3 alone)
DlYwCXLq.png,line,3,3,3,v1=v2 (v3 alone)
keYZq33p.png,line,4,4,4,v1=v2 (v3 alone)
w2cIWsFj.png,block,5,5,5,v1=v2 (v3 alone)
zrUNvOrx.png,block,5,5,5,v1=v2 (v3 alone)
iPjo2ktw.png,line,6,6,6,v1=v2 (v3 alone)
PPx6NNeK.png,line,2,2,2,v1=v2 (v3 alone)
bhK7v2jl.png,line,3,3,3,v1=v2 (v3 alone)
XMe2g54q.png,line,2,2,2,v1=v2 (v3 alone)
GUbQCM3T.png,line,2,2,2,v1=v2 (v3 alone)
K3HrZflH.png,line,3,3,3,v1=v2 (v3 alone)
JDK2V2xX.jpg,page,4,4,4,v1=v2 (v3 alone)
dZTPToBV.png,line,1,1,1,v1=v2 (v3 alone)
PJdnk3lm.png,line,4,4,4,v1=v2 (v3 alone)
JqbYEJn9.png,glyph,1,6,6,all differ
fUMzeXB8.png,line,5,5,5,v1=v2 (v3 alone)
DA4kTYgw.jpg,page,3,3,3,v1=v2 (v3 alone)
03CmPGkT.png,block,2,2,2,v1=v2 (v3 alone)
sZitfzyO.png,line,1,1,1,v1=v2 (v3 alone)
2GJWBApQ.png,block,5,5,5,v1=v2 (v3 alone)
4655GZzK.png,line,3,3,3,v1=v2 (v3 alone)
08NfpYut.png,line,5,5,5,v1=v2 (v3 alone)
h3g0czx2.png,block,5,5,5,v1=v2 (v3 alone)
hk9RQTry.png,block,5,5,5,v1=v2 (v3 alone)
Zz2volKH.jpg,page,2,2,2,v1=v2 (v3 alone)
eMQyYGpQ.png,block,6,6,6,v1=v2 (v3 alone)
Hi29doMI.png,glyph,6,6,6,v1=v2 (v3 alone)
YpqYLMls.png,line,3,3,3,v1=v2 (v3 alone)
NDvBjnG7.jpg,page,1,1,1,v1=v2 (v3 alone)
9HLf4SFI.jpg,page,3,1,1,all differ
ZB2R1d8J.png,line,1,1,1,v1=v2 (v3 alone)
5qer90We.jpg,page,1,4,4,all differ
IBmEBKAa.png,line,0,0,0,v1=v2 (v3 alone)
74idLsML.png,block,5,5,5,v1=v2 (v3 alone)
z1R8PWlY.jpg,page,4,4,4,v1=v2 (v3 alone)
UBKtB1Oc.png,line,5,5,5,v1=v2 (v3 alone)
Q6XCuJlD.png,block,5,5,5,v1=v2 (v3 alone)
idfEwQVG.png,block,5,5,5,v1=v2 (v3 alone)
yNa3HysK.png,line,3,3,3,v1=v2 (v3 alone)
MBKVuyos.jpg,page,1,1,1,v1=v2 (v3 alone)
i0emcfgO.png,line,0,0,0,v1=v2 (v3 alone)
dozYNIIq.jpg,page,5,5,5,v1=v2 (v3 alone)
7dSHxdbK.png,line,4,4,4,v1=v2 (v3 alone)
Ug2YwR91.png,line,3,3,3,v1=v2 (v3 alone)
hFzwSHJo.jpg,page,1,1,1,v1=v2 (v3 alone)
DKYyzKJl.webp,page,3,3,3,v1=v2 (v3 alone)
m4ozFNVG.png,line,1,1,1,v1=v2 (v3 alone)
kiILGiOh.png,line,5,5,5,v1=v2 (v3 alone)
KrSZbpXE.webp,page,1,1,1,v1=v2 (v3 alone)
lWLK4H0M.jpg,page,1,1,1,v1=v2 (v3 alone)
ysYHSOU8.png,block,5,5,5,v1=v2 (v3 alone)
c7L3eKPC.png,line,1,1,1,v1=v2 (v3 alone)
0WkhIplx.png,line,3,3,3,v1=v2 (v3 alone)
6coEpME3.png,block,5,5,5,v1=v2 (v3 alone)
6bCoahIm.png,block,5,5,5,v1=v2 (v3 alone)
peNDJF4b.png,line,1,1,1,v1=v2 (v3 alone)
pDvLygmX.png,line,5,2,2,all differ
yiJYAIaE.png,line,1,1,1,v1=v2 (v3 alone)
9XCWkKHR.png,block,5,5,5,v1=v2 (v3 alone)
cgHSsmtb.png,line,3,3,3,v1=v2 (v3 alone)
YM3XRFaS.jpg,page,2,2,5,v1=v2 (v3 alone)
KCwPhJOR.png,line,5,5,5,v1=v2 (v3 alone)
ISiY75Bj.png,block,5,5,5,v1=v2 (v3 alone)
VrkXL7CM.jpg,page,3,3,3,v1=v2 (v3 alone)
5xvOZlms.png,block,5,5,5,v1=v2 (v3 alone)
2Orl9nKh.png,line,0,0,0,v1=v2 (v3 alone)
zLGTidae.png,line,6,6,6,v1=v2 (v3 alone)
L5aixmxr.jpg,page,2,2,2,v1=v2 (v3 alone)
FTIQOELb.png,line,4,4,4,v1=v2 (v3 alone)
32fihWfl.png,line,2,5,5,all differ
H1LyYAs1.png,glyph,5,5,5,v1=v2 (v3 alone)
RjDCO5Qf.png,line,0,0,0,v1=v2 (v3 alone)
2L07gdL9.png,block,5,5,5,v1=v2 (v3 alone)
oV3DKp9V.png,line,5,2,2,all differ
LrLRmKID.png,line,3,3,3,v1=v2 (v3 alone)
ryXAdzPy.png,line,6,6,6,v1=v2 (v3 alone)
7OfVqjsr.png,line,6,6,6,v1=v2 (v3 alone)
mPJCe6hs.jpg,page,1,1,1,v1=v2 (v3 alone)
tCGh0ODM.png,line,3,3,3,v1=v2 (v3 alone)
WcjGi7bD.jpg,page,4,4,4,v1=v2 (v3 alone)
23BRi8rh.png,line,0,0,0,v1=v2 (v3 alone)
VpMXVzaB.png,line,3,3,3,v1=v2 (v3 alone)
JNjLmV4a.png,line,3,3,3,v1=v2 (v3 alone)
hWyETqrp.png,line,6,6,6,v1=v2 (v3 alone)
R180IYOy.jpg,page,2,2,5,v1=v2 (v3 alone)
oRHEsOjD.jpg,page,5,5,1,v1=v2 (v3 alone)
a9Fj36gc.jpg,page,5,5,5,v1=v2 (v3 alone)
bJLlA28Q.png,block,5,5,5,v1=v2 (v3 alone)
DDxkeTH4.png,line,2,2,2,v1=v2 (v3 alone)
DL5cetUZ.png,block,5,5,5,v1=v2 (v3 alone)
oKJuL12U.png,line,2,2,2,v1=v2 (v3 alone)
8gUDOxBV.png,line,3,3,3,v1=v2 (v3 alone)
d7fok4Jf.png,block,5,5,5,v1=v2 (v3 alone)
LsJ8PBga.png,line,1,1,1,v1=v2 (v3 alone)
DhpqsuuD.png,block,5,5,5,v1=v2 (v3 alone)
ENuhPIJQ.png,line,3,3,3,v1=v2 (v3 alone)
ZiyyJUyV.jpg,page,1,1,1,v1=v2 (v3 alone)
hrTYW18L.png,block,5,5,5,v1=v2 (v3 alone)
KoIlcF7n.png,line,6,6,6,v1=v2 (v3 alone)
H0nZSBs8.png,line,4,4,4,v1=v2 (v3 alone)
TX9kKp0G.png,line,4,4,4,v1=v2 (v3 alone)
dHO7548y.png,line,1,1,1,v1=v2 (v3 alone)
4f0bFHQS.png,line,1,1,1,v1=v2 (v3 alone)
ERrLQ3NB.png,line,1,1,1,v1=v2 (v3 alone)
SugTrIfE.png,block,5,5,5,v1=v2 (v3 alone)
6nVTYWdq.png,line,3,3,3,v1=v2 (v3 alone)
TSJUX46n.png,line,5,5,5,v1=v2 (v3 alone)
Yhiz4g2U.png,block,5,5,5,v1=v2 (v3 alone)
6BEvEUwu.png,line,4,4,4,v1=v2 (v3 alone)
1yKxPNOF.jpg,page,2,2,2,v1=v2 (v3 alone)
cGmtpLhk.png,glyph,6,6,6,v1=v2 (v3 alone)
d8vlc36Q.jpg,page,2,2,2,v1=v2 (v3 alone)
ceQacvZu.png,line,3,3,3,v1=v2 (v3 alone)
OkrpnHI7.png,line,3,6,6,all differ
zBEwedW3.png,line,3,3,3,v1=v2 (v3 alone)
bnfVNZsA.jpg,page,6,6,6,v1=v2 (v3 alone)
DYpX7zIX.png,line,3,3,3,v1=v2 (v3 alone)
VznA3kbQ.jpg,page,0,1,0,v1=v3 (v2 alone)
crG5H1Hg.png,block,5,5,5,v1=v2 (v3 alone)
kwbsscuk.png,glyph,2,2,2,v1=v2 (v3 alone)
RoTutvHV.png,line,3,3,3,v1=v2 (v3 alone)
0a7wQbeX.png,line,3,3,3,v1=v2 (v3 alone)
Ruuz1e9B.png,line,1,1,1,v1=v2 (v3 alone)
Wh7DIkXi.png,line,4,4,4,v1=v2 (v3 alone)
mVeOzpW4.jpg,page,5,5,5,v1=v2 (v3 alone)
Ay9ut7Ah.png,line,5,5,5,v1=v2 (v3 alone)
tmI3uCUC.png,line,2,2,2,v1=v2 (v3 alone)
NVC7yckQ.png,glyph,2,2,2,v1=v2 (v3 alone)
iMpL5sMu.png,line,4,4,4,v1=v2 (v3 alone)
Jb6p2XUL.png,block,2,2,2,v1=v2 (v3 alone)
NQ4C3L7O.png,line,6,6,6,v1=v2 (v3 alone)
AOijj7wu.jpg,page,1,0,0,all differ
5YzXO6Bv.png,line,3,3,3,v1=v2 (v3 alone)
3TzdfqFP.png,line,0,0,0,v1=v2 (v3 alone)
pqfcNQl2.jpg,page,5,5,5,v1=v2 (v3 alone)
ORmZmU6c.png,block,5,5,5,v1=v2 (v3 alone)
7mBicLAI.png,line,6,6,6,v1=v2 (v3 alone)
DPlxUboY.png,line,0,0,0,v1=v2 (v3 alone)
czonWT2R.png,block,3,3,3,v1=v2 (v3 alone)
ErQMK3aS.jpg,page,1,1,1,v1=v2 (v3 alone)
tTqyYtRU.png,line,4,4,4,v1=v2 (v3 alone)
WFXTeJuH.png,block,5,5,5,v1=v2 (v3 alone)
qKE9HlEW.png,line,1,1,1,v1=v2 (v3 alone)
tZXzX4LT.jpg,page,4,3,1,all differ
vNdb2CIb.png,line,2,2,2,v1=v2 (v3 alone)
24Ya45ra.png,line,3,3,3,v1=v2 (v3 alone)
u3zlnDGD.png,line,3,3,3,v1=v2 (v3 alone)
x6XqsJiB.jpg,page,3,3,3,v1=v2 (v3 alone)
mPZVwZ0A.png,line,3,3,3,v1=v2 (v3 alone)
65TY0a9M.png,line,4,4,4,v1=v2 (v3 alone)
CAtOcJgM.webp,page,5,5,5,v1=v2 (v3 alone)
0wyhwwt2.jpg,page,5,5,5,v1=v2 (v3 alone)
WLDo1RbW.png,glyph,6,6,6,v1=v2 (v3 alone)
ldyaKhEA.jpg,page,6,1,1,all differ
0tdPUH81.png,line,1,1,1,v1=v2 (v3 alone)
1hZMcGvT.png,line,1,1,1,v1=v2 (v3 alone)
NCCpBo66.jpg,page,3,3,3,v1=v2 (v3 alone)
lP6F45t9.png,line,4,4,4,v1=v2 (v3 alone)
BWwQs87e.jpg,page,5,5,5,v1=v2 (v3 alone)
CNxlN8DZ.png,line,6,6,6,v1=v2 (v3 alone)
sOsQCyDE.png,line,0,0,0,v1=v2 (v3 alone)
70y7dEjo.png,line,2,2,2,v1=v2 (v3 alone)
EbTdvepg.png,block,5,5,5,v1=v2 (v3 alone)
Do2TlKOY.png,block,5,5,5,v1=v2 (v3 alone)
yf1UwE2n.png,line,3,3,3,v1=v2 (v3 alone)
edJIl8Kh.jpg,page,4,0,0,all differ
T24kNPOi.png,line,3,3,3,v1=v2 (v3 alone)
D5zDImAS.jpg,page,3,3,3,v1=v2 (v3 alone)
w5c6oVVG.png,line,4,4,2,v1=v2 (v3 alone)
0w9yioJV.png,page,5,5,5,v1=v2 (v3 alone)
qpwMjJNL.png,line,1,1,1,v1=v2 (v3 alone)
Z9wTjC40.png,page,0,0,1,v1=v2 (v3 alone)
ML8Xiqip.jpg,page,5,5,5,v1=v2 (v3 alone)
yvntpoy9.png,line,2,2,2,v1=v2 (v3 alone)
yjoCQYCw.png,line,2,2,2,v1=v2 (v3 alone)
vyWZjIyU.png,line,6,6,6,v1=v2 (v3 alone)
wCG42W9w.png,line,6,6,6,v1=v2 (v3 alone)
Nq3se1Ox.png,line,6,6,6,v1=v2 (v3 alone)
Pye0QO61.jpg,page,5,5,5,v1=v2 (v3 alone)
48gMlXRq.png,block,5,5,5,v1=v2 (v3 alone)
V2WNVFYg.png,line,1,1,1,v1=v2 (v3 alone)
yGGznWQt.png,line,3,3,3,v1=v2 (v3 alone)
HJRFkhWu.webp,page,4,4,4,v1=v2 (v3 alone)
fJmQsHZ2.jpg,page,5,5,5,v1=v2 (v3 alone)
hkcIa6sl.jpg,page,2,2,2,v1=v2 (v3 alone)
l231HyFQ.png,line,3,3,3,v1=v2 (v3 alone)
CaBDFN2e.jpg,page,0,0,0,v1=v2 (v3 alone)
QssNv1oE.png,line,4,4,4,v1=v2 (v3 alone)
PlrcJU6H.png,line,1,3,3,all differ
ZRD0PMLB.jpg,page,1,1,1,v1=v2 (v3 alone)
K63EPQQq.png,line,6,6,6,v1=v2 (v3 alone)
rAHK0E32.jpg,page,3,3,3,v1=v2 (v3 alone)
rcrdiDBU.png,block,5,5,5,v1=v2 (v3 alone)
xV9ONO3u.png,line,4,4,4,v1=v2 (v3 alone)
G6x2O46A.png,line,1,1,1,v1=v2 (v3 alone)
cO5C004C.png,line,4,4,4,v1=v2 (v3 alone)
3xKp8zpl.jpg,block,6,6,6,v1=v2 (v3 alone)
K6w1B8dc.png,glyph,6,6,6,v1=v2 (v3 alone)
T66EkZDT.png,line,1,1,1,v1=v2 (v3 alone)
fLQ84oD6.jpg,page,1,1,0,v1=v2 (v3 alone)
SBgzmmnt.png,line,1,1,1,v1=v2 (v3 alone)
S1OGzZ64.png,line,6,6,6,v1=v2 (v3 alone)
iYhSzOyi.png,block,2,5,5,all differ
SDARR9F3.png,line,1,2,2,all differ
ooq1TFcW.png,line,2,2,2,v1=v2 (v3 alone)
BvLkM6aL.png,line,3,3,3,v1=v2 (v3 alone)
xEOSklqL.png,line,4,4,4,v1=v2 (v3 alone)
vsk9QtTb.png,line,3,3,3,v1=v2 (v3 alone)
bYN8mgMF.png,line,3,3,3,v1=v2 (v3 alone)
BlFJx9p2.png,line,1,1,0,v1=v2 (v3 alone)
jHWzMZBX.png,block,6,6,6,v1=v2 (v3 alone)
VxtFRGfW.png,line,4,4,4,v1=v2 (v3 alone)
Bd663sGX.png,line,0,0,0,v1=v2 (v3 alone)
DqnWrNtX.png,line,2,2,2,v1=v2 (v3 alone)
JkkPy6AQ.png,line,6,6,6,v1=v2 (v3 alone)
CyWHK8cb.png,line,2,2,2,v1=v2 (v3 alone)
9lfnHqnq.png,line,6,6,6,v1=v2 (v3 alone)
k6yv0IDG.png,page,6,6,6,v1=v2 (v3 alone)
X5ay6OdE.png,line,1,0,0,all differ
wKwx8cCl.jpg,page,5,5,2,v1=v2 (v3 alone)
FycvTEy1.png,line,1,1,1,v1=v2 (v3 alone)
i8bGpRKt.png,line,6,6,6,v1=v2 (v3 alone)
Uvfd1mdN.png,line,0,0,0,v1=v2 (v3 alone)
D0ZuPqP9.png,line,1,4,2,all differ
XHYDtihP.jpg,page,1,0,0,all differ
H8XMLMoN.png,block,2,2,2,v1=v2 (v3 alone)
StrB0qdK.png,line,5,2,5,v1=v3 (v2 alone)
Dhc3vAQj.jpg,page,0,0,0,v1=v2 (v3 alone)
EgmLlFKZ.png,line,5,5,5,v1=v2 (v3 alone)
yAkija0y.png,line,0,0,0,v1=v2 (v3 alone)
SGrqxQ9u.png,line,6,6,6,v1=v2 (v3 alone)
iQGZLiZl.png,line,3,3,3,v1=v2 (v3 alone)
CMo54J89.jpg,page,1,1,0,v1=v2 (v3 alone)
arezgmsE.png,line,1,1,1,v1=v2 (v3 alone)
1XZHKujf.png,line,3,3,3,v1=v2 (v3 alone)
4nHzJCWR.png,line,1,1,1,v1=v2 (v3 alone)
8axHGxnX.jpg,block,1,1,1,v1=v2 (v3 alone)
LoxzO9bz.png,page,0,0,0,v1=v2 (v3 alone)
hND1kQVy.png,line,1,1,1,v1=v2 (v3 alone)
hGcwwDiR.png,block,3,3,3,v1=v2 (v3 alone)
t87RBrU5.png,line,3,0,0,all differ
fyQWaVK3.png,line,3,3,3,v1=v2 (v3 alone)
nmtWWO8J.png,line,1,1,1,v1=v2 (v3 alone)
FHx7Z7Pt.png,line,3,3,3,v1=v2 (v3 alone)
CybNCann.png,line,1,1,1,v1=v2 (v3 alone)
zAe4xcKI.png,block,5,5,5,v1=v2 (v3 alone)
76EpQXpN.png,line,1,1,1,v1=v2 (v3 alone)
mqFxina4.png,line,3,3,3,v1=v2 (v3 alone)
CFWgyt1V.png,line,1,1,1,v1=v2 (v3 alone)
QEsx1HUL.png,line,3,3,3,v1=v2 (v3 alone)
mNAn6g2p.jpg,page,0,0,0,v1=v2 (v3 alone)
pgv16KNB.png,line,1,1,1,v1=v2 (v3 alone)
hzd4Ktmp.png,line,1,1,1,v1=v2 (v3 alone)
2YSySWcS.jpg,page,0,0,0,v1=v2 (v3 alone)
5DCOY2zY.png,block,6,6,6,v1=v2 (v3 alone)
WAwRYLGo.jpg,page,1,1,0,v1=v2 (v3 alone)
BCm3HwjR.jpg,page,1,6,4,all differ
Sq8qiGnA.png,line,4,4,4,v1=v2 (v3 alone)
wKMxEpHX.png,line,2,2,2,v1=v2 (v3 alone)
B2HKyGTf.png,line,3,3,3,v1=v2 (v3 alone)
WRwiRSHE.png,page,0,0,0,v1=v2 (v3 alone)
8H61GdWM.png,line,0,0,0,v1=v2 (v3 alone)
w7C1zxjQ.png,line,5,5,5,v1=v2 (v3 alone)
